{
"type": "FeatureCollection",
"name": "seongnam_batch",
"crs": { "type": "name", "properties": { "name": "urn:ogc:def:crs:OGC:1.3:CRS84" } },
"features": [
{ "type": "Feature", "properties": { "LINK_ID": "1210031800", "ROAD_NO": "171", "ROAD_NAME": "용인서울고속도로", "MAX_SPD": 60, "LENGTH": 591.28592907142604, "collDate": "2026-08-16 19:04:00.0", "routeId": "1010001711", "routeNm": "용인서울고속도로", "linkId": "1210031800", "startNodeId": "2040022500", "startNodeNm": "속성변화점", "endNodeId": "1220010400", "endNodeNm": "세곡터널북측", "spd": "60", "vol": "7", "trvlTime": "22", "linkDelayTime": "0", "congGrade": "1" }, "geometry": { "type": "LineString", "coordinates": [ [ 127.096286203922105, 37.451878028245766 ], [ 127.096352151818778, 37.452328455955715 ], [ 127.096366934566518, 37.452632399756027 ], [ 127.096356732615632, 37.453139150395742 ], [ 127.096339612104089, 37.453541539605595 ], [ 127.096283817420712, 37.454182283595117 ], [ 127.096198154446952, 37.454813982211434 ], [ 127.096075416843078, 37.455385932261855 ], [ 127.095945406786996, 37.455919103950436 ], [ 127.095766605614003, 37.456484899210707 ], [ 127.095539217051694, 37.457136052802809 ] ] } },
{ "type": "Feature", "properties": { "LINK_ID": "1210177500", "ROAD_NO": "1", "ROAD_NAME": "경부고속도로", "MAX_SPD": 110, "LENGTH": 612.05602946403599, "collDate": "2026-08-16 18:54:44.0", "routeId": "1010000011", "routeNm": "경부고속도로", "linkId": "1210177500", "startNodeId": "1210085500", "startNodeNm": "서초구-성남시수정구", "endNodeId": "1210000302", "endNodeNm": "원지동489-2", "spd": "99", "vol": "0", "trvlTime": "23", "linkDelayTime": "0", "congGrade": "1" }, "geometry": { "type": "LineString", "coordinates": [ [ 127.069666535624179, 37.430644465428493 ], [ 127.065303673918535, 37.434923232374899 ] ] } },
{ "type": "Feature", "properties": { "LINK_ID": "1220005801", "ROAD_NO": "23", "ROAD_NAME": "밤고개로", "MAX_SPD": 50, "LENGTH": 166.947211150382, "collDate": "2026-08-16 19:00:00.0", "routeId": "1050000234", "routeNm": "밤고개로/대왕판교로/신수로", "linkId": "1220005801", "startNodeId": "1220010500", "startNodeNm": "세곡동130-2", "endNodeId": "2040015700", "endNodeNm": "강남구-성남시수정구", "spd": "36", "vol": "0", "trvlTime": "17", "linkDelayTime": "0", "congGrade": "2" }, "geometry": { "type": "LineString", "coordinates": [ [ 127.108051409816255, 37.46371573408134 ], [ 127.10785589500972, 37.462219617048063 ] ] } },
{ "type": "Feature", "properties": { "LINK_ID": "1220005901", "ROAD_NO": "23", "ROAD_NAME": "밤고개로", "MAX_SPD": 50, "LENGTH": 166.87675591075001, "collDate": "2026-08-16 19:00:00.0", "routeId": "1050000234", "routeNm": "밤고개로/대왕판교로/신수로", "linkId": "1220005901", "startNodeId": "2040015700", "startNodeNm": "강남구-성남시수정구", "endNodeId": "1220010600", "endNodeNm": "세곡동130-2", "spd": "34", "vol": "0", "trvlTime": "18", "linkDelayTime": "0", "congGrade": "2" }, "geometry": { "type": "LineString", "coordinates": [ [ 127.107990783802379, 37.46220845807877 ], [ 127.108186240064924, 37.463703941725086 ] ] } },
{ "type": "Feature", "properties": { "LINK_ID": "1230039400", "ROAD_NO": "3", "ROAD_NAME": "성남대로", "MAX_SPD": 50, "LENGTH": 129.39371088432301, "collDate": "2026-08-16 19:00:00.0", "routeId": "1030000031", "routeNm": "국도 3호선(이천~서울)", "linkId": "1230039400", "startNodeId": "2040003200", "startNodeNm": "송파구-성남시수정구", "endNodeId": "1230011700", "endNodeNm": "화훼마을", "spd": "32", "vol": "0", "trvlTime": "15", "linkDelayTime": "0", "congGrade": "2" }, "geometry": { "type": "LineString", "coordinates": [ [ 127.126607986234873, 37.468323656031735 ], [ 127.126694382712031, 37.469487470132002 ] ] } },
{ "type": "Feature", "properties": { "LINK_ID": "1230039500", "ROAD_NO": "3", "ROAD_NAME": "성남대로", "MAX_SPD": 50, "LENGTH": 129.33942415530501, "collDate": "2026-08-16 19:00:00.0", "routeId": "1030000031", "routeNm": "국도 3호선(이천~서울)", "linkId": "1230039500", "startNodeId": "1230011700", "startNodeNm": "화훼마을", "endNodeId": "2040003200", "endNodeNm": "송파구-성남시수정구", "spd": "34", "vol": "0", "trvlTime": "14", "linkDelayTime": "0", "congGrade": "2" }, "geometry": { "type": "LineString", "coordinates": [ [ 127.126558972867258, 37.46949385655067 ], [ 127.126472609695341, 37.468330530860833 ] ] } },
{ "type": "Feature", "properties": { "LINK_ID": "2040000300", "ROAD_NO": "23", "ROAD_NAME": "대왕판교로", "MAX_SPD": 60, "LENGTH": 469.299176011459, "collDate": "2026-08-16 19:00:00.0", "routeId": "1050000234", "routeNm": "밤고개로/대왕판교로/신수로", "linkId": "2040000300", "startNodeId": "2040000400", "startNodeNm": "시흥사거리", "endNodeId": "2040000300", "endNodeNm": "한국인터넷진흥원", "spd": "32", "vol": "0", "trvlTime": "53", "linkDelayTime": "0", "congGrade": "2" }, "geometry": { "type": "LineString", "coordinates": [ [ 127.101989658604978, 37.422122628240622 ], [ 127.102215423339374, 37.420371806010515 ], [ 127.102283611030145, 37.419842931485604 ], [ 127.102293954575515, 37.419679399480231 ], [ 127.102293985314489, 37.41967874351252 ], [ 127.102309799060251, 37.419477243273306 ], [ 127.102309798975668, 37.419477181103119 ], [ 127.102329111033683, 37.419236493451344 ], [ 127.102320891582011, 37.418995775557306 ], [ 127.102288860454152, 37.418732275290019 ], [ 127.102210891590175, 37.418357399319582 ], [ 127.102139799260968, 37.418061180733289 ], [ 127.10209597137127, 37.417923473604503 ] ] } },
{ "type": "Feature", "properties": { "LINK_ID": "2040000400", "ROAD_NO": "23", "ROAD_NAME": "대왕판교로", "MAX_SPD": 60, "LENGTH": 470.47234409304701, "collDate": "2026-08-16 19:00:00.0", "routeId": "1050000234", "routeNm": "밤고개로/대왕판교로/신수로", "linkId": "2040000400", "startNodeId": "2040000300", "startNodeNm": "한국인터넷진흥원", "endNodeId": "2040000400", "endNodeNm": "시흥사거리", "spd": "26", "vol": "0", "trvlTime": "66", "linkDelayTime": "0", "congGrade": "2" }, "geometry": { "type": "LineString", "coordinates": [ [ 127.100569060363938, 37.413873144152916 ], [ 127.100633829528263, 37.414016368965243 ], [ 127.100963392192696, 37.414709149879123 ], [ 127.101275204937622, 37.415340243235796 ], [ 127.101275391830882, 37.415340618800499 ], [ 127.101275548223185, 37.415340993490304 ], [ 127.101275735115223, 37.415341368153982 ], [ 127.10127592313809, 37.415341743717704 ], [ 127.101276079530365, 37.415342118407509 ], [ 127.101276235923891, 37.415342493998331 ], [ 127.101276392316194, 37.415342868688143 ], [ 127.10127654875096, 37.415343274913567 ], [ 127.101276705144457, 37.415343650504383 ], [ 127.101561923460082, 37.416056525140462 ], [ 127.101562079812709, 37.416056868294234 ], [ 127.101562172907222, 37.416057212403366 ], [ 127.101562329261071, 37.416057556458135 ], [ 127.101562455113665, 37.416057899638091 ], [ 127.101562579796465, 37.416058213085464 ], [ 127.101816485810687, 37.416773118679075 ], [ 127.102057017432671, 37.417398399173869 ], [ 127.102057142204146, 37.417398774790819 ], [ 127.102057298603398, 37.417399148578433 ], [ 127.102057423417676, 37.417399555730995 ], [ 127.102171516107177, 37.41772140005034 ], [ 127.102171642008216, 37.417721774765162 ], [ 127.102171766737939, 37.417722118846363 ], [ 127.10217186096574, 37.417722462052922 ], [ 127.102171985696714, 37.417722807035119 ], [ 127.102227370089423, 37.417896876229811 ] ] } },
{ "type": "Feature", "properties": { "LINK_ID": "2040000503", "ROAD_NO": "23", "ROAD_NAME": "대왕판교로", "MAX_SPD": 50, "LENGTH": 117.60573857711999, "collDate": "2026-08-16 19:00:00.0", "routeId": "1050000234", "routeNm": "밤고개로/대왕판교로/신수로", "linkId": "2040000503", "startNodeId": "2040000401", "startNodeNm": "고등동사거리", "endNodeId": "2040000402", "endNodeNm": "시흥동166-3", "spd": "32", "vol": "0", "trvlTime": "14", "linkDelayTime": "0", "congGrade": "2" }, "geometry": { "type": "LineString", "coordinates": [ [ 127.101816966949855, 37.428030428769702 ], [ 127.101828611364397, 37.427919774707618 ], [ 127.101830736585342, 37.427895619320353 ], [ 127.101838360761363, 37.427809868391762 ], [ 127.101838704891492, 37.427807025387331 ], [ 127.101839235438675, 37.427804181321292 ], [ 127.101839954749082, 37.427801400163808 ], [ 127.101951111014372, 37.427421493326158 ], [ 127.101951705008346, 37.427419618698856 ], [ 127.102080142255971, 37.427042743149016 ], [ 127.102095601240123, 37.426997120543071 ] ] } },
{ "type": "Feature", "properties": { "LINK_ID": "2040000504", "ROAD_NO": "23", "ROAD_NAME": "대왕판교로", "MAX_SPD": 60, "LENGTH": 335.854631710381, "collDate": "2026-08-16 19:00:00.0", "routeId": "1050000234", "routeNm": "밤고개로/대왕판교로/신수로", "linkId": "2040000504", "startNodeId": "2040000402", "startNodeNm": "시흥동166-3", "endNodeId": "2040000400", "endNodeNm": "시흥사거리", "spd": "29", "vol": "0", "trvlTime": "42", "linkDelayTime": "0", "congGrade": "2" }, "geometry": { "type": "LineString", "coordinates": [ [ 127.102301431037233, 37.425513959320149 ], [ 127.102286985528139, 37.425351900506726 ], [ 127.102241892152833, 37.425030617867414 ], [ 127.102228860899018, 37.424940493177168 ], [ 127.102228673577983, 37.424938993145489 ], [ 127.102134548114535, 37.424074712402756 ], [ 127.102028642185559, 37.423184181470276 ], [ 127.102028516598907, 37.423183212083842 ], [ 127.101962882995309, 37.422500131151061 ] ] } },
{ "type": "Feature", "properties": { "LINK_ID": "2040000505", "ROAD_NO": "23", "ROAD_NAME": "대왕판교로", "MAX_SPD": 60, "LENGTH": 74.912860291822994, "collDate": "2026-08-16 19:00:00.0", "routeId": "1050000234", "routeNm": "밤고개로/대왕판교로/신수로", "linkId": "2040000505", "startNodeId": "2040000800", "startNodeNm": "고등동315-2", "endNodeId": "2040000403", "endNodeNm": "고등동424-1", "spd": "32", "vol": "0", "trvlTime": "9", "linkDelayTime": "0", "congGrade": "2" }, "geometry": { "type": "LineString", "coordinates": [ [ 127.101880098458565, 37.429985900895119 ], [ 127.10181898569013, 37.42980118049536 ], [ 127.101818204678963, 37.429798461900347 ], [ 127.101817579542725, 37.429795711635478 ], [ 127.101786298870181, 37.429635525227418 ], [ 127.101785953948763, 37.42963361897349 ], [ 127.10175697115136, 37.429439337908192 ], [ 127.101751385951346, 37.42932076437728 ] ] } },
{ "type": "Feature", "properties": { "LINK_ID": "2040000506", "ROAD_NO": "23", "ROAD_NAME": "대왕판교로", "MAX_SPD": 50, "LENGTH": 131.16112154488201, "collDate": "2026-08-16 19:00:00.0", "routeId": "1050000234", "routeNm": "밤고개로/대왕판교로/신수로", "linkId": "2040000506", "startNodeId": "2040000403", "startNodeNm": "고등동424-1", "endNodeId": "2040000401", "endNodeNm": "고등동사거리", "spd": "32", "vol": "0", "trvlTime": "15", "linkDelayTime": "0", "congGrade": "2" }, "geometry": { "type": "LineString", "coordinates": [ [ 127.101751385951346, 37.42932076437728 ], [ 127.101745828813151, 37.429134306543496 ], [ 127.101745829706474, 37.429132462161782 ], [ 127.10174589270008, 37.429130587993058 ], [ 127.101792048198803, 37.428310962792466 ], [ 127.1017921114979, 37.428310150020906 ], [ 127.101803829337868, 37.428155338049315 ], [ 127.10180395418466, 37.42815408823158 ], [ 127.101805415942863, 37.428140197090151 ] ] } },
{ "type": "Feature", "properties": { "LINK_ID": "2040000603", "ROAD_NO": "23", "ROAD_NAME": "대왕판교로", "MAX_SPD": 60, "LENGTH": 353.42278645725901, "collDate": "2026-08-16 19:00:00.0", "routeId": "1050000234", "routeNm": "밤고개로/대왕판교로/신수로", "linkId": "2040000603", "startNodeId": "2040000400", "startNodeNm": "시흥사거리", "endNodeId": "2040000402", "endNodeNm": "시흥동166-3", "spd": "31", "vol": "0", "trvlTime": "42", "linkDelayTime": "0", "congGrade": "2" }, "geometry": { "type": "LineString", "coordinates": [ [ 127.102101187659088, 37.422334470402568 ], [ 127.102093673724497, 37.422446368555384 ], [ 127.102163643013412, 37.423174462735673 ], [ 127.102269517381842, 37.424064712457586 ], [ 127.102269548181695, 37.424064930477151 ], [ 127.102269580113756, 37.424065150297757 ], [ 127.102363641954852, 37.424928868753774 ], [ 127.102376611425953, 37.425018306907631 ], [ 127.102376610550152, 37.425018493418953 ], [ 127.102421860888583, 37.425340962510774 ], [ 127.102421891817059, 37.425341274235926 ], [ 127.102421954423278, 37.425341618370233 ], [ 127.102421986439779, 37.425341899459845 ], [ 127.102422017370728, 37.425342212987019 ], [ 127.102422048299189, 37.425342524712164 ], [ 127.102422080358664, 37.42534283733734 ], [ 127.102422111288362, 37.425343149963489 ], [ 127.102436653551905, 37.425506292912019 ] ] } },
{ "type": "Feature", "properties": { "LINK_ID": "2040000604", "ROAD_NO": "23", "ROAD_NAME": "대왕판교로", "MAX_SPD": 50, "LENGTH": 130.845300094717, "collDate": "2026-08-16 19:00:00.0", "routeId": "1050000234", "routeNm": "밤고개로/대왕판교로/신수로", "linkId": "2040000604", "startNodeId": "2040000402", "startNodeNm": "시흥동166-3", "endNodeId": "2040000401", "endNodeNm": "고등동사거리", "spd": "32", "vol": "0", "trvlTime": "15", "linkDelayTime": "0", "congGrade": "2" }, "geometry": { "type": "LineString", "coordinates": [ [ 127.102446270343464, 37.425614175746432 ], [ 127.10245667286469, 37.425730869130774 ], [ 127.102456704966229, 37.425731212390467 ], [ 127.102456735939214, 37.425731556552165 ], [ 127.102456767997751, 37.425731868276301 ], [ 127.102456767294001, 37.425732180929835 ], [ 127.102456798266985, 37.425732525091533 ], [ 127.102456798734778, 37.425732868378631 ], [ 127.102464830241644, 37.425919337715023 ], [ 127.102464829579702, 37.425919681003101 ], [ 127.102464860509812, 37.425919993629201 ], [ 127.102464860977634, 37.425920336916306 ], [ 127.102464860316914, 37.425920681105396 ], [ 127.102464860785958, 37.425921025293512 ], [ 127.102464860124016, 37.425921368581577 ], [ 127.102464860593059, 37.425921712769693 ], [ 127.102464861060881, 37.425922056056798 ], [ 127.102464860398953, 37.425922399344884 ], [ 127.102464830363957, 37.42592274355944 ], [ 127.102464829703237, 37.425923087748522 ], [ 127.10246479853727, 37.425923431063033 ], [ 127.102455173212931, 37.426108618232689 ], [ 127.102455172552155, 37.426108962421765 ], [ 127.102455142474085, 37.426109275100735 ], [ 127.102455111265002, 37.426109586879683 ], [ 127.102455110562488, 37.426109900434227 ], [ 127.102444767068292, 37.426236524816616 ], [ 127.102444735860331, 37.426236837496567 ], [ 127.102444704651148, 37.426237149275508 ], [ 127.102444673444438, 37.426237462856456 ], [ 127.102444642235255, 37.426237774635403 ], [ 127.102444611027309, 37.426238087315362 ], [ 127.102444579819348, 37.426238399995292 ], [ 127.102444548611388, 37.426238712675264 ], [ 127.10244448576826, 37.426239024481603 ], [ 127.102444454561549, 37.42623933806258 ], [ 127.102424454487988, 37.426374899886952 ], [ 127.102424423322844, 37.426375244102452 ], [ 127.102424360522491, 37.426375587444333 ], [ 127.102424298851886, 37.426375930785248 ], [ 127.102424236052755, 37.426376275028154 ], [ 127.102424173252373, 37.42637661837005 ], [ 127.102424110453228, 37.426376962612956 ], [ 127.102424048782666, 37.426377305953849 ], [ 127.102423985940547, 37.426377618661213 ], [ 127.102389174058004, 37.426541243769528 ], [ 127.102389111257324, 37.426541587111394 ], [ 127.102389048414949, 37.426541899818702 ], [ 127.10238898557256, 37.426542212526044 ], [ 127.102388892225875, 37.426542525259777 ], [ 127.102388830512041, 37.426542837065092 ], [ 127.102388736035579, 37.426543149799819 ], [ 127.10238867319319, 37.426543462507141 ], [ 127.102388579846505, 37.426543775240873 ], [ 127.102388485368806, 37.426544087074582 ], [ 127.102388392023371, 37.426544400709332 ], [ 127.102388298675436, 37.426544712542061 ], [ 127.102317496809974, 37.426782270375142 ] ] } },
{ "type": "Feature", "properties": { "LINK_ID": "2040000605", "ROAD_NO": "23", "ROAD_NAME": "대왕판교로", "MAX_SPD": 50, "LENGTH": 131.80156007981401, "collDate": "2026-08-16 19:00:00.0", "routeId": "1050000234", "routeNm": "밤고개로/대왕판교로/신수로", "linkId": "2040000605", "startNodeId": "2040000401", "startNodeNm": "고등동사거리", "endNodeId": "2040000403", "endNodeNm": "고등동424-1", "spd": "32", "vol": "0", "trvlTime": "15", "linkDelayTime": "0", "congGrade": "2" }, "geometry": { "type": "LineString", "coordinates": [ [ 127.101942329814108, 37.428131904580368 ], [ 127.101939110558519, 37.428162493573687 ], [ 127.101927454825528, 37.428316243206055 ], [ 127.101881454754377, 37.429133586949945 ], [ 127.101886947739501, 37.429318194808864 ] ] } },
{ "type": "Feature", "properties": { "LINK_ID": "2040000606", "ROAD_NO": "23", "ROAD_NAME": "대왕판교로", "MAX_SPD": 50, "LENGTH": 59.459215251937998, "collDate": "2026-08-16 19:00:00.0", "routeId": "1050000234", "routeNm": "밤고개로/대왕판교로/신수로", "linkId": "2040000606", "startNodeId": "2040000403", "startNodeNm": "고등동424-1", "endNodeId": "2040000800", "endNodeNm": "고등동315-2", "spd": "32", "vol": "0", "trvlTime": "7", "linkDelayTime": "0", "congGrade": "2" }, "geometry": { "type": "LineString", "coordinates": [ [ 127.101891583615682, 37.429426566661256 ], [ 127.101920454755117, 37.429619868901767 ], [ 127.101950986101315, 37.4297763374258 ], [ 127.102020160556918, 37.429950527831295 ] ] } },
{ "type": "Feature", "properties": { "LINK_ID": "2040001901", "ROAD_NO": "3", "ROAD_NAME": "성남대로", "MAX_SPD": 60, "LENGTH": 330.24063099893198, "collDate": "2026-08-16 19:00:00.0", "routeId": "1030000031", "routeNm": "국도 3호선(이천~서울)", "linkId": "2040001901", "startNodeId": "2040002000", "startNodeNm": "태평역사거리", "endNodeId": "2040001600", "endNodeNm": "모란사거리", "spd": "20", "vol": "0", "trvlTime": "60", "linkDelayTime": "0", "congGrade": "3" }, "geometry": { "type": "LineString", "coordinates": [ [ 127.127733863973887, 37.439666867106787 ], [ 127.127790923645065, 37.439340743825156 ], [ 127.127790985210211, 37.439340400471949 ], [ 127.127944424092945, 37.438501305842969 ], [ 127.127944455466647, 37.438501149933444 ], [ 127.128100642084675, 37.437664525297009 ], [ 127.128248830004495, 37.43681943136518 ], [ 127.128248861375354, 37.436819274554487 ], [ 127.128266321381943, 37.43672182046749 ] ] } },
{ "type": "Feature", "properties": { "LINK_ID": "2040002001", "ROAD_NO": "3", "ROAD_NAME": "성남대로", "MAX_SPD": 60, "LENGTH": 328.33144661788998, "collDate": "2026-08-16 19:00:00.0", "routeId": "1030000031", "routeNm": "국도 3호선(이천~서울)", "linkId": "2040002001", "startNodeId": "2040001600", "startNodeNm": "모란사거리", "endNodeId": "2040002000", "endNodeNm": "태평역사거리", "spd": "23", "vol": "0", "trvlTime": "52", "linkDelayTime": "0", "congGrade": "3" }, "geometry": { "type": "LineString", "coordinates": [ [ 127.128887800848148, 37.433804475830009 ], [ 127.128678455179156, 37.435098900073847 ], [ 127.128533860879017, 37.435992994396763 ], [ 127.128533829506026, 37.435993149405505 ], [ 127.128533799212079, 37.435993274679568 ], [ 127.128533767842157, 37.435993431490346 ], [ 127.128533735286851, 37.435993555865871 ], [ 127.128533735554953, 37.435993712642237 ], [ 127.128462017022386, 37.436393962128619 ], [ 127.128400549875579, 37.436737109123413 ] ] } },
{ "type": "Feature", "properties": { "LINK_ID": "2040002301", "ROAD_NO": "3", "ROAD_NAME": "성남대로", "MAX_SPD": 60, "LENGTH": 463.05569064024201, "collDate": "2026-08-16 19:00:00.0", "routeId": "1030000031", "routeNm": "국도 3호선(이천~서울)", "linkId": "2040002301", "startNodeId": "2040002200", "startNodeNm": "태평고개사거리", "endNodeId": "2040002000", "endNodeNm": "태평역사거리", "spd": "19", "vol": "0", "trvlTime": "88", "linkDelayTime": "0", "congGrade": "3" }, "geometry": { "type": "LineString", "coordinates": [ [ 127.126937640422042, 37.443905305091029 ], [ 127.126940111032852, 37.443875805999028 ], [ 127.126940423065491, 37.443873212545249 ], [ 127.126940861663499, 37.443870618955557 ], [ 127.127009641893551, 37.443537525730974 ], [ 127.127168298220639, 37.442699025360135 ], [ 127.127283423125903, 37.442056931419017 ], [ 127.127284924247292, 37.442048525140159 ], [ 127.127284924193873, 37.44204849360473 ], [ 127.127319299090601, 37.441856181907774 ], [ 127.127319391822596, 37.441855556503867 ], [ 127.127413173566566, 37.441371869270199 ], [ 127.127481299082106, 37.441020430781876 ], [ 127.12764314296497, 37.440184024449202 ], [ 127.127714131089405, 37.439779501810214 ] ] } },
{ "type": "Feature", "properties": { "LINK_ID": "2040002401", "ROAD_NO": "3", "ROAD_NAME": "성남대로", "MAX_SPD": 60, "LENGTH": 459.08126899773299, "collDate": "2026-08-16 19:00:00.0", "routeId": "1030000031", "routeNm": "국도 3호선(이천~서울)", "linkId": "2040002401", "startNodeId": "2040002000", "startNodeNm": "태평역사거리", "endNodeId": "2040002200", "endNodeNm": "태평고개사거리", "spd": "38", "vol": "0", "trvlTime": "44", "linkDelayTime": "0", "congGrade": "2" }, "geometry": { "type": "LineString", "coordinates": [ [ 127.127843551805469, 37.43982219858556 ], [ 127.127777360446018, 37.440199368773847 ], [ 127.127777329124882, 37.440199556218744 ], [ 127.127777297803746, 37.440199743663669 ], [ 127.127777267612601, 37.440199931107358 ], [ 127.127777204651665, 37.440200118586482 ], [ 127.127615329017246, 37.441036931491134 ], [ 127.127547205240987, 37.441388368251367 ], [ 127.127453485961993, 37.441871743771024 ], [ 127.127419173129738, 37.442063805858339 ], [ 127.12741767320658, 37.442072243673074 ], [ 127.127302516972392, 37.442714525187135 ], [ 127.127302485597141, 37.442714681997415 ], [ 127.127302455296956, 37.442714806370013 ], [ 127.127302423868272, 37.442714931644858 ], [ 127.127143642313655, 37.443554025194388 ], [ 127.127143610989577, 37.443554212639029 ], [ 127.12714357961211, 37.443554368548234 ], [ 127.127143548288018, 37.443554555992883 ], [ 127.127143516963926, 37.443554743437524 ], [ 127.127075204792121, 37.44388561883963 ], [ 127.12707295245113, 37.443912509442811 ] ] } },
{ "type": "Feature", "properties": { "LINK_ID": "2040002701", "ROAD_NO": "3", "ROAD_NAME": "성남대로", "MAX_SPD": 60, "LENGTH": 431.53210951124601, "collDate": "2026-08-16 19:00:00.0", "routeId": "1030000031", "routeNm": "국도 3호선(이천~서울)", "linkId": "2040002701", "startNodeId": "2040002600", "startNodeNm": "성남병원앞삼거리", "endNodeId": "2040002200", "endNodeNm": "태평고개사거리", "spd": "39", "vol": "0", "trvlTime": "40", "linkDelayTime": "0", "congGrade": "2" }, "geometry": { "type": "LineString", "coordinates": [ [ 127.126649345965717, 37.44789971480985 ], [ 127.126671485956919, 37.447510306521089 ], [ 127.126683392957418, 37.447097588082833 ], [ 127.126683548897603, 37.44709489929101 ], [ 127.126683892490021, 37.447092243635531 ], [ 127.126684392035756, 37.447089587812933 ], [ 127.126700579527551, 37.447015180972869 ], [ 127.126761486224183, 37.446179993088755 ], [ 127.126761486066073, 37.446179899383495 ], [ 127.126806923178719, 37.445579836709157 ], [ 127.126829080408172, 37.445287181644964 ], [ 127.126896642892277, 37.444393930367788 ], [ 127.126896673954093, 37.444393587048069 ], [ 127.126928129943437, 37.444018718738896 ] ] } },
{ "type": "Feature", "properties": { "LINK_ID": "2040002801", "ROAD_NO": "3", "ROAD_NAME": "성남대로", "MAX_SPD": 60, "LENGTH": 431.27170378504297, "collDate": "2026-08-16 19:00:00.0", "routeId": "1030000031", "routeNm": "국도 3호선(이천~서울)", "linkId": "2040002801", "startNodeId": "2040002200", "startNodeNm": "태평고개사거리", "endNodeId": "2040002600", "endNodeNm": "성남병원앞삼거리", "spd": "52", "vol": "0", "trvlTime": "30", "linkDelayTime": "0", "congGrade": "1" }, "geometry": { "type": "LineString", "coordinates": [ [ 127.127063440791773, 37.444025936731236 ], [ 127.127031985480812, 37.444400649807847 ], [ 127.126964423150341, 37.44529371194708 ], [ 127.126942266449333, 37.445586368837375 ], [ 127.126896860766465, 37.446186336922068 ], [ 127.126835735797926, 37.447024556118031 ], [ 127.126818860999606, 37.447104118412852 ], [ 127.126806986189607, 37.447514712239197 ], [ 127.12678484203191, 37.447904611637561 ] ] } },
{ "type": "Feature", "properties": { "LINK_ID": "2040003701", "ROAD_NO": "100", "ROAD_NAME": "수도권제1순환고속도로", "MAX_SPD": 100, "LENGTH": 431.40826529167703, "collDate": "2026-08-16 19:05:01.0", "routeId": "1010001001", "routeNm": "수도권 제1순환고속도로", "linkId": "2040003701", "startNodeId": "2040001901", "startNodeNm": "성남TG", "endNodeId": "1230000400", "endNodeNm": "송파IC", "spd": "96", "vol": "57", "trvlTime": "17", "linkDelayTime": "0", "congGrade": "1" }, "geometry": { "type": "LineString", "coordinates": [ [ 127.123301898231389, 37.435184484304415 ], [ 127.122787454946035, 37.438405868983274 ], [ 127.122739329013953, 37.438927181347971 ], [ 127.122742712498791, 37.439044079626427 ] ] } },
{ "type": "Feature", "properties": { "LINK_ID": "2040003901", "ROAD_NO": "3", "ROAD_NAME": "성남대로", "MAX_SPD": 60, "LENGTH": 333.96367112176699, "collDate": "2026-08-16 19:00:00.0", "routeId": "1030000031", "routeNm": "국도 3호선(이천~서울)", "linkId": "2040003901", "startNodeId": "2040002601", "startNodeNm": "지구촌하나로교회", "endNodeId": "2040002600", "endNodeNm": "성남병원앞삼거리", "spd": "29", "vol": "0", "trvlTime": "42", "linkDelayTime": "0", "congGrade": "2" }, "geometry": { "type": "LineString", "coordinates": [ [ 127.126475324804801, 37.454025100554965 ], [ 127.126496892291101, 37.452810149346753 ], [ 127.126496954713147, 37.452808962646138 ], [ 127.126551517576956, 37.451606056578129 ], [ 127.126570443394513, 37.451017150035156 ] ] } },
{ "type": "Feature", "properties": { "LINK_ID": "2040003902", "ROAD_NO": "3", "ROAD_NAME": "성남대로", "MAX_SPD": 60, "LENGTH": 226.30094583850499, "collDate": "2026-08-16 19:00:00.0", "routeId": "1030000031", "routeNm": "국도 3호선(이천~서울)", "linkId": "2040003902", "startNodeId": "2040002602", "startNodeNm": "SK주유소경원셀프", "endNodeId": "2040002601", "endNodeNm": "지구촌하나로교회", "spd": "29", "vol": "0", "trvlTime": "29", "linkDelayTime": "0", "congGrade": "2" }, "geometry": { "type": "LineString", "coordinates": [ [ 127.126349894038086, 37.456163679518596 ], [ 127.126443048446859, 37.45583827491938 ], [ 127.126468329722186, 37.454418806435058 ], [ 127.126473404521874, 37.45413321975068 ] ] } },
{ "type": "Feature", "properties": { "LINK_ID": "2040003903", "ROAD_NO": "3", "ROAD_NAME": "성남대로", "MAX_SPD": 60, "LENGTH": 380.71947427001697, "collDate": "2026-08-16 19:00:00.0", "routeId": "1030000031", "routeNm": "국도 3호선(이천~서울)", "linkId": "2040003903", "startNodeId": "2040003003", "startNodeNm": "복정2교", "endNodeId": "2040002602", "endNodeNm": "SK주유소경원셀프", "spd": "29", "vol": "0", "trvlTime": "48", "linkDelayTime": "0", "congGrade": "2" }, "geometry": { "type": "LineString", "coordinates": [ [ 127.125906489313095, 37.459656321008737 ], [ 127.125840142708995, 37.457952150517372 ], [ 127.125840142599046, 37.457948712255771 ], [ 127.125840423872489, 37.457945243060102 ], [ 127.125840985557559, 37.457941837537724 ], [ 127.125841829806006, 37.457938430813435 ], [ 127.126319509521991, 37.456269818543902 ] ] } },
{ "type": "Feature", "properties": { "LINK_ID": "2040003905", "ROAD_NO": "3", "ROAD_NAME": "성남대로", "MAX_SPD": 60, "LENGTH": 320.31094009062002, "collDate": "2026-08-16 19:00:00.0", "routeId": "1030000031", "routeNm": "국도 3호선(이천~서울)", "linkId": "2040003905", "startNodeId": "2040003001", "startNodeNm": "복정동행정복지센터", "endNodeId": "2040003002", "endNodeNm": "한국경제행정연구원", "spd": "33", "vol": "0", "trvlTime": "35", "linkDelayTime": "0", "congGrade": "2" }, "geometry": { "type": "LineString", "coordinates": [ [ 127.126233832188305, 37.465540992400733 ], [ 127.126053642692568, 37.463435368524785 ], [ 127.126053517257574, 37.463433368413831 ], [ 127.12602342336524, 37.462660225546699 ] ] } },
{ "type": "Feature", "properties": { "LINK_ID": "2040003906", "ROAD_NO": "3", "ROAD_NAME": "성남대로", "MAX_SPD": 60, "LENGTH": 205.54762398358201, "collDate": "2026-08-16 19:00:00.0", "routeId": "1030000031", "routeNm": "국도 3호선(이천~서울)", "linkId": "2040003906", "startNodeId": "2040003000", "startNodeNm": "복정3교", "endNodeId": "2040003001", "endNodeNm": "복정동행정복지센터", "spd": "33", "vol": "0", "trvlTime": "23", "linkDelayTime": "0", "congGrade": "2" }, "geometry": { "type": "LineString", "coordinates": [ [ 127.126401288718924, 37.467497824367392 ], [ 127.126397955193937, 37.467458931344659 ], [ 127.126243170181382, 37.465650113405616 ] ] } },
{ "type": "Feature", "properties": { "LINK_ID": "2040004001", "ROAD_NO": "3", "ROAD_NAME": "성남대로", "MAX_SPD": 60, "LENGTH": 333.826105203488, "collDate": "2026-08-16 19:00:00.0", "routeId": "1030000031", "routeNm": "국도 3호선(이천~서울)", "linkId": "2040004001", "startNodeId": "2040002600", "startNodeNm": "성남병원앞삼거리", "endNodeId": "2040002601", "endNodeNm": "지구촌하나로교회", "spd": "31", "vol": "0", "trvlTime": "39", "linkDelayTime": "0", "congGrade": "2" }, "geometry": { "type": "LineString", "coordinates": [ [ 127.126779856624097, 37.448012696515917 ], [ 127.126757267049683, 37.448878993663541 ], [ 127.126739642531774, 37.449789900060161 ], [ 127.126739611362211, 37.449790181209714 ], [ 127.126716392541312, 37.450697274968057 ], [ 127.126716360241147, 37.450697556118762 ], [ 127.126706005151775, 37.451019918888221 ] ] } },
{ "type": "Feature", "properties": { "LINK_ID": "2040004002", "ROAD_NO": "3", "ROAD_NAME": "성남대로", "MAX_SPD": 60, "LENGTH": 228.82829558458999, "collDate": "2026-08-16 19:00:00.0", "routeId": "1030000031", "routeNm": "국도 3호선(이천~서울)", "linkId": "2040004002", "startNodeId": "2040002601", "startNodeNm": "지구촌하나로교회", "endNodeId": "2040002602", "endNodeNm": "SK주유소경원셀프", "spd": "31", "vol": "0", "trvlTime": "27", "linkDelayTime": "0", "congGrade": "2" }, "geometry": { "type": "LineString", "coordinates": [ [ 127.126609029205312, 37.454134751344768 ], [ 127.126603953971966, 37.454420337107642 ], [ 127.126578579787704, 37.45584552534423 ], [ 127.126578548063392, 37.455846149779731 ], [ 127.126578517470861, 37.455846775115027 ], [ 127.126578485799683, 37.455847431085907 ], [ 127.126578455205632, 37.455848055520192 ], [ 127.12657839183646, 37.45584868089059 ], [ 127.126578329597507, 37.455849306259815 ], [ 127.126578267357033, 37.455849930727993 ], [ 127.126578173471685, 37.455850556131075 ], [ 127.126578079584846, 37.455851180633147 ], [ 127.12657798569947, 37.455851806036257 ], [ 127.126577891814136, 37.455852431439325 ], [ 127.126577767411106, 37.455853055974089 ], [ 127.126577641879351, 37.455853681411071 ], [ 127.126577517476335, 37.455854305945856 ], [ 127.126577360298171, 37.455854931416724 ], [ 127.12657720537895, 37.455855555984172 ], [ 127.126577048200801, 37.45585618145504 ], [ 127.12657686045182, 37.455856774522218 ], [ 127.126482141049038, 37.4561877391995 ] ] } },
{ "type": "Feature", "properties": { "LINK_ID": "2040004003", "ROAD_NO": "3", "ROAD_NAME": "성남대로", "MAX_SPD": 60, "LENGTH": 374.65940021760099, "collDate": "2026-08-16 19:00:00.0", "routeId": "1030000031", "routeNm": "국도 3호선(이천~서울)", "linkId": "2040004003", "startNodeId": "2040002602", "startNodeNm": "SK주유소경원셀프", "endNodeId": "2040003003", "endNodeNm": "복정2교", "spd": "31", "vol": "0", "trvlTime": "44", "linkDelayTime": "0", "congGrade": "2" }, "geometry": { "type": "LineString", "coordinates": [ [ 127.126451760545294, 37.456293878320665 ], [ 127.125975985886527, 37.457955744088146 ], [ 127.126041005369004, 37.459626066560858 ] ] } },
{ "type": "Feature", "properties": { "LINK_ID": "2040004004", "ROAD_NO": "3", "ROAD_NAME": "성남대로", "MAX_SPD": 60, "LENGTH": 249.95086408830801, "collDate": "2026-08-16 19:00:00.0", "routeId": "1030000031", "routeNm": "국도 3호선(이천~서울)", "linkId": "2040004004", "startNodeId": "2040003003", "startNodeNm": "복정2교", "endNodeId": "2040003002", "endNodeNm": "한국경제행정연구원", "spd": "56", "vol": "0", "trvlTime": "17", "linkDelayTime": "0", "congGrade": "1" }, "geometry": { "type": "LineString", "coordinates": [ [ 127.12604524580621, 37.459734999291186 ], [ 127.126132873209286, 37.461985999869768 ] ] } },
{ "type": "Feature", "properties": { "LINK_ID": "2040004005", "ROAD_NO": "3", "ROAD_NAME": "성남대로", "MAX_SPD": 60, "LENGTH": 382.34555999920502, "collDate": "2026-08-16 19:00:00.0", "routeId": "1030000031", "routeNm": "국도 3호선(이천~서울)", "linkId": "2040004005", "startNodeId": "2040003002", "startNodeNm": "한국경제행정연구원", "endNodeId": "2040003001", "endNodeNm": "복정동행정복지센터", "spd": "56", "vol": "0", "trvlTime": "25", "linkDelayTime": "0", "congGrade": "1" }, "geometry": { "type": "LineString", "coordinates": [ [ 127.126137085158334, 37.462094195023667 ], [ 127.126158989748262, 37.462656872303405 ], [ 127.126189048385825, 37.463428993519166 ], [ 127.126369176375476, 37.465533633391374 ] ] } },
{ "type": "Feature", "properties": { "LINK_ID": "2040004006", "ROAD_NO": "3", "ROAD_NAME": "성남대로", "MAX_SPD": 60, "LENGTH": 207.86047759105799, "collDate": "2026-08-16 19:00:00.0", "routeId": "1030000031", "routeNm": "국도 3호선(이천~서울)", "linkId": "2040004006", "startNodeId": "2040003001", "startNodeNm": "복정동행정복지센터", "endNodeId": "2040003000", "endNodeNm": "복정3교", "spd": "56", "vol": "0", "trvlTime": "14", "linkDelayTime": "0", "congGrade": "1" }, "geometry": { "type": "LineString", "coordinates": [ [ 127.126378515095652, 37.465642755019623 ], [ 127.126533298604173, 37.46745155678942 ], [ 127.126538415628914, 37.467511256550111 ] ] } },
{ "type": "Feature", "properties": { "LINK_ID": "2040004900", "ROAD_NO": "3", "ROAD_NAME": "성남대로", "MAX_SPD": 60, "LENGTH": 80.382499382728994, "collDate": "2026-08-16 19:00:00.0", "routeId": "1030000031", "routeNm": "국도 3호선(이천~서울)", "linkId": "2040004900", "startNodeId": "2040003200", "startNodeNm": "송파구-성남시수정구", "endNodeId": "2040003000", "endNodeNm": "복정3교", "spd": "34", "vol": "0", "trvlTime": "9", "linkDelayTime": "0", "congGrade": "2" }, "geometry": { "type": "LineString", "coordinates": [ [ 127.126472609695341, 37.468330530860833 ], [ 127.126410725095695, 37.467607958441292 ] ] } },
{ "type": "Feature", "properties": { "LINK_ID": "2040005000", "ROAD_NO": "3", "ROAD_NAME": "성남대로", "MAX_SPD": 60, "LENGTH": 78.195104070813997, "collDate": "2026-08-16 19:00:00.0", "routeId": "1030000031", "routeNm": "국도 3호선(이천~서울)", "linkId": "2040005000", "startNodeId": "2040003000", "startNodeNm": "복정3교", "endNodeId": "2040003200", "endNodeNm": "송파구-성남시수정구", "spd": "32", "vol": "0", "trvlTime": "9", "linkDelayTime": "0", "congGrade": "2" }, "geometry": { "type": "LineString", "coordinates": [ [ 127.126547794997421, 37.467620745987759 ], [ 127.126607986234873, 37.468323656031735 ] ] } },
{ "type": "Feature", "properties": { "LINK_ID": "2040008300", "ROAD_NO": "51", "ROAD_NAME": "분당내곡간도시고속화도로", "MAX_SPD": 60, "LENGTH": 428.48789666369902, "collDate": "2026-08-16 19:00:00.0", "routeId": "1020000501", "routeNm": "분당내곡로", "linkId": "2040008300", "startNodeId": "2040000400", "startNodeNm": "시흥사거리", "endNodeId": "2040005100", "endNodeNm": "시흥지하차도", "spd": "45", "vol": "0", "trvlTime": "35", "linkDelayTime": "0", "congGrade": "2" }, "geometry": { "type": "LineString", "coordinates": [ [ 127.101962882995309, 37.422500131151061 ], [ 127.101799340870926, 37.422633982677461 ], [ 127.101113419660663, 37.423066369590288 ], [ 127.100127394864288, 37.423732455271718 ], [ 127.098795777835008, 37.424377937308712 ], [ 127.098223362957981, 37.424527162180922 ], [ 127.097944574605179, 37.42454297638168 ] ] } },
{ "type": "Feature", "properties": { "LINK_ID": "2040008400", "ROAD_NO": "51", "ROAD_NAME": "분당내곡간도시고속화도로", "MAX_SPD": 60, "LENGTH": 436.21375511887499, "collDate": "2026-08-16 19:00:00.0", "routeId": "1020000501", "routeNm": "분당내곡로", "linkId": "2040008400", "startNodeId": "2040005100", "startNodeNm": "시흥지하차도", "endNodeId": "2040000400", "endNodeNm": "시흥사거리", "spd": "14", "vol": "0", "trvlTime": "113", "linkDelayTime": "0", "congGrade": "3" }, "geometry": { "type": "LineString", "coordinates": [ [ 127.097892119988401, 37.424444107653493 ], [ 127.098139107875639, 37.424321630260977 ], [ 127.098681725696608, 37.424180144832967 ], [ 127.099968390711311, 37.423556499496357 ], [ 127.100941677070111, 37.422898992874217 ], [ 127.101617412889752, 37.42247303455094 ], [ 127.101913255696687, 37.422230912281996 ] ] } },
{ "type": "Feature", "properties": { "LINK_ID": "2040008800", "ROAD_NO": "51", "ROAD_NAME": "분당내곡간도시고속화도로", "MAX_SPD": 80, "LENGTH": 710.32738007652404, "collDate": "2026-08-16 19:00:00.0", "routeId": "1020000501", "routeNm": "분당내곡로", "linkId": "2040008800", "startNodeId": "2040006300", "startNodeNm": "내곡터널", "endNodeId": "2040005100", "endNodeNm": "시흥지하차도", "spd": "80", "vol": "0", "trvlTime": "32", "linkDelayTime": "0", "congGrade": "1" }, "geometry": { "type": "LineString", "coordinates": [ [ 127.076723439110765, 37.437604934175411 ], [ 127.076820861013616, 37.43735468090054 ], [ 127.07691470393371, 37.437131993358342 ], [ 127.077151392034366, 37.436672868990684 ], [ 127.077636829510666, 37.435928587032429 ], [ 127.078157392651377, 37.4351629617368 ], [ 127.078849829568568, 37.434352556169003 ], [ 127.079271642294373, 37.433909181419139 ], [ 127.079818954440057, 37.433376681146349 ], [ 127.08049689198505, 37.432798118667677 ], [ 127.080718579132267, 37.432593400780959 ], [ 127.081014172885517, 37.432398337589269 ], [ 127.081106411203592, 37.432326212403737 ] ] } },
{ "type": "Feature", "properties": { "LINK_ID": "2040008900", "ROAD_NO": "51", "ROAD_NAME": "분당내곡간도시고속화도로", "MAX_SPD": 80, "LENGTH": 771.19347485565004, "collDate": "2026-08-16 19:00:00.0", "routeId": "1020000501", "routeNm": "분당내곡로", "linkId": "2040008900", "startNodeId": "2040005100", "startNodeNm": "시흥지하차도", "endNodeId": "2040006300", "endNodeNm": "내곡터널", "spd": "74", "vol": "0", "trvlTime": "38", "linkDelayTime": "0", "congGrade": "1" }, "geometry": { "type": "LineString", "coordinates": [ [ 127.097944574605179, 37.42454297638168 ], [ 127.097890235597717, 37.424564618252163 ], [ 127.09620192354285, 37.42533677404073 ], [ 127.095685235592256, 37.425570868591016 ], [ 127.095281798717835, 37.425753837839373 ], [ 127.094299423098079, 37.426199118930889 ], [ 127.093163360469362, 37.426685430937702 ], [ 127.091764111031779, 37.427300399981675 ], [ 127.090554047779705, 37.427813806302446 ], [ 127.090327275134413, 37.427915017471655 ] ] } },
{ "type": "Feature", "properties": { "LINK_ID": "2040009200", "ROAD_NO": "23", "ROAD_NAME": "대왕판교로", "MAX_SPD": 60, "LENGTH": 364.66559072960399, "collDate": "2026-08-16 19:00:00.0", "routeId": "1050000234", "routeNm": "밤고개로/대왕판교로/신수로", "linkId": "2040009200", "startNodeId": "2040006100", "startNodeNm": "대왕판교로지하차도", "endNodeId": "2040000800", "endNodeNm": "고등동315-2", "spd": "36", "vol": "0", "trvlTime": "37", "linkDelayTime": "0", "congGrade": "2" }, "geometry": { "type": "LineString", "coordinates": [ [ 127.103719662258101, 37.436506438735847 ], [ 127.103242047923715, 37.433338431424218 ], [ 127.103205703859814, 37.433248092951949 ] ] } },
{ "type": "Feature", "properties": { "LINK_ID": "2040009300", "ROAD_NO": "23", "ROAD_NAME": "대왕판교로", "MAX_SPD": 60, "LENGTH": 367.37327647210799, "collDate": "2026-08-16 19:00:00.0", "routeId": "1050000234", "routeNm": "밤고개로/대왕판교로/신수로", "linkId": "2040009300", "startNodeId": "2040000800", "startNodeNm": "고등동315-2", "endNodeId": "2040006100", "endNodeNm": "대왕판교로지하차도", "spd": "34", "vol": "0", "trvlTime": "39", "linkDelayTime": "0", "congGrade": "2" }, "geometry": { "type": "LineString", "coordinates": [ [ 127.10206558033498, 37.430063513763869 ], [ 127.103334657100518, 37.433215100059897 ] ] } },
{ "type": "Feature", "properties": { "LINK_ID": "2040010000", "ROAD_NO": "23", "ROAD_NAME": "대왕판교로", "MAX_SPD": 80, "LENGTH": 354.53064092007997, "collDate": "2026-08-16 19:00:00.0", "routeId": "1050000234", "routeNm": "밤고개로/대왕판교로/신수로", "linkId": "2040010000", "startNodeId": "2040006500", "startNodeNm": "대왕판교로지하차도", "endNodeId": "2040006100", "endNodeNm": "대왕판교로지하차도", "spd": "36", "vol": "0", "trvlTime": "36", "linkDelayTime": "0", "congGrade": "2" }, "geometry": { "type": "LineString", "coordinates": [ [ 127.103521736253668, 37.439687111377452 ], [ 127.103563056319402, 37.439210189229883 ], [ 127.10365458517191, 37.438467441908116 ], [ 127.103793205195416, 37.4376557524443 ], [ 127.103719662258101, 37.436506438735847 ] ] } },
{ "type": "Feature", "properties": { "LINK_ID": "2040010100", "ROAD_NO": "23", "ROAD_NAME": "대왕판교로", "MAX_SPD": 80, "LENGTH": 356.388254465378, "collDate": "2026-08-16 19:00:00.0", "routeId": "1050000234", "routeNm": "밤고개로/대왕판교로/신수로", "linkId": "2040010100", "startNodeId": "2040006100", "startNodeNm": "대왕판교로지하차도", "endNodeId": "2040006500", "endNodeNm": "대왕판교로지하차도", "spd": "34", "vol": "0", "trvlTime": "38", "linkDelayTime": "0", "congGrade": "2" }, "geometry": { "type": "LineString", "coordinates": [ [ 127.103854702621831, 37.436497231572986 ], [ 127.103929266248954, 37.437660328981345 ], [ 127.103789292639149, 37.438480045133609 ], [ 127.103698196325666, 37.439219205236981 ], [ 127.103657006679711, 37.439694565764839 ] ] } },
{ "type": "Feature", "properties": { "LINK_ID": "2040010200", "ROAD_NO": "51", "ROAD_NAME": "분당내곡간도시고속화도로", "MAX_SPD": 80, "LENGTH": 510.39164923954598, "collDate": "2026-08-16 19:00:00.0", "routeId": "1020000501", "routeNm": "분당내곡로", "linkId": "2040010200", "startNodeId": "2040006800", "startNodeNm": "서초구-성남시수정구", "endNodeId": "2040006300", "endNodeNm": "내곡터널", "spd": "80", "vol": "0", "trvlTime": "23", "linkDelayTime": "0", "congGrade": "1" }, "geometry": { "type": "LineString", "coordinates": [ [ 127.076246987530197, 37.44216830590284 ], [ 127.076215422973263, 37.441853431505976 ], [ 127.076214829483973, 37.441730649698968 ], [ 127.076229985862554, 37.441013836637794 ], [ 127.076259486022394, 37.440421619207079 ], [ 127.076338704491107, 37.439779681328972 ], [ 127.07646636062394, 37.439045743576742 ], [ 127.076548236318843, 37.438619494142642 ], [ 127.076643298004399, 37.438268806032035 ], [ 127.076656641873967, 37.438135962486399 ], [ 127.07663517318646, 37.437968149678234 ], [ 127.076650173450886, 37.437793118609697 ], [ 127.076723439110765, 37.437604934175411 ] ] } },
{ "type": "Feature", "properties": { "LINK_ID": "2040010300", "ROAD_NO": "51", "ROAD_NAME": "분당내곡간도시고속화도로", "MAX_SPD": 80, "LENGTH": 501.32479872334801, "collDate": "2026-08-16 19:00:00.0", "routeId": "1020000501", "routeNm": "분당내곡로", "linkId": "2040010300", "startNodeId": "2040006300", "startNodeNm": "내곡터널", "endNodeId": "2040006800", "endNodeNm": "서초구-성남시수정구", "spd": "79", "vol": "0", "trvlTime": "23", "linkDelayTime": "0", "congGrade": "1" }, "geometry": { "type": "LineString", "coordinates": [ [ 127.076991664634406, 37.437687650461527 ], [ 127.076975329597587, 37.437714993800384 ], [ 127.07692323617313, 37.437829712560614 ], [ 127.07691507962285, 37.437847993164134 ], [ 127.076745642224353, 37.438274118687531 ], [ 127.076650236367755, 37.438624806202078 ], [ 127.076568361214555, 37.439051025071329 ], [ 127.076441048454797, 37.439784961809494 ], [ 127.076361830328295, 37.440427493523913 ], [ 127.076331985750485, 37.441019149869319 ], [ 127.076316830311939, 37.441735931406363 ], [ 127.076317486080256, 37.441855337069988 ], [ 127.076372896354513, 37.442145259549299 ] ] } },
{ "type": "Feature", "properties": { "LINK_ID": "2040011202", "ROAD_NO": "23", "ROAD_NAME": "대왕판교로", "MAX_SPD": 60, "LENGTH": 331.11997718151798, "collDate": "2026-08-16 19:00:00.0", "routeId": "1050000234", "routeNm": "밤고개로/대왕판교로/신수로", "linkId": "2040011202", "startNodeId": "2040006501", "startNodeNm": "서울공항정문사거리", "endNodeId": "2040006500", "endNodeNm": "대왕판교로지하차도", "spd": "36", "vol": "0", "trvlTime": "34", "linkDelayTime": "0", "congGrade": "2" }, "geometry": { "type": "LineString", "coordinates": [ [ 127.104921238923211, 37.448457753668549 ], [ 127.104763736107515, 37.448079493907017 ], [ 127.104548236145035, 37.447555900233731 ], [ 127.10432851792325, 37.447035305713719 ], [ 127.104104548372661, 37.446511742938192 ], [ 127.104036017251616, 37.446353274386709 ], [ 127.103977422808413, 37.446172431180237 ], [ 127.103874579196159, 37.445703900625041 ], [ 127.103857404776264, 37.445603527172182 ] ] } },
{ "type": "Feature", "properties": { "LINK_ID": "2040011204", "ROAD_NO": "23", "ROAD_NAME": "대왕판교로", "MAX_SPD": 60, "LENGTH": 307.64294572925598, "collDate": "2026-08-16 19:00:00.0", "routeId": "1050000234", "routeNm": "밤고개로/대왕판교로/신수로", "linkId": "2040011204", "startNodeId": "2040006502", "startNodeNm": "오야동223-2", "endNodeId": "2040006501", "endNodeNm": "서울공항정문사거리", "spd": "36", "vol": "0", "trvlTime": "31", "linkDelayTime": "0", "congGrade": "2" }, "geometry": { "type": "LineString", "coordinates": [ [ 127.106639894229033, 37.45394005927632 ], [ 127.106461704897356, 37.452818806724267 ], [ 127.10643167377421, 37.452672149767039 ], [ 127.106306891892146, 37.452150212443023 ], [ 127.106167298002546, 37.451661399577446 ], [ 127.106024158029129, 37.451215332963727 ] ] } },
{ "type": "Feature", "properties": { "LINK_ID": "2040011206", "ROAD_NO": "23", "ROAD_NAME": "대왕판교로", "MAX_SPD": 60, "LENGTH": 88.146476792580003, "collDate": "2026-08-16 19:00:00.0", "routeId": "1050000234", "routeNm": "밤고개로/대왕판교로/신수로", "linkId": "2040011206", "startNodeId": "2040006503", "startNodeNm": "오야동227-1", "endNodeId": "2040006502", "endNodeNm": "오야동223-2", "spd": "36", "vol": "0", "trvlTime": "9", "linkDelayTime": "0", "congGrade": "2" }, "geometry": { "type": "LineString", "coordinates": [ [ 127.106784607818085, 37.45485063959714 ], [ 127.106659389030725, 37.454062727757773 ] ] } },
{ "type": "Feature", "properties": { "LINK_ID": "2040011207", "ROAD_NO": "23", "ROAD_NAME": "대왕판교로", "MAX_SPD": 60, "LENGTH": 249.21995759161999, "collDate": "2026-08-16 19:00:00.0", "routeId": "1050000234", "routeNm": "밤고개로/대왕판교로/신수로", "linkId": "2040011207", "startNodeId": "2040015700", "startNodeNm": "강남구-성남시수정구", "endNodeId": "2040006504", "endNodeNm": "신촌동119-2", "spd": "36", "vol": "0", "trvlTime": "25", "linkDelayTime": "0", "congGrade": "2" }, "geometry": { "type": "LineString", "coordinates": [ [ 127.10785589500972, 37.462219617048063 ], [ 127.107566186552887, 37.45998602454361 ] ] } },
{ "type": "Feature", "properties": { "LINK_ID": "2040011208", "ROAD_NO": "23", "ROAD_NAME": "대왕판교로", "MAX_SPD": 60, "LENGTH": 275.05188224229698, "collDate": "2026-08-16 19:00:00.0", "routeId": "1050000234", "routeNm": "밤고개로/대왕판교로/신수로", "linkId": "2040011208", "startNodeId": "2040006504", "startNodeNm": "신촌동119-2", "endNodeId": "2040006503", "endNodeNm": "오야동227-1", "spd": "36", "vol": "0", "trvlTime": "28", "linkDelayTime": "0", "congGrade": "2" }, "geometry": { "type": "LineString", "coordinates": [ [ 127.107552176380153, 37.45987800480524 ], [ 127.10754751791707, 37.459842087342359 ], [ 127.107380423775453, 37.458599555506979 ], [ 127.107192399300544, 37.457416523919115 ] ] } },
{ "type": "Feature", "properties": { "LINK_ID": "2040011301", "ROAD_NO": "23", "ROAD_NAME": "대왕판교로", "MAX_SPD": 60, "LENGTH": 328.89969731727803, "collDate": "2026-08-16 19:00:00.0", "routeId": "1050000234", "routeNm": "밤고개로/대왕판교로/신수로", "linkId": "2040011301", "startNodeId": "2040006500", "startNodeNm": "대왕판교로지하차도", "endNodeId": "2040006501", "endNodeNm": "서울공항정문사거리", "spd": "34", "vol": "0", "trvlTime": "35", "linkDelayTime": "0", "congGrade": "2" }, "geometry": { "type": "LineString", "coordinates": [ [ 127.103657006679711, 37.439694565764839 ], [ 127.103630141313303, 37.440004462526751 ], [ 127.103640954814622, 37.441383024615966 ], [ 127.103554829702361, 37.442155430931159 ], [ 127.103554812109635, 37.442654185599253 ] ] } },
{ "type": "Feature", "properties": { "LINK_ID": "2040011303", "ROAD_NO": "23", "ROAD_NAME": "대왕판교로", "MAX_SPD": 60, "LENGTH": 314.46446019409899, "collDate": "2026-08-16 19:00:00.0", "routeId": "1050000234", "routeNm": "밤고개로/대왕판교로/신수로", "linkId": "2040011303", "startNodeId": "2040006501", "startNodeNm": "서울공항정문사거리", "endNodeId": "2040006502", "endNodeNm": "오야동223-2", "spd": "34", "vol": "0", "trvlTime": "34", "linkDelayTime": "0", "congGrade": "2" }, "geometry": { "type": "LineString", "coordinates": [ [ 127.10507780638153, 37.448489074320072 ], [ 127.105229016837086, 37.44883665010051 ], [ 127.105332298546983, 37.449082994308739 ], [ 127.105539923717657, 37.449597149921196 ], [ 127.105750454278422, 37.450107525474671 ], [ 127.10595067331063, 37.450619055940422 ], [ 127.106139610746993, 37.451138806185263 ], [ 127.106155565881693, 37.451188531416228 ] ] } },
{ "type": "Feature", "properties": { "LINK_ID": "2040011305", "ROAD_NO": "23", "ROAD_NAME": "대왕판교로", "MAX_SPD": 60, "LENGTH": 88.146476792526002, "collDate": "2026-08-16 19:00:00.0", "routeId": "1050000234", "routeNm": "밤고개로/대왕판교로/신수로", "linkId": "2040011305", "startNodeId": "2040006502", "startNodeNm": "오야동223-2", "endNodeId": "2040006503", "endNodeNm": "오야동227-1", "spd": "34", "vol": "0", "trvlTime": "10", "linkDelayTime": "0", "congGrade": "2" }, "geometry": { "type": "LineString", "coordinates": [ [ 127.106793946465459, 37.454049136806852 ], [ 127.106919167772489, 37.454837048389024 ] ] } },
{ "type": "Feature", "properties": { "LINK_ID": "2040011307", "ROAD_NO": "23", "ROAD_NAME": "대왕판교로", "MAX_SPD": 60, "LENGTH": 275.051989156204, "collDate": "2026-08-16 19:00:00.0", "routeId": "1050000234", "routeNm": "밤고개로/대왕판교로/신수로", "linkId": "2040011307", "startNodeId": "2040006503", "startNodeNm": "오야동227-1", "endNodeId": "2040006504", "endNodeNm": "신촌동119-2", "spd": "34", "vol": "0", "trvlTime": "30", "linkDelayTime": "0", "congGrade": "2" }, "geometry": { "type": "LineString", "coordinates": [ [ 127.106936219096994, 37.454944336691383 ], [ 127.107062798473507, 37.455740775008032 ], [ 127.107326957685942, 37.45740293384965 ] ] } },
{ "type": "Feature", "properties": { "LINK_ID": "2040011308", "ROAD_NO": "23", "ROAD_NAME": "대왕판교로", "MAX_SPD": 60, "LENGTH": 249.215337316312, "collDate": "2026-08-16 19:00:00.0", "routeId": "1050000234", "routeNm": "밤고개로/대왕판교로/신수로", "linkId": "2040011308", "startNodeId": "2040006504", "startNodeNm": "신촌동119-2", "endNodeId": "2040015700", "endNodeNm": "강남구-성남시수정구", "spd": "34", "vol": "0", "trvlTime": "27", "linkDelayTime": "0", "congGrade": "2" }, "geometry": { "type": "LineString", "coordinates": [ [ 127.107701083360155, 37.459974906770519 ], [ 127.107990783802379, 37.46220845807877 ] ] } },
{ "type": "Feature", "properties": { "LINK_ID": "2040014000", "ROAD_NO": "61", "ROAD_NAME": "분당수서로", "MAX_SPD": 80, "LENGTH": 339.73323486921902, "collDate": "2026-08-16 19:00:00.0", "routeId": "1020000651", "routeNm": "분당수서로", "linkId": "2040014000", "startNodeId": "2040007800", "startNodeNm": "태평지하차도", "endNodeId": "2040009300", "endNodeNm": "태평지하차도", "spd": "76", "vol": "0", "trvlTime": "17", "linkDelayTime": "0", "congGrade": "1" }, "geometry": { "type": "LineString", "coordinates": [ [ 127.124086254988967, 37.444789612426675 ], [ 127.124509549946907, 37.445757712009836 ], [ 127.124962110671078, 37.446898087211792 ], [ 127.125005798298389, 37.447027368911172 ], [ 127.125267985113297, 37.44770151288585 ] ] } },
{ "type": "Feature", "properties": { "LINK_ID": "2040014100", "ROAD_NO": "61", "ROAD_NAME": "분당수서로", "MAX_SPD": 80, "LENGTH": 339.06655433098598, "collDate": "2026-08-16 19:00:00.0", "routeId": "1020000651", "routeNm": "분당수서로", "linkId": "2040014100", "startNodeId": "2040009300", "startNodeNm": "태평지하차도", "endNodeId": "2040007800", "endNodeNm": "태평지하차도", "spd": "73", "vol": "0", "trvlTime": "17", "linkDelayTime": "0", "congGrade": "1" }, "geometry": { "type": "LineString", "coordinates": [ [ 127.125192666613572, 37.447715795561145 ], [ 127.125178704657202, 37.447648150072133 ], [ 127.124675735688911, 37.446406587526127 ], [ 127.123990027589031, 37.44481617247871 ] ] } },
{ "type": "Feature", "properties": { "LINK_ID": "2040017400", "ROAD_NO": "61", "ROAD_NAME": "분당수서로", "MAX_SPD": 80, "LENGTH": 733.50244504751595, "collDate": "2026-08-16 19:00:00.0", "routeId": "1020000651", "routeNm": "분당수서로", "linkId": "2040017400", "startNodeId": "2040019800", "startNodeNm": "속성변화점", "endNodeId": "2040009300", "endNodeNm": "태평지하차도", "spd": "80", "vol": "0", "trvlTime": "34", "linkDelayTime": "0", "congGrade": "1" }, "geometry": { "type": "LineString", "coordinates": [ [ 127.124869985689998, 37.46753928968517 ], [ 127.124999516599686, 37.466918680885001 ], [ 127.125139453895784, 37.466248525023182 ], [ 127.125239954507521, 37.464280055787157 ], [ 127.124992763707311, 37.460955569562785 ] ] } },
{ "type": "Feature", "properties": { "LINK_ID": "2040017500", "ROAD_NO": "61", "ROAD_NAME": "분당수서로", "MAX_SPD": 80, "LENGTH": 737.54994622540801, "collDate": "2026-08-16 19:00:00.0", "routeId": "1020000651", "routeNm": "분당수서로", "linkId": "2040017500", "startNodeId": "2040009300", "startNodeNm": "태평지하차도", "endNodeId": "2040019800", "endNodeNm": "속성변화점", "spd": "80", "vol": "0", "trvlTime": "33", "linkDelayTime": "0", "congGrade": "1" }, "geometry": { "type": "LineString", "coordinates": [ [ 127.125267985113297, 37.44770151288585 ], [ 127.125269173365595, 37.447704556779492 ], [ 127.125301110749248, 37.447844462041125 ], [ 127.125485766932968, 37.44873055613153 ], [ 127.125539267161727, 37.448988337808395 ], [ 127.12552754866968, 37.44987693045983 ], [ 127.125524048720663, 37.450054868967975 ], [ 127.125516454625753, 37.451102868810189 ], [ 127.125475393008827, 37.452810837328769 ], [ 127.12530461252517, 37.454322312171001 ] ] } },
{ "type": "Feature", "properties": { "LINK_ID": "2040051800", "ROAD_NO": "171", "ROAD_NAME": "용인서울고속도로", "MAX_SPD": 80, "LENGTH": 606.97446676121501, "collDate": "2026-08-16 19:04:00.0", "routeId": "1010001711", "routeNm": "용인서울고속도로", "linkId": "2040051800", "startNodeId": "2040022300", "startNodeNm": "속성변화점", "endNodeId": "2040022400", "endNodeNm": "속성변화점", "spd": "80", "vol": "7", "trvlTime": "22", "linkDelayTime": "0", "congGrade": "1" }, "geometry": { "type": "LineString", "coordinates": [ [ 127.089439430466072, 37.439150848458262 ], [ 127.089489411423244, 37.439360766619394 ], [ 127.08955423903133, 37.439607729905163 ], [ 127.089612470873789, 37.439809785249217 ], [ 127.089713814798031, 37.440126618777725 ], [ 127.089879612561134, 37.440566358407899 ], [ 127.0901189106646, 37.441077144440094 ], [ 127.090299763448527, 37.441434964278642 ], [ 127.090469519490327, 37.441723810623991 ], [ 127.090655267169907, 37.442015890802288 ], [ 127.090864452377616, 37.442350397655687 ], [ 127.091083778842645, 37.442656614357318 ], [ 127.091327542841569, 37.442977564967229 ], [ 127.092174582753728, 37.44405468290676 ], [ 127.09221741222882, 37.444102767309566 ] ] } },
{ "type": "Feature", "properties": { "LINK_ID": "2040051900", "ROAD_NO": "171", "ROAD_NAME": "용인서울고속도로", "MAX_SPD": 100, "LENGTH": 794.76460010713197, "collDate": "2026-08-16 19:04:00.0", "routeId": "1010001711", "routeNm": "용인서울고속도로", "linkId": "2040051900", "startNodeId": "2040022000", "startNodeNm": "속성변화점", "endNodeId": "2060056600", "endNodeNm": "속성변화점", "spd": "89", "vol": "40", "trvlTime": "33", "linkDelayTime": "0", "congGrade": "1" }, "geometry": { "type": "LineString", "coordinates": [ [ 127.074906837347598, 37.402001405005699 ], [ 127.074096749435526, 37.400905311560521 ], [ 127.073197370697471, 37.39968421768215 ], [ 127.07275277064771, 37.399017129009785 ], [ 127.072464888053958, 37.398586728382739 ], [ 127.072319993407476, 37.398334223835704 ], [ 127.072130176891903, 37.39796722487354 ], [ 127.071945659517951, 37.397628037796309 ], [ 127.071755196736092, 37.397227343974535 ], [ 127.071554043577635, 37.396768672837133 ], [ 127.071352601082054, 37.396248796887072 ], [ 127.071237886054277, 37.395879517383811 ], [ 127.071153694766608, 37.395540780398569 ] ] } },
{ "type": "Feature", "properties": { "LINK_ID": "2040052000", "ROAD_NO": "171", "ROAD_NAME": "용인서울고속도로", "MAX_SPD": 100, "LENGTH": 339.56857499541002, "collDate": "2026-08-16 19:04:00.0", "routeId": "1010001711", "routeNm": "용인서울고속도로", "linkId": "2040052000", "startNodeId": "2040022500", "startNodeNm": "속성변화점", "endNodeId": "2040022400", "endNodeNm": "속성변화점", "spd": "88", "vol": "12", "trvlTime": "14", "linkDelayTime": "0", "congGrade": "1" }, "geometry": { "type": "LineString", "coordinates": [ [ 127.096130943176291, 37.451883704957005 ], [ 127.096127526594728, 37.451581197116653 ], [ 127.096096087310158, 37.45129383100339 ], [ 127.096020922253373, 37.45090197114596 ], [ 127.09592049072117, 37.450493793647965 ], [ 127.095794783568849, 37.450020098610267 ], [ 127.095694246216567, 37.44967599922095 ], [ 127.095593913622409, 37.449337550716812 ], [ 127.095475154707827, 37.449004935739907 ], [ 127.095426876804382, 37.448885890150244 ] ] } },
{ "type": "Feature", "properties": { "LINK_ID": "2040052100", "ROAD_NO": "171", "ROAD_NAME": "용인서울고속도로", "MAX_SPD": 80, "LENGTH": 342.75298678582197, "collDate": "2026-08-16 19:04:00.0", "routeId": "1010001711", "routeNm": "용인서울고속도로", "linkId": "2040052100", "startNodeId": "2040022400", "startNodeNm": "속성변화점", "endNodeId": "2040022500", "endNodeNm": "속성변화점", "spd": "80", "vol": "8", "trvlTime": "13", "linkDelayTime": "0", "congGrade": "1" }, "geometry": { "type": "LineString", "coordinates": [ [ 127.095555913628928, 37.4488526275128 ], [ 127.095604929071854, 37.448973493581484 ], [ 127.09572518562814, 37.449310301434494 ], [ 127.095826275831385, 37.449651299983373 ], [ 127.095927175856616, 37.449996641464679 ], [ 127.09605337779756, 37.45047219655342 ], [ 127.096154551867855, 37.450883384521951 ], [ 127.096230812123665, 37.451280946817292 ], [ 127.096262783700624, 37.451573194150988 ], [ 127.096286203922105, 37.451878028245766 ] ] } },
{ "type": "Feature", "properties": { "LINK_ID": "2040052200", "ROAD_NO": "171", "ROAD_NAME": "용인서울고속도로", "MAX_SPD": 100, "LENGTH": 603.31529560632305, "collDate": "2026-08-16 19:04:00.0", "routeId": "1010001711", "routeNm": "용인서울고속도로", "linkId": "2040052200", "startNodeId": "2040022400", "startNodeNm": "속성변화점", "endNodeId": "2040022300", "endNodeNm": "속성변화점", "spd": "40", "vol": "9", "trvlTime": "55", "linkDelayTime": "0", "congGrade": "2" }, "geometry": { "type": "LineString", "coordinates": [ [ 127.095426876804382, 37.448885890150244 ], [ 127.095293834940108, 37.448557826117998 ], [ 127.095069076163369, 37.44810122381292 ], [ 127.094800214270307, 37.44763385146927 ], [ 127.094436802917528, 37.447050818825836 ], [ 127.094061690491358, 37.446483934180506 ], [ 127.093511012271875, 37.445791926540899 ], [ 127.09297845034888, 37.445143894918026 ], [ 127.092106851621182, 37.444165371542489 ] ] } },
{ "type": "Feature", "properties": { "LINK_ID": "2040052300", "ROAD_NO": "171", "ROAD_NAME": "용인서울고속도로", "MAX_SPD": 50, "LENGTH": 650.24843170832003, "collDate": "2026-08-16 19:00:00.0", "routeId": "1010001711", "routeNm": "용인서울고속도로", "linkId": "2040052300", "startNodeId": "2040000500", "startNodeNm": "고등동526-38", "endNodeId": "2040022200", "endNodeNm": "고등IC", "spd": "45", "vol": "0", "trvlTime": "53", "linkDelayTime": "0", "congGrade": "1" }, "geometry": { "type": "LineString", "coordinates": [ [ 127.091126498042982, 37.429225079801633 ], [ 127.091145492983898, 37.4281709851602 ], [ 127.091155161361669, 37.42771857084314 ], [ 127.091152294735934, 37.427432235290333 ], [ 127.091140906472731, 37.427370851481136 ], [ 127.091116566563883, 37.427305120335951 ], [ 127.091093426490275, 37.427253330596635 ], [ 127.09105483499799, 37.427187294161698 ], [ 127.09101706806085, 37.427125704498273 ], [ 127.09097688147763, 37.427081184648806 ], [ 127.090903106877292, 37.427011172916636 ], [ 127.090894965090314, 37.427005177503098 ], [ 127.090780421596634, 37.426920833020937 ], [ 127.090575644096646, 37.426793479975338 ], [ 127.090478113388272, 37.426730469956844 ], [ 127.090417046285566, 37.42668575775857 ], [ 127.090368433302885, 37.426645101397334 ], [ 127.090311479334702, 37.426591450613344 ], [ 127.090267709922756, 37.426543301255741 ], [ 127.090221878604027, 37.42648283114579 ], [ 127.090192676369483, 37.426434319244052 ], [ 127.090170786221762, 37.426391512403676 ], [ 127.090155845166919, 37.426361685717673 ], [ 127.090139834636787, 37.42632184413911 ], [ 127.090120674780863, 37.426265454175919 ], [ 127.090108454293073, 37.426216772527198 ], [ 127.090102495005709, 37.426166138105692 ], [ 127.090096178676774, 37.426100386690237 ], [ 127.090095026289063, 37.426059837292527 ], [ 127.090096342235853, 37.426009658645192 ], [ 127.090098027249383, 37.42594314337417 ], [ 127.090103941144463, 37.425713629971312 ], [ 127.090103846102238, 37.425585297263424 ], [ 127.090095920724778, 37.425346756290679 ], [ 127.090088819452362, 37.425231172902443 ], [ 127.090079746960654, 37.425108216187162 ], [ 127.090071801048353, 37.425025956660441 ], [ 127.090055876449881, 37.424873647312559 ], [ 127.090043270522159, 37.424786844797062 ], [ 127.089992207939062, 37.423672431264407 ] ] } },
{ "type": "Feature", "properties": { "LINK_ID": "2040052400", "ROAD_NO": "171", "ROAD_NAME": "용인서울고속도로", "MAX_SPD": 50, "LENGTH": 637.465453407008, "collDate": "2026-08-16 19:00:00.0", "routeId": "1010001711", "routeNm": "용인서울고속도로", "linkId": "2040052400", "startNodeId": "2040022200", "startNodeNm": "고등IC", "endNodeId": "2040000500", "endNodeNm": "고등동526-38", "spd": "50", "vol": "0", "trvlTime": "45", "linkDelayTime": "0", "congGrade": "1" }, "geometry": { "type": "LineString", "coordinates": [ [ 127.090123716863829, 37.423645116388094 ], [ 127.09058009452184, 37.4243543932579 ], [ 127.090720954644866, 37.424613555694584 ], [ 127.090933081213237, 37.425319171274758 ], [ 127.091056002340622, 37.425733144522042 ], [ 127.091111222433796, 37.425954058413382 ], [ 127.091160422326766, 37.426153619203504 ], [ 127.091208930927266, 37.426391261085463 ], [ 127.091235885477928, 37.426611048802954 ], [ 127.091248319268004, 37.426758495148199 ], [ 127.091250499553993, 37.426942633409638 ], [ 127.091258054934841, 37.42722502521697 ], [ 127.091265151359494, 37.427383371662927 ], [ 127.091281056746112, 37.428172502388001 ], [ 127.091276060287939, 37.428514616009295 ], [ 127.091231710465294, 37.429232252598467 ] ] } },
{ "type": "Feature", "properties": { "LINK_ID": "2040052600", "ROAD_NO": "171", "ROAD_NAME": "용인서울고속도로", "MAX_SPD": 100, "LENGTH": 875.52451942967798, "collDate": "2026-08-16 19:04:00.0", "routeId": "1010001711", "routeNm": "용인서울고속도로", "linkId": "2040052600", "startNodeId": "2040022300", "startNodeNm": "속성변화점", "endNodeId": "2040022200", "endNodeNm": "고등IC", "spd": "99", "vol": "11", "trvlTime": "32", "linkDelayTime": "0", "congGrade": "1" }, "geometry": { "type": "LineString", "coordinates": [ [ 127.089306213829261, 37.439171015657948 ], [ 127.089282336520952, 37.439070735075163 ], [ 127.089210262169161, 37.438715829158873 ], [ 127.089177426557882, 37.438494181666364 ], [ 127.089122821437073, 37.43811931490275 ], [ 127.089096367798888, 37.437838093725937 ], [ 127.089082988309173, 37.437519999434492 ], [ 127.089071793243193, 37.437232510972599 ], [ 127.089078089106877, 37.437031164414869 ], [ 127.08908645180604, 37.436775649042474 ], [ 127.089103459803852, 37.436486929223989 ], [ 127.089122728321854, 37.436253181348647 ], [ 127.08914853427278, 37.436029711821853 ], [ 127.089187271617561, 37.435756309950293 ], [ 127.089254065537446, 37.435372280886369 ], [ 127.089290921045659, 37.435203668503441 ], [ 127.089336318798431, 37.435020040527867 ], [ 127.089373022155229, 37.434883411582057 ], [ 127.089441830811879, 37.434631951798217 ], [ 127.089485163024065, 37.43446879549019 ], [ 127.089541535911891, 37.434300460155995 ], [ 127.089599709815431, 37.434122814128791 ], [ 127.08985584826415, 37.433380336619919 ], [ 127.090062121631334, 37.432743905519978 ], [ 127.090171652242219, 37.432370689609009 ], [ 127.090283251845108, 37.431989132187134 ], [ 127.090405347414162, 37.431498185934068 ], [ 127.090423249510522, 37.431411439275038 ] ] } },
{ "type": "Feature", "properties": { "LINK_ID": "2040052700", "ROAD_NO": "171", "ROAD_NAME": "용인서울고속도로", "MAX_SPD": 100, "LENGTH": 871.31503087955798, "collDate": "2026-08-16 19:04:00.0", "routeId": "1010001711", "routeNm": "용인서울고속도로", "linkId": "2040052700", "startNodeId": "2040022200", "startNodeNm": "고등IC", "endNodeId": "2040022300", "endNodeNm": "속성변화점", "spd": "100", "vol": "7", "trvlTime": "32", "linkDelayTime": "0", "congGrade": "1" }, "geometry": { "type": "LineString", "coordinates": [ [ 127.090123716863829, 37.423645116388094 ], [ 127.090330124041543, 37.424336178544415 ], [ 127.090504410851139, 37.425001001447036 ], [ 127.090635403462159, 37.425608881395547 ], [ 127.090742324868188, 37.426301117518442 ], [ 127.090825156844417, 37.427054454617377 ], [ 127.090879218269691, 37.427919529861555 ], [ 127.090871776253451, 37.429118826723709 ], [ 127.090809804617763, 37.429863859203294 ], [ 127.090758265433678, 37.430263137402022 ], [ 127.090723900042747, 37.430496256742721 ], [ 127.090644395517529, 37.431005658709296 ], [ 127.09055703194727, 37.431428996716789 ] ] } },
{ "type": "Feature", "properties": { "LINK_ID": "2040053000", "ROAD_NO": "171", "ROAD_NAME": "용인서울고속도로", "MAX_SPD": 100, "LENGTH": 565.20446515455296, "collDate": "2026-08-16 19:04:00.0", "routeId": "1010001711", "routeNm": "용인서울고속도로", "linkId": "2040053000", "startNodeId": "2040022100", "startNodeNm": "금토TG", "endNodeId": "2040022000", "endNodeNm": "속성변화점", "spd": "86", "vol": "39", "trvlTime": "24", "linkDelayTime": "0", "congGrade": "1" }, "geometry": { "type": "LineString", "coordinates": [ [ 127.081392320945923, 37.410774942465146 ], [ 127.080819927140325, 37.41000392120317 ], [ 127.079420209498636, 37.408111340583162 ], [ 127.0781481298187, 37.40638889834824 ] ] } },
{ "type": "Feature", "properties": { "LINK_ID": "2040053100", "ROAD_NO": "171", "ROAD_NAME": "용인서울고속도로", "MAX_SPD": 100, "LENGTH": 565.18566449259401, "collDate": "2026-08-16 19:04:00.0", "routeId": "1010001711", "routeNm": "용인서울고속도로", "linkId": "2040053100", "startNodeId": "2040022000", "startNodeNm": "속성변화점", "endNodeId": "2040022100", "endNodeNm": "금토TG", "spd": "85", "vol": "26", "trvlTime": "24", "linkDelayTime": "0", "congGrade": "1" }, "geometry": { "type": "LineString", "coordinates": [ [ 127.075023862636684, 37.40194684707059 ], [ 127.07576729549163, 37.402971591308571 ], [ 127.076923006471972, 37.4045169361059 ], [ 127.078264908144789, 37.406334016693116 ] ] } },
{ "type": "Feature", "properties": { "LINK_ID": "2040053200", "ROAD_NO": "171", "ROAD_NAME": "용인서울고속도로", "MAX_SPD": 100, "LENGTH": 790.76709538323303, "collDate": "2026-08-16 19:04:00.0", "routeId": "1010001711", "routeNm": "용인서울고속도로", "linkId": "2040053200", "startNodeId": "2060056600", "startNodeNm": "속성변화점", "endNodeId": "2040022000", "endNodeNm": "속성변화점", "spd": "94", "vol": "13", "trvlTime": "31", "linkDelayTime": "0", "congGrade": "1" }, "geometry": { "type": "LineString", "coordinates": [ [ 127.07128662472438, 37.395519749543396 ], [ 127.071370194082164, 37.395855984002146 ], [ 127.071483212791904, 37.396219801508551 ], [ 127.071682782442267, 37.396734839887031 ], [ 127.071882533977018, 37.397190313933969 ], [ 127.072071245571578, 37.397587322540936 ], [ 127.072254983906817, 37.397925077276156 ], [ 127.072444288365787, 37.398291083428397 ], [ 127.072586394764627, 37.39853873032785 ], [ 127.072872383419366, 37.398966296315322 ], [ 127.073315677878327, 37.399631425631618 ], [ 127.074213544735073, 37.400850466142352 ], [ 127.075023862636684, 37.40194684707059 ] ] } },
{ "type": "Feature", "properties": { "LINK_ID": "2040054900", "ROAD_NO": "23", "ROAD_NAME": "대왕판교로", "MAX_SPD": 60, "LENGTH": 163.497496115741, "collDate": "2026-08-16 19:00:00.0", "routeId": "1050000234", "routeNm": "밤고개로/대왕판교로/신수로", "linkId": "2040054900", "startNodeId": "2040023000", "startNodeNm": "속성변화점", "endNodeId": "2040006500", "endNodeNm": "대왕판교로지하차도", "spd": "34", "vol": "0", "trvlTime": "18", "linkDelayTime": "0", "congGrade": "2" }, "geometry": { "type": "LineString", "coordinates": [ [ 127.103899451599858, 37.438238705363972 ], [ 127.103765628529374, 37.43922374664109 ], [ 127.103743279502027, 37.43948296341464 ], [ 127.103657006679711, 37.439694565764839 ] ] } },
{ "type": "Feature", "properties": { "LINK_ID": "2040055000", "ROAD_NO": "23", "ROAD_NAME": "대왕판교로", "MAX_SPD": 60, "LENGTH": 195.057540873938, "collDate": "2026-08-16 19:00:00.0", "routeId": "1050000234", "routeNm": "밤고개로/대왕판교로/신수로", "linkId": "2040055000", "startNodeId": "2040006100", "startNodeNm": "대왕판교로지하차도", "endNodeId": "2040023000", "endNodeNm": "속성변화점", "spd": "34", "vol": "0", "trvlTime": "21", "linkDelayTime": "0", "congGrade": "2" }, "geometry": { "type": "LineString", "coordinates": [ [ 127.103854702621831, 37.436497231572986 ], [ 127.103936500192376, 37.436714203811356 ], [ 127.103996868596113, 37.437662258062751 ], [ 127.103899451599858, 37.438238705363972 ] ] } },
{ "type": "Feature", "properties": { "LINK_ID": "2040055100", "ROAD_NO": "23", "ROAD_NAME": "대왕판교로", "MAX_SPD": 60, "LENGTH": 190.52449649852201, "collDate": "2026-08-16 19:00:00.0", "routeId": "1050000234", "routeNm": "밤고개로/대왕판교로/신수로", "linkId": "2040055100", "startNodeId": "2040023000", "startNodeNm": "속성변화점", "endNodeId": "2040006100", "endNodeNm": "대왕판교로지하차도", "spd": "36", "vol": "0", "trvlTime": "20", "linkDelayTime": "0", "congGrade": "2" }, "geometry": { "type": "LineString", "coordinates": [ [ 127.103629541940649, 37.438212585146147 ], [ 127.103725088607433, 37.437653735398158 ], [ 127.103666054605512, 37.436724722080811 ], [ 127.103719662258101, 37.436506438735847 ] ] } },
{ "type": "Feature", "properties": { "LINK_ID": "2040055200", "ROAD_NO": "23", "ROAD_NAME": "대왕판교로", "MAX_SPD": 60, "LENGTH": 164.73604931183701, "collDate": "2026-08-16 19:00:00.0", "routeId": "1050000234", "routeNm": "밤고개로/대왕판교로/신수로", "linkId": "2040055200", "startNodeId": "2040006500", "startNodeNm": "대왕판교로지하차도", "endNodeId": "2040023000", "endNodeNm": "속성변화점", "spd": "36", "vol": "0", "trvlTime": "17", "linkDelayTime": "0", "congGrade": "2" }, "geometry": { "type": "LineString", "coordinates": [ [ 127.103521736253668, 37.439687111377452 ], [ 127.103472960851064, 37.439467543957036 ], [ 127.103495529782052, 37.439205234226876 ], [ 127.103629541940649, 37.438212585146147 ] ] } },
{ "type": "Feature", "properties": { "LINK_ID": "2040057700", "ROAD_NO": "23", "ROAD_NAME": "대왕판교로", "MAX_SPD": 60, "LENGTH": 333.81037402821602, "collDate": "2026-08-16 19:00:00.0", "routeId": "1050000234", "routeNm": "밤고개로/대왕판교로/신수로", "linkId": "2040057700", "startNodeId": "2060068400", "startNodeNm": "화랑지하차도", "endNodeId": "2040000302", "endNodeNm": "금토동삼거리", "spd": "25", "vol": "0", "trvlTime": "49", "linkDelayTime": "0", "congGrade": "2" }, "geometry": { "type": "LineString", "coordinates": [ [ 127.102610528460829, 37.405624741203468 ], [ 127.10242732399729, 37.405697497718066 ], [ 127.102252124713317, 37.405774437002712 ], [ 127.102081402774473, 37.40585753423818 ], [ 127.101915497902453, 37.405946623363086 ], [ 127.101754739645614, 37.406041528414889 ], [ 127.101599448504899, 37.406142060825751 ], [ 127.101449933673919, 37.406248018523108 ], [ 127.101306493047588, 37.4063591922367 ], [ 127.101169410954583, 37.406475359193088 ], [ 127.101038962683972, 37.406596289418751 ], [ 127.100915406572639, 37.406721741241483 ], [ 127.100798989658657, 37.406851465790453 ], [ 127.100689942027685, 37.406985202495761 ], [ 127.100588481342868, 37.407122688094525 ], [ 127.100533391545085, 37.407221851648686 ], [ 127.100448985952809, 37.407414492969998 ], [ 127.100295736599548, 37.407798649454449 ], [ 127.100276960507031, 37.407851311234815 ] ] } },
{ "type": "Feature", "properties": { "LINK_ID": "2040057800", "ROAD_NO": "23", "ROAD_NAME": "대왕판교로", "MAX_SPD": 60, "LENGTH": 342.91941871299099, "collDate": "2026-08-16 19:00:00.0", "routeId": "1050000234", "routeNm": "밤고개로/대왕판교로/신수로", "linkId": "2040057800", "startNodeId": "2040000302", "startNodeNm": "금토동삼거리", "endNodeId": "2060068400", "endNodeNm": "화랑지하차도", "spd": "46", "vol": "0", "trvlTime": "27", "linkDelayTime": "0", "congGrade": "2" }, "geometry": { "type": "LineString", "coordinates": [ [ 127.099386758711645, 37.410824510664575 ], [ 127.099328298458715, 37.410586337043519 ], [ 127.099327673286908, 37.410583368709688 ], [ 127.099327267247631, 37.410580400191769 ], [ 127.099327048671867, 37.410577399980681 ], [ 127.099327049228592, 37.410574399585485 ], [ 127.099327266701493, 37.410571431444765 ], [ 127.099327673895772, 37.410568430707947 ], [ 127.099465142743099, 37.409785275135462 ], [ 127.099465517447243, 37.409783337628198 ], [ 127.099465985944633, 37.409781431577684 ], [ 127.099564610441433, 37.409414430865993 ], [ 127.099565673424664, 37.40941108718809 ], [ 127.099683298390886, 37.409078587515118 ], [ 127.099683673198015, 37.409077587067287 ], [ 127.099933517829442, 37.408419337133545 ], [ 127.099998672875216, 37.408236586770563 ], [ 127.100021486491826, 37.408172619395486 ], [ 127.100146584162658, 37.407821731355362 ] ] } },
{ "type": "Feature", "properties": { "LINK_ID": "2040338900", "ROAD_NO": "110", "ROAD_NAME": "제2경인고속도로", "MAX_SPD": 100, "LENGTH": 687.23504809745805, "collDate": "2026-08-16 19:00:00.0", "routeId": "1010001102", "routeNm": "제2경인고속도로(안양성남)", "linkId": "2040338900", "startNodeId": "2040134000", "startNodeNm": "속성변화점", "endNodeId": "2040133900", "endNodeNm": "청계산4터널동측", "spd": "88", "vol": "0", "trvlTime": "29", "linkDelayTime": "0", "congGrade": "1" }, "geometry": { "type": "LineString", "coordinates": [ [ 127.078150551192948, 37.400467641414899 ], [ 127.077835933813219, 37.400436442533795 ], [ 127.077588842588597, 37.40041416139443 ], [ 127.075564883258082, 37.400257187076363 ], [ 127.075407350370966, 37.40024561761944 ], [ 127.075006166938365, 37.400214231627174 ], [ 127.074859715352687, 37.400203301343822 ], [ 127.074410552135788, 37.400166015878312 ], [ 127.074010365170636, 37.40012953240673 ], [ 127.073885716065405, 37.400117821400087 ], [ 127.073557081495892, 37.400079370684381 ], [ 127.073258504133051, 37.400038966844946 ], [ 127.073111936400636, 37.40001947386569 ], [ 127.072793556955077, 37.399966419943752 ], [ 127.072506179699829, 37.399912172126811 ], [ 127.072220593145417, 37.399853430025139 ], [ 127.071947508341026, 37.399792433380618 ], [ 127.07168695966638, 37.399729711158443 ], [ 127.071449187145859, 37.399668716274995 ], [ 127.071203175475659, 37.399602242258759 ], [ 127.070960998254506, 37.399530716105311 ], [ 127.070862796683812, 37.399503843471301 ], [ 127.070539229194083, 37.399402254375239 ] ] } },
{ "type": "Feature", "properties": { "LINK_ID": "2040339000", "ROAD_NO": "110", "ROAD_NAME": "제2경인고속도로", "MAX_SPD": 100, "LENGTH": 684.181364824095, "collDate": "2026-08-16 19:00:00.0", "routeId": "1010001102", "routeNm": "제2경인고속도로(안양성남)", "linkId": "2040339000", "startNodeId": "2040133900", "startNodeNm": "청계산4터널동측", "endNodeId": "2040134000", "endNodeNm": "속성변화점", "spd": "100", "vol": "0", "trvlTime": "25", "linkDelayTime": "0", "congGrade": "1" }, "geometry": { "type": "LineString", "coordinates": [ [ 127.070589756001894, 37.399301944862934 ], [ 127.070909728640459, 37.399402380158755 ], [ 127.071006515743136, 37.399428866164534 ], [ 127.071248447534202, 37.399500319391301 ], [ 127.071491669743523, 37.399566039945363 ], [ 127.071727280929835, 37.399626480125555 ], [ 127.071985357612817, 37.399688607288979 ], [ 127.07225578405108, 37.399749009896745 ], [ 127.072538703220715, 37.399807203027052 ], [ 127.072823020024316, 37.399860874195333 ], [ 127.073136944007203, 37.399913185650455 ], [ 127.073280979116134, 37.39993234048378 ], [ 127.07357824919039, 37.399972568480699 ], [ 127.073903477796478, 37.400010620312848 ], [ 127.074025984073259, 37.400022130813859 ], [ 127.074425258971786, 37.400058530111608 ], [ 127.074873040192784, 37.40009570106659 ], [ 127.075019092865787, 37.400106601853139 ], [ 127.075420175205778, 37.400137979757652 ], [ 127.075577653655003, 37.400149545628523 ], [ 127.077603010679184, 37.400306627838475 ], [ 127.077851903110599, 37.400329071748715 ], [ 127.078167794559647, 37.400360395158891 ] ] } },
{ "type": "Feature", "properties": { "LINK_ID": "2040339100", "ROAD_NO": "110", "ROAD_NAME": "제2경인고속도로", "MAX_SPD": 100, "LENGTH": 53.512470647203003, "collDate": "2026-08-16 19:00:00.0", "routeId": "1010001102", "routeNm": "제2경인고속도로(안양성남)", "linkId": "2040339100", "startNodeId": "2040134100", "startNodeNm": "금토동IC", "endNodeId": "2040134000", "endNodeNm": "속성변화점", "spd": "88", "vol": "0", "trvlTime": "3", "linkDelayTime": "0", "congGrade": "1" }, "geometry": { "type": "LineString", "coordinates": [ [ 127.078748560042044, 37.400537237864789 ], [ 127.078573370357205, 37.400514890554575 ], [ 127.078305740635159, 37.400484018907513 ], [ 127.078150551192948, 37.400467641414899 ] ] } },
{ "type": "Feature", "properties": { "LINK_ID": "2040339200", "ROAD_NO": "110", "ROAD_NAME": "제2경인고속도로", "MAX_SPD": 30, "LENGTH": 53.884285868097002, "collDate": "2026-08-16 19:00:00.0", "routeId": "1010001102", "routeNm": "제2경인고속도로(안양성남)", "linkId": "2040339200", "startNodeId": "2040134000", "startNodeNm": "속성변화점", "endNodeId": "2040134100", "endNodeNm": "금토동IC", "spd": "101", "vol": "0", "trvlTime": "2", "linkDelayTime": "0", "congGrade": "1" }, "geometry": { "type": "LineString", "coordinates": [ [ 127.078167794559647, 37.400360395158891 ], [ 127.078324324105182, 37.400376915733858 ], [ 127.078593767485344, 37.400407996973037 ], [ 127.078769958372021, 37.400430471353822 ] ] } },
{ "type": "Feature", "properties": { "LINK_ID": "2040340100", "ROAD_NO": "110", "ROAD_NAME": "제2경인고속도로", "MAX_SPD": 100, "LENGTH": 585.04017984532595, "collDate": "2026-08-16 19:00:00.0", "routeId": "1010001102", "routeNm": "제2경인고속도로(안양성남)", "linkId": "2040340100", "startNodeId": "2040134600", "startNodeNm": "금토대교서측", "endNodeId": "2040134100", "endNodeNm": "금토동IC", "spd": "94", "vol": "0", "trvlTime": "23", "linkDelayTime": "0", "congGrade": "1" }, "geometry": { "type": "LineString", "coordinates": [ [ 127.090565064090313, 37.404947342471992 ], [ 127.090492884140403, 37.404923987089916 ], [ 127.090187007176695, 37.404821539614915 ], [ 127.089906606154102, 37.404723891535568 ], [ 127.089617669204785, 37.404619446555195 ], [ 127.089351030672134, 37.404519615262885 ], [ 127.08907591056429, 37.404413059134463 ], [ 127.088812724153968, 37.404307642201417 ], [ 127.088561206294912, 37.404203651266613 ], [ 127.088321386806399, 37.404101526080382 ], [ 127.088102852152133, 37.404005871895265 ], [ 127.087878738374911, 37.403905215381045 ], [ 127.087650484825289, 37.403799870795915 ], [ 127.087426390652297, 37.403693652306679 ], [ 127.087184768412868, 37.403575988037488 ], [ 127.086963972025259, 37.403465527834477 ], [ 127.086744887401579, 37.403353117954325 ], [ 127.086536740902019, 37.403243629780007 ], [ 127.086218076514541, 37.403072433483239 ], [ 127.086115148613516, 37.403017168702874 ], [ 127.08589957362237, 37.402901933594599 ], [ 127.085551255945418, 37.402718219324839 ], [ 127.085333814286727, 37.402605699304431 ], [ 127.085115296482073, 37.402494778067194 ], [ 127.084895321114601, 37.402385755920996 ], [ 127.084828470282986, 37.402353534209837 ] ] } },
{ "type": "Feature", "properties": { "LINK_ID": "2040340200", "ROAD_NO": "110", "ROAD_NAME": "제2경인고속도로", "MAX_SPD": 100, "LENGTH": 583.14255429384696, "collDate": "2026-08-16 19:00:00.0", "routeId": "1010001102", "routeNm": "제2경인고속도로(안양성남)", "linkId": "2040340200", "startNodeId": "2040134100", "startNodeNm": "금토동IC", "endNodeId": "2040134600", "endNodeNm": "금토대교서측", "spd": "93", "vol": "0", "trvlTime": "23", "linkDelayTime": "0", "congGrade": "1" }, "geometry": { "type": "LineString", "coordinates": [ [ 127.078769958372021, 37.400430471353822 ], [ 127.078862589893475, 37.400442287449337 ], [ 127.079064263221127, 37.400470320491742 ], [ 127.079287440410965, 37.400503671015372 ], [ 127.079510009291951, 37.400539386706903 ], [ 127.07970996618252, 37.400573581884714 ], [ 127.079909393336123, 37.400609688147831 ], [ 127.080130080353754, 37.400651994011191 ], [ 127.080324755118866, 37.400691017596714 ], [ 127.080516386341557, 37.400731092623445 ], [ 127.080718973027118, 37.400775425294547 ], [ 127.080918140367245, 37.400823142391168 ], [ 127.081134408120263, 37.40087595440643 ], [ 127.081358161840782, 37.40093291277978 ], [ 127.081433793725736, 37.400952850768242 ], [ 127.081641413835712, 37.401010397269317 ], [ 127.081716488011836, 37.40103143560836 ], [ 127.0819244422472, 37.401093607222379 ], [ 127.082168491043831, 37.401173885538768 ], [ 127.082252751928252, 37.401199890788007 ], [ 127.082468037163409, 37.401272567654452 ], [ 127.082683545980331, 37.401348939959433 ], [ 127.082886445241925, 37.401423172676395 ], [ 127.082968646466711, 37.401452126998393 ], [ 127.083158384657509, 37.401520738902668 ], [ 127.083353620401553, 37.401593739103077 ], [ 127.083567732100036, 37.401676583710469 ], [ 127.083648967301059, 37.401708782816996 ], [ 127.083830782712667, 37.401782420632713 ], [ 127.084011674385465, 37.401857876183165 ], [ 127.084211408938671, 37.401943777988372 ], [ 127.084508185651842, 37.402076514578745 ], [ 127.084743032368081, 37.402186029563872 ], [ 127.084898556124756, 37.4022609915353 ] ] } },
{ "type": "Feature", "properties": { "LINK_ID": "2040340300", "ROAD_NO": "110", "ROAD_NAME": "제2경인고속도로", "MAX_SPD": 100, "LENGTH": 524.22990525742296, "collDate": "2026-08-16 19:00:00.0", "routeId": "1010001102", "routeNm": "제2경인고속도로(안양성남)", "linkId": "2040340300", "startNodeId": "2060098800", "startNodeNm": "금토대교동측", "endNodeId": "2040134600", "endNodeNm": "금토대교서측", "spd": "80", "vol": "0", "trvlTime": "24", "linkDelayTime": "0", "congGrade": "1" }, "geometry": { "type": "LineString", "coordinates": [ [ 127.101455821146629, 37.408632509546209 ], [ 127.101339162803669, 37.408569223684481 ], [ 127.101223049064515, 37.40851113529569 ], [ 127.100886180425135, 37.408347919669914 ], [ 127.100555680736903, 37.408204454323354 ], [ 127.100430670200481, 37.408155084678747 ], [ 127.100107819476278, 37.408034032554248 ], [ 127.099803932281432, 37.407928514240432 ], [ 127.096054020583665, 37.406718655075352 ] ] } },
{ "type": "Feature", "properties": { "LINK_ID": "2040340400", "ROAD_NO": "110", "ROAD_NAME": "제2경인고속도로", "MAX_SPD": 100, "LENGTH": 524.21938714839996, "collDate": "2026-08-16 19:00:00.0", "routeId": "1010001102", "routeNm": "제2경인고속도로(안양성남)", "linkId": "2040340400", "startNodeId": "2040134600", "startNodeNm": "금토대교서측", "endNodeId": "2060098800", "endNodeNm": "금토대교동측", "spd": "87", "vol": "0", "trvlTime": "22", "linkDelayTime": "0", "congGrade": "1" }, "geometry": { "type": "LineString", "coordinates": [ [ 127.090616002526531, 37.404847146551766 ], [ 127.090865775127, 37.404927948519692 ], [ 127.09105414291767, 37.404988675642151 ], [ 127.091190311490763, 37.4050325738311 ], [ 127.096104842671778, 37.406618421479799 ] ] } },
{ "type": "Feature", "properties": { "LINK_ID": "2040340500", "ROAD_NO": "110", "ROAD_NAME": "제2경인고속도로", "MAX_SPD": 100, "LENGTH": 222.70016036390601, "collDate": "2026-08-16 19:00:00.0", "routeId": "1010001102", "routeNm": "제2경인고속도로(안양성남)", "linkId": "2040340500", "startNodeId": "2040134800", "startNodeNm": "동판교IC", "endNodeId": "2060098800", "endNodeNm": "금토대교동측", "spd": "80", "vol": "0", "trvlTime": "11", "linkDelayTime": "0", "congGrade": "1" }, "geometry": { "type": "LineString", "coordinates": [ [ 127.103282970290323, 37.409999787389459 ], [ 127.103077866778946, 37.409805854943706 ], [ 127.102853466162344, 37.409601990166607 ], [ 127.10262083805668, 37.409405532171135 ], [ 127.10251437139739, 37.409317434535772 ], [ 127.102281891312018, 37.409142978633973 ], [ 127.102024818167436, 37.408968640803586 ], [ 127.101928870700959, 37.40890369696983 ], [ 127.101642573033374, 37.408733711088757 ], [ 127.101455821146629, 37.408632509546209 ] ] } },
{ "type": "Feature", "properties": { "LINK_ID": "2040340600", "ROAD_NO": "110", "ROAD_NAME": "제2경인고속도로", "MAX_SPD": 100, "LENGTH": 226.146989829278, "collDate": "2026-08-16 19:00:00.0", "routeId": "1010001102", "routeNm": "제2경인고속도로(안양성남)", "linkId": "2040340600", "startNodeId": "2060098800", "startNodeNm": "금토대교동측", "endNodeId": "2040134800", "endNodeNm": "동판교IC", "spd": "87", "vol": "0", "trvlTime": "10", "linkDelayTime": "0", "congGrade": "1" }, "geometry": { "type": "LineString", "coordinates": [ [ 127.101532014936836, 37.408543087992825 ], [ 127.101721156746095, 37.408645585047843 ], [ 127.102013269205642, 37.408819022936818 ], [ 127.102112611717388, 37.408886264074184 ], [ 127.102372281704859, 37.409062363664155 ], [ 127.102609655364887, 37.409240492204852 ], [ 127.102718900422403, 37.409330887644764 ], [ 127.102953695244324, 37.409529175335862 ], [ 127.10318060887866, 37.409735323618683 ], [ 127.103387779963171, 37.409931253387214 ] ] } },
{ "type": "Feature", "properties": { "LINK_ID": "2040340800", "ROAD_NO": "110", "ROAD_NAME": "제2경인고속도로", "MAX_SPD": 100, "LENGTH": 280.09420896308001, "collDate": "2026-08-16 19:00:00.0", "routeId": "1010001102", "routeNm": "제2경인고속도로(안양성남)", "linkId": "2040340800", "startNodeId": "2040135000", "startNodeNm": "동판교IC", "endNodeId": "2040134800", "endNodeNm": "동판교IC", "spd": "80", "vol": "0", "trvlTime": "13", "linkDelayTime": "0", "congGrade": "1" }, "geometry": { "type": "LineString", "coordinates": [ [ 127.104955974882941, 37.412136190399494 ], [ 127.104083376290475, 37.410903112195143 ], [ 127.104012731515581, 37.410807420335338 ], [ 127.103831938997388, 37.410573673714914 ], [ 127.103749464183281, 37.410481419558607 ], [ 127.103543816682162, 37.410260937475542 ], [ 127.103282970290323, 37.409999787389459 ] ] } },
{ "type": "Feature", "properties": { "LINK_ID": "2040340900", "ROAD_NO": "110", "ROAD_NAME": "제2경인고속도로", "MAX_SPD": 100, "LENGTH": 282.16504387728003, "collDate": "2026-08-16 19:00:00.0", "routeId": "1010001102", "routeNm": "제2경인고속도로(안양성남)", "linkId": "2040340900", "startNodeId": "2040134800", "startNodeNm": "동판교IC", "endNodeId": "2040135000", "endNodeNm": "동판교IC", "spd": "87", "vol": "0", "trvlTime": "12", "linkDelayTime": "0", "congGrade": "1" }, "geometry": { "type": "LineString", "coordinates": [ [ 127.103387779963171, 37.409931253387214 ], [ 127.103651223478607, 37.410194959018 ], [ 127.103859028354847, 37.410417754641465 ], [ 127.103944923143132, 37.410513832345039 ], [ 127.104128822049461, 37.410751595506554 ], [ 127.104200805692443, 37.410849099869807 ], [ 127.105073999770312, 37.412083017930065 ] ] } },
{ "type": "Feature", "properties": { "LINK_ID": "2040341300", "ROAD_NO": "110", "ROAD_NAME": "제2경인고속도로", "MAX_SPD": 80, "LENGTH": 812.84808257298698, "collDate": "2026-08-16 19:00:00.0", "routeId": "1010001102", "routeNm": "제2경인고속도로(안양성남)", "linkId": "2040341300", "startNodeId": "2040135200", "startNodeNm": "여수대로IC", "endNodeId": "2040135000", "endNodeNm": "동판교IC", "spd": "80", "vol": "0", "trvlTime": "36", "linkDelayTime": "0", "congGrade": "1" }, "geometry": { "type": "LineString", "coordinates": [ [ 127.115169436457961, 37.422214951883312 ], [ 127.114901698553794, 37.422249069646057 ], [ 127.114714399390365, 37.422272936744761 ], [ 127.114425799871739, 37.422293851542378 ], [ 127.113781774575187, 37.422331076991753 ], [ 127.113613755486554, 37.422335224688041 ], [ 127.113213659350606, 37.422350181582381 ], [ 127.112970774526943, 37.422363493106687 ], [ 127.112667040008674, 37.422371365933294 ], [ 127.11236189094673, 37.422327029862821 ], [ 127.112116967464203, 37.422313449801123 ], [ 127.111883677025162, 37.422286314126936 ], [ 127.11165775650602, 37.42224585579396 ], [ 127.111436029097945, 37.422193510456601 ], [ 127.111219186556497, 37.422129459492865 ], [ 127.111008199825065, 37.42205398944207 ], [ 127.110804011666261, 37.421967437333052 ], [ 127.110607535531756, 37.421870191585469 ], [ 127.110419651032814, 37.42176268570617 ], [ 127.110241199426667, 37.421645402797488 ], [ 127.110072979083924, 37.421518866550485 ], [ 127.109915742102544, 37.421383643950122 ], [ 127.109770192039278, 37.421240338969262 ], [ 127.109636981653011, 37.421089594371814 ], [ 127.109516703853018, 37.420932081808914 ], [ 127.109409901881733, 37.420768511719835 ], [ 127.109317048945783, 37.420599609022403 ], [ 127.109238561804034, 37.420426133823078 ], [ 127.109174847280144, 37.420249014723836 ], [ 127.109118138747178, 37.420033287708911 ], [ 127.109073701898581, 37.419799334358196 ], [ 127.109038014663341, 37.419566108142355 ], [ 127.108996574367012, 37.419298712497913 ], [ 127.108962287879919, 37.419093967930685 ], [ 127.108912627873536, 37.418827624090646 ], [ 127.108885684290186, 37.418713189540846 ] ] } },
{ "type": "Feature", "properties": { "LINK_ID": "2040341400", "ROAD_NO": "110", "ROAD_NAME": "제2경인고속도로", "MAX_SPD": 80, "LENGTH": 816.79089155193105, "collDate": "2026-08-16 19:00:00.0", "routeId": "1010001102", "routeNm": "제2경인고속도로(안양성남)", "linkId": "2040341400", "startNodeId": "2040135000", "startNodeNm": "동판교IC", "endNodeId": "2040135200", "endNodeNm": "여수대로IC", "spd": "80", "vol": "0", "trvlTime": "37", "linkDelayTime": "0", "congGrade": "1" }, "geometry": { "type": "LineString", "coordinates": [ [ 127.105073999770312, 37.412083017930065 ], [ 127.105430011905483, 37.412585532890617 ], [ 127.107514718970108, 37.415541339930975 ], [ 127.107709825126264, 37.415819559064502 ], [ 127.107856040323654, 37.416034226784994 ], [ 127.108006862754905, 37.416267597053526 ], [ 127.108134175520775, 37.416480151672253 ], [ 127.108220405522999, 37.416629433698716 ], [ 127.108228886337898, 37.41664476667524 ], [ 127.10832674899315, 37.41682173437507 ], [ 127.108436195725005, 37.417037247742456 ], [ 127.108554544906127, 37.417292799487477 ], [ 127.108669947685286, 37.417567939245551 ], [ 127.108780432822371, 37.417863418483513 ], [ 127.10888884529524, 37.418196714344823 ], [ 127.10897972383701, 37.418526777180254 ], [ 127.109018916464635, 37.418693233495311 ] ] } },
{ "type": "Feature", "properties": { "LINK_ID": "2040370200", "ROAD_NO": "171", "ROAD_NAME": "용인서울고속도로", "MAX_SPD": 50, "LENGTH": 417.29108934033201, "collDate": "2026-08-16 19:04:00.0", "routeId": "1010001711", "routeNm": "용인서울고속도로", "linkId": "2040370200", "startNodeId": "2040142900", "startNodeNm": "금토JC", "endNodeId": "2040022100", "endNodeNm": "금토TG", "spd": "50", "vol": "12", "trvlTime": "16", "linkDelayTime": "0", "congGrade": "1" }, "geometry": { "type": "LineString", "coordinates": [ [ 127.083788763921859, 37.414012630008088 ], [ 127.081392320945923, 37.410774942465146 ] ] } },
{ "type": "Feature", "properties": { "LINK_ID": "2040370300", "ROAD_NO": "171", "ROAD_NAME": "용인서울고속도로", "MAX_SPD": 100, "LENGTH": 417.30900032462199, "collDate": "2026-08-16 19:04:00.0", "routeId": "1010001711", "routeNm": "용인서울고속도로", "linkId": "2040370300", "startNodeId": "2040022100", "startNodeNm": "금토TG", "endNodeId": "2040142900", "endNodeNm": "금토JC", "spd": "96", "vol": "11", "trvlTime": "16", "linkDelayTime": "0", "congGrade": "1" }, "geometry": { "type": "LineString", "coordinates": [ [ 127.081508995764281, 37.410719911756459 ], [ 127.083905546214623, 37.41395773529193 ] ] } },
{ "type": "Feature", "properties": { "LINK_ID": "2040370400", "ROAD_NO": "171", "ROAD_NAME": "용인서울고속도로", "MAX_SPD": 50, "LENGTH": 479.47234856282, "collDate": "2026-08-16 18:50:34.0", "routeId": "1010000011", "routeNm": "경부고속도로", "linkId": "2040370400", "startNodeId": "2040142800", "startNodeNm": "금토JC", "endNodeId": "2040142900", "endNodeNm": "금토JC", "spd": "62", "vol": "0", "trvlTime": "28", "linkDelayTime": "0", "congGrade": "1" }, "geometry": { "type": "LineString", "coordinates": [ [ 127.082396684615787, 37.417812320861991 ], [ 127.083033983707622, 37.416982048552761 ], [ 127.083665943043854, 37.416263153291169 ], [ 127.084045144047849, 37.415859127937388 ], [ 127.084245763062626, 37.41552647949495 ], [ 127.084282324361183, 37.41493863055711 ], [ 127.083788763921859, 37.414012630008088 ] ] } },
{ "type": "Feature", "properties": { "LINK_ID": "2040370500", "ROAD_NO": "171", "ROAD_NAME": "용인서울고속도로", "MAX_SPD": 100, "LENGTH": 307.36721695059401, "collDate": "2026-08-16 19:04:00.0", "routeId": "1010001711", "routeNm": "용인서울고속도로", "linkId": "2040370500", "startNodeId": "2040143000", "startNodeNm": "고산터널남측", "endNodeId": "2040142900", "endNodeNm": "금토JC", "spd": "94", "vol": "12", "trvlTime": "12", "linkDelayTime": "0", "congGrade": "1" }, "geometry": { "type": "LineString", "coordinates": [ [ 127.085549126019117, 37.416399725535392 ], [ 127.083788763921859, 37.414012630008088 ] ] } },
{ "type": "Feature", "properties": { "LINK_ID": "2040370600", "ROAD_NO": "171", "ROAD_NAME": "용인서울고속도로", "MAX_SPD": 100, "LENGTH": 307.50273681097798, "collDate": "2026-08-16 19:04:00.0", "routeId": "1010001711", "routeNm": "용인서울고속도로", "linkId": "2040370600", "startNodeId": "2040142900", "startNodeNm": "금토JC", "endNodeId": "2040143000", "endNodeNm": "고산터널남측", "spd": "96", "vol": "11", "trvlTime": "12", "linkDelayTime": "0", "congGrade": "1" }, "geometry": { "type": "LineString", "coordinates": [ [ 127.083905546214623, 37.41395773529193 ], [ 127.08566667420024, 37.416345887537091 ] ] } },
{ "type": "Feature", "properties": { "LINK_ID": "2040370700", "ROAD_NO": "171", "ROAD_NAME": "용인서울고속도로", "MAX_SPD": 100, "LENGTH": 603.67265578741501, "collDate": "2026-08-16 19:04:00.0", "routeId": "1010001711", "routeNm": "용인서울고속도로", "linkId": "2040370700", "startNodeId": "2040143100", "startNodeNm": "고산터널북측", "endNodeId": "2040143000", "endNodeNm": "고산터널남측", "spd": "94", "vol": "12", "trvlTime": "24", "linkDelayTime": "0", "congGrade": "1" }, "geometry": { "type": "LineString", "coordinates": [ [ 127.08888328316462, 37.421144514473795 ], [ 127.085549126019117, 37.416399725535392 ] ] } },
{ "type": "Feature", "properties": { "LINK_ID": "2040370800", "ROAD_NO": "171", "ROAD_NAME": "용인서울고속도로", "MAX_SPD": 100, "LENGTH": 604.35771839622601, "collDate": "2026-08-16 19:04:00.0", "routeId": "1010001711", "routeNm": "용인서울고속도로", "linkId": "2040370800", "startNodeId": "2040143000", "startNodeNm": "고산터널남측", "endNodeId": "2040143100", "endNodeNm": "고산터널북측", "spd": "96", "vol": "11", "trvlTime": "23", "linkDelayTime": "0", "congGrade": "1" }, "geometry": { "type": "LineString", "coordinates": [ [ 127.08566667420024, 37.416345887537091 ], [ 127.089004374566883, 37.421096167481387 ] ] } },
{ "type": "Feature", "properties": { "LINK_ID": "2040370900", "ROAD_NO": "171", "ROAD_NAME": "용인서울고속도로", "MAX_SPD": 100, "LENGTH": 297.70069384615698, "collDate": "2026-08-16 19:04:00.0", "routeId": "1010001711", "routeNm": "용인서울고속도로", "linkId": "2040370900", "startNodeId": "2040022200", "startNodeNm": "고등IC", "endNodeId": "2040143100", "endNodeNm": "고산터널북측", "spd": "94", "vol": "12", "trvlTime": "12", "linkDelayTime": "0", "congGrade": "1" }, "geometry": { "type": "LineString", "coordinates": [ [ 127.089992207939062, 37.423672431264407 ], [ 127.089535632489273, 37.4224175525083 ], [ 127.089178649993386, 37.421675690057647 ], [ 127.08888328316462, 37.421144514473795 ] ] } },
{ "type": "Feature", "properties": { "LINK_ID": "2040371000", "ROAD_NO": "171", "ROAD_NAME": "용인서울고속도로", "MAX_SPD": 100, "LENGTH": 300.21160415915699, "collDate": "2026-08-16 19:04:00.0", "routeId": "1010001711", "routeNm": "용인서울고속도로", "linkId": "2040371000", "startNodeId": "2040143100", "startNodeNm": "고산터널북측", "endNodeId": "2040022200", "endNodeNm": "고등IC", "spd": "96", "vol": "11", "trvlTime": "12", "linkDelayTime": "0", "congGrade": "1" }, "geometry": { "type": "LineString", "coordinates": [ [ 127.089004374566883, 37.421096167481387 ], [ 127.089302575329157, 37.421631854797511 ], [ 127.089662194907675, 37.422378802925799 ], [ 127.090123716863829, 37.423645116388094 ] ] } },
{ "type": "Feature", "properties": { "LINK_ID": "2040388600", "ROAD_NO": "1", "ROAD_NAME": "경부고속도로", "MAX_SPD": 110, "LENGTH": 514.90105123935905, "collDate": "2026-08-16 19:00:00.0", "routeId": "1010000011", "routeNm": "경부고속도로", "linkId": "2040388600", "startNodeId": "2040142800", "startNodeNm": "금토JC", "endNodeId": "2040146000", "endNodeNm": "대왕판교IC", "spd": "93", "vol": "0", "trvlTime": "20", "linkDelayTime": "0", "congGrade": "1" }, "geometry": { "type": "LineString", "coordinates": [ [ 127.082396684615787, 37.417812320861991 ], [ 127.086051188208501, 37.41420304255216 ] ] } },
{ "type": "Feature", "properties": { "LINK_ID": "2040388700", "ROAD_NO": "1", "ROAD_NAME": "경부고속도로", "MAX_SPD": 110, "LENGTH": 514.94103247925898, "collDate": "2026-08-16 19:00:00.0", "routeId": "1010000011", "routeNm": "경부고속도로", "linkId": "2040388700", "startNodeId": "2040146000", "startNodeNm": "대왕판교IC", "endNodeId": "2040142800", "endNodeNm": "금토JC", "spd": "85", "vol": "0", "trvlTime": "22", "linkDelayTime": "0", "congGrade": "2" }, "geometry": { "type": "LineString", "coordinates": [ [ 127.089811078860293, 37.410661296484129 ], [ 127.086156644250835, 37.41427097323065 ] ] } },
{ "type": "Feature", "properties": { "LINK_ID": "2040389100", "ROAD_NO": "1", "ROAD_NAME": "경부고속도로", "MAX_SPD": 110, "LENGTH": 600.77344509349803, "collDate": "2026-08-16 19:00:00.0", "routeId": "1010000011", "routeNm": "경부고속도로", "linkId": "2040389100", "startNodeId": "2040146000", "startNodeNm": "대왕판교IC", "endNodeId": "2060004900", "endNodeNm": "판교JC남측", "spd": "99", "vol": "0", "trvlTime": "22", "linkDelayTime": "0", "congGrade": "1" }, "geometry": { "type": "LineString", "coordinates": [ [ 127.089705915163776, 37.410593082569775 ], [ 127.09395520996236, 37.406372702185358 ] ] } },
{ "type": "Feature", "properties": { "LINK_ID": "2040389500", "ROAD_NO": "1", "ROAD_NAME": "경부고속도로", "MAX_SPD": 110, "LENGTH": 600.86294502161604, "collDate": "2026-08-16 19:00:00.0", "routeId": "1010000011", "routeNm": "경부고속도로", "linkId": "2040389500", "startNodeId": "2060004900", "startNodeNm": "판교JC남측", "endNodeId": "2040146000", "endNodeNm": "대왕판교IC", "spd": "91", "vol": "0", "trvlTime": "24", "linkDelayTime": "0", "congGrade": "1" }, "geometry": { "type": "LineString", "coordinates": [ [ 127.098409657108064, 37.402283285320877 ], [ 127.09411060726336, 37.406472370228428 ] ] } },
{ "type": "Feature", "properties": { "LINK_ID": "2040410000", "ROAD_NO": "100", "ROAD_NAME": "수도권제1순환고속도로", "MAX_SPD": 100, "LENGTH": 752.34637976339195, "collDate": "2026-08-16 19:00:00.0", "routeId": "1010001001", "routeNm": "수도권 제1순환고속도로", "linkId": "2040410000", "startNodeId": "2060108900", "startNodeNm": "성남시수정구-성남시분", "endNodeId": "2040000100", "endNodeNm": "판교JC", "spd": "95", "vol": "0", "trvlTime": "29", "linkDelayTime": "0", "congGrade": "1" }, "geometry": { "type": "LineString", "coordinates": [ [ 127.07631033247587, 37.395793144525086 ], [ 127.07640914268849, 37.395832150536052 ], [ 127.076591641728172, 37.3959082120613 ], [ 127.07677104898832, 37.395987556832509 ], [ 127.076948016881857, 37.396069837545674 ], [ 127.077123517116519, 37.396153306496615 ], [ 127.077296517540148, 37.396239118575423 ], [ 127.077468329610269, 37.39632755585459 ], [ 127.077638454658057, 37.396417993357502 ], [ 127.077806610905057, 37.396510961978599 ], [ 127.077972516544961, 37.396606962879979 ], [ 127.078135830006218, 37.396705493526603 ], [ 127.078296892587289, 37.396806775354406 ], [ 127.078454610751891, 37.396909399900146 ], [ 127.078608860443552, 37.397014617877637 ], [ 127.078762235846298, 37.397120337202182 ], [ 127.078915016595545, 37.397227212733284 ], [ 127.079068047922632, 37.397334618598997 ], [ 127.079219360559151, 37.397443931076566 ], [ 127.07936964249356, 37.39755427571982 ], [ 127.07951970440395, 37.39766546187186 ], [ 127.079670048234689, 37.397776899927237 ], [ 127.079820797851113, 37.39788824380895 ], [ 127.079972642198541, 37.397998462280988 ], [ 127.080124892200544, 37.398108463134683 ], [ 127.080275486338437, 37.3982199624119 ], [ 127.08042557895655, 37.398332024974493 ], [ 127.08050007950672, 37.398386586989083 ], [ 127.08050364208016, 37.39838921194211 ], [ 127.08057576693912, 37.398442024841245 ], [ 127.080726454773909, 37.398555399399847 ], [ 127.080876548128103, 37.398666899145141 ], [ 127.081027079230765, 37.398778618246837 ], [ 127.081177360986501, 37.398890149913306 ], [ 127.081327548252858, 37.399001619280966 ], [ 127.08147745382162, 37.399113275161042 ], [ 127.081627079681709, 37.399224868871386 ], [ 127.081776172814969, 37.399336368151246 ], [ 127.081926985482568, 37.399448024629137 ], [ 127.082077141607911, 37.399558931718403 ], [ 127.082226955147704, 37.399670118169489 ], [ 127.082376549311803, 37.399781681208147 ], [ 127.082821277261516, 37.400110722356139 ] ] } },
{ "type": "Feature", "properties": { "LINK_ID": "2040410100", "ROAD_NO": "100", "ROAD_NAME": "수도권제1순환고속도로", "MAX_SPD": 100, "LENGTH": 760.07982957648596, "collDate": "2026-08-16 19:00:00.0", "routeId": "1010001001", "routeNm": "수도권 제1순환고속도로", "linkId": "2040410100", "startNodeId": "2040000100", "startNodeNm": "판교JC", "endNodeId": "2060108900", "endNodeNm": "성남시수정구-성남시분", "spd": "89", "vol": "0", "trvlTime": "31", "linkDelayTime": "0", "congGrade": "1" }, "geometry": { "type": "LineString", "coordinates": [ [ 127.089617824777307, 37.404184934729969 ], [ 127.088395610336022, 37.403750931281174 ], [ 127.088214392870611, 37.403669180971725 ], [ 127.088034111411616, 37.403585869118615 ], [ 127.08785464183471, 37.403501086821414 ], [ 127.087676048311693, 37.403414650227965 ], [ 127.087500079803419, 37.403327055411232 ], [ 127.08732586028276, 37.403242556748353 ], [ 127.087148798977879, 37.403152743900122 ], [ 127.086974298864746, 37.403062243224454 ], [ 127.086801142119981, 37.402970806044017 ], [ 127.086629267055798, 37.402878805432415 ], [ 127.086457954779888, 37.40278574365643 ], [ 127.0862872049007, 37.40269127472677 ], [ 127.086117766990199, 37.402596055845009 ], [ 127.085949142733497, 37.402500868563997 ], [ 127.085780548614011, 37.402404993540017 ], [ 127.085612391825691, 37.402307961947542 ], [ 127.085445298709644, 37.402209337241679 ], [ 127.085279391780816, 37.402109587869347 ], [ 127.085115111019789, 37.402008274721567 ], [ 127.084952360819784, 37.401906743998921 ], [ 127.084789673956422, 37.401803900217466 ], [ 127.084628704893746, 37.401699618753376 ], [ 127.084468642777168, 37.401594962496489 ], [ 127.084307673574116, 37.401487743263097 ], [ 127.084149642804178, 37.401378837709046 ], [ 127.083994360381396, 37.401269962426021 ], [ 127.083840547455466, 37.401160805677335 ], [ 127.08368817333826, 37.401052212648146 ], [ 127.083535548827825, 37.400943524990055 ], [ 127.083382830360819, 37.400834244327172 ], [ 127.083230142104668, 37.400724306599166 ], [ 127.083078174162381, 37.400613743758029 ], [ 127.082926360877792, 37.400502712079835 ], [ 127.082776267116969, 37.400390774375495 ], [ 127.082625444221264, 37.400279180724255 ] ] } },
{ "type": "Feature", "properties": { "LINK_ID": "2040410200", "ROAD_NO": "51", "ROAD_NAME": "분당내곡간도시고속화도로", "MAX_SPD": 80, "LENGTH": 675.86140826825101, "collDate": "2026-08-16 19:00:00.0", "routeId": "1020000501", "routeNm": "분당내곡로", "linkId": "2040410200", "startNodeId": "2060109100", "startNodeNm": "광장지하차도", "endNodeId": "2040135100", "endNodeNm": "동판교IC", "spd": "66", "vol": "0", "trvlTime": "37", "linkDelayTime": "0", "congGrade": "1" }, "geometry": { "type": "LineString", "coordinates": [ [ 127.111651792595879, 37.406093700437722 ], [ 127.111490631227738, 37.406273940139428 ], [ 127.111324563128676, 37.406451140737502 ], [ 127.111153140140715, 37.406625065518142 ], [ 127.110976462624933, 37.406795613449965 ], [ 127.110794636590427, 37.406962681694075 ], [ 127.110607769185847, 37.407126171915635 ], [ 127.11041597095425, 37.407285987578653 ], [ 127.109487861393589, 37.407993830457045 ], [ 127.106360010749853, 37.41047177404252 ] ] } },
{ "type": "Feature", "properties": { "LINK_ID": "2040410300", "ROAD_NO": "51", "ROAD_NAME": "분당내곡간도시고속화도로", "MAX_SPD": 80, "LENGTH": 674.855053123311, "collDate": "2026-08-16 19:00:00.0", "routeId": "1020000501", "routeNm": "분당내곡로", "linkId": "2040410300", "startNodeId": "2040135100", "startNodeNm": "동판교IC", "endNodeId": "2060109100", "endNodeNm": "광장지하차도", "spd": "74", "vol": "0", "trvlTime": "33", "linkDelayTime": "0", "congGrade": "1" }, "geometry": { "type": "LineString", "coordinates": [ [ 127.106257166259013, 37.410397772095756 ], [ 127.106596295093851, 37.410130744957577 ], [ 127.106790766299497, 37.409979545988641 ], [ 127.108630092975659, 37.408522219166379 ], [ 127.110083086306062, 37.407402995369317 ], [ 127.11028568982843, 37.407248224891859 ], [ 127.110483409517926, 37.407089485129795 ], [ 127.110676122405309, 37.406926875334598 ], [ 127.110863711176336, 37.406760497455664 ], [ 127.111046059645957, 37.406590450738435 ], [ 127.111223053906158, 37.406416844337343 ], [ 127.111394585690718, 37.406239781094442 ], [ 127.111571249728058, 37.406047743013083 ] ] } },
{ "type": "Feature", "properties": { "LINK_ID": "2040410400", "ROAD_NO": "100", "ROAD_NAME": "수도권제1순환고속도로", "MAX_SPD": 100, "LENGTH": 736.11208318587103, "collDate": "2026-08-16 19:00:00.0", "routeId": "1010001001", "routeNm": "수도권 제1순환고속도로", "linkId": "2040410400", "startNodeId": "2040153200", "startNodeNm": "성남시수정구-성남시분", "endNodeId": "2040153300", "endNodeNm": "성남시수정구-성남시중", "spd": "87", "vol": "0", "trvlTime": "31", "linkDelayTime": "0", "congGrade": "1" }, "geometry": { "type": "LineString", "coordinates": [ [ 127.106735548629828, 37.407604759167135 ], [ 127.107100017627999, 37.40760864932124 ], [ 127.108593267641325, 37.407631149870888 ], [ 127.109069079366819, 37.407630024421763 ], [ 127.109161923296497, 37.407629806288398 ], [ 127.110014798844844, 37.407627775074772 ], [ 127.111069329808245, 37.407645837609373 ], [ 127.111501767117161, 37.407674993946635 ], [ 127.1118953613895, 37.407704399911587 ], [ 127.112315517539017, 37.407756556215382 ], [ 127.11296361023075, 37.407905025120364 ], [ 127.113378579595874, 37.408008368628316 ], [ 127.113946579597041, 37.408186087534268 ], [ 127.114329891753925, 37.408308899502948 ], [ 127.114556204841492, 37.408395618930783 ], [ 127.114855563522582, 37.408528062632485 ] ] } },
{ "type": "Feature", "properties": { "LINK_ID": "2040410500", "ROAD_NO": "100", "ROAD_NAME": "수도권제1순환고속도로", "MAX_SPD": 100, "LENGTH": 731.04087096195406, "collDate": "2026-08-16 19:00:00.0", "routeId": "1010001001", "routeNm": "수도권 제1순환고속도로", "linkId": "2040410500", "startNodeId": "2040153300", "startNodeNm": "성남시수정구-성남시중", "endNodeId": "2040153200", "endNodeNm": "성남시수정구-성남시분", "spd": "86", "vol": "0", "trvlTime": "31", "linkDelayTime": "0", "congGrade": "1" }, "geometry": { "type": "LineString", "coordinates": [ [ 127.120022524772736, 37.413574463369294 ], [ 127.119977704794678, 37.413515837306946 ], [ 127.119793892660837, 37.413266118011805 ], [ 127.119315266637798, 37.412655462504517 ], [ 127.118891610825216, 37.412084650453096 ], [ 127.118599641728878, 37.41169668105956 ], [ 127.118386516724811, 37.411414212519929 ], [ 127.118322048110713, 37.411328774842758 ], [ 127.118251174103492, 37.411234837914677 ], [ 127.118081329155785, 37.411009712320883 ], [ 127.117984361384899, 37.410907524522599 ], [ 127.11744354890476, 37.410337588017356 ], [ 127.117259642585708, 37.410155461905312 ], [ 127.117011891840832, 37.409939024814236 ], [ 127.116536454583226, 37.409575056360566 ], [ 127.116254236719172, 37.4093797742253 ], [ 127.116073236608173, 37.409250588184463 ], [ 127.115913392376584, 37.409155336946107 ], [ 127.115534204563161, 37.408949774665793 ], [ 127.115140141854951, 37.408750837329286 ], [ 127.114804046382844, 37.408602159630234 ] ] } },
{ "type": "Feature", "properties": { "LINK_ID": "2040410800", "ROAD_NO": "51", "ROAD_NAME": "분당내곡간도시고속화도로", "MAX_SPD": 80, "LENGTH": 642.02008371901002, "collDate": "2026-08-16 19:00:00.0", "routeId": "1020000501", "routeNm": "분당내곡로", "linkId": "2040410800", "startNodeId": "2040135100", "startNodeNm": "동판교IC", "endNodeId": "2040134900", "endNodeNm": "동판교IC", "spd": "75", "vol": "0", "trvlTime": "31", "linkDelayTime": "0", "congGrade": "1" }, "geometry": { "type": "LineString", "coordinates": [ [ 127.106360010749853, 37.41047177404252 ], [ 127.105788533036886, 37.410998534041092 ], [ 127.105633071959303, 37.411168908925667 ], [ 127.105484293413312, 37.411343040295911 ], [ 127.10534234177247, 37.41152076045848 ], [ 127.105207353506813, 37.411701900825591 ], [ 127.105079458303237, 37.411886285606769 ], [ 127.104958774558568, 37.412073739921844 ], [ 127.10448907827039, 37.413035178426512 ], [ 127.104428582933167, 37.413250580824823 ], [ 127.104276115222149, 37.413749169895141 ], [ 127.104057491612963, 37.415799700661672 ] ] } },
{ "type": "Feature", "properties": { "LINK_ID": "2040410900", "ROAD_NO": "51", "ROAD_NAME": "분당내곡간도시고속화도로", "MAX_SPD": 80, "LENGTH": 648.96130666098998, "collDate": "2026-08-16 19:00:00.0", "routeId": "1020000501", "routeNm": "분당내곡로", "linkId": "2040410900", "startNodeId": "2040134900", "startNodeNm": "동판교IC", "endNodeId": "2040135100", "endNodeNm": "동판교IC", "spd": "74", "vol": "0", "trvlTime": "32", "linkDelayTime": "0", "congGrade": "1" }, "geometry": { "type": "LineString", "coordinates": [ [ 127.103920499347225, 37.415791135739553 ], [ 127.103974736245021, 37.415257681332491 ], [ 127.104144861120815, 37.413716993069841 ], [ 127.104215810512741, 37.413482554801149 ], [ 127.104295404416547, 37.413249889268862 ], [ 127.104383573003346, 37.413019198345722 ], [ 127.10448023854029, 37.412790683909776 ], [ 127.10458531764499, 37.412564544238435 ], [ 127.104698717902195, 37.412340977615649 ], [ 127.104820341247617, 37.412120178724862 ], [ 127.104950081709248, 37.411902338651203 ], [ 127.105087824280432, 37.411687646684577 ], [ 127.105233450571689, 37.411476293017792 ], [ 127.105383924654944, 37.411295962343679 ], [ 127.105540305617666, 37.411118859958563 ], [ 127.105870353902233, 37.410774826000207 ], [ 127.106043791100547, 37.410608135157908 ], [ 127.106257166259013, 37.410397772095756 ] ] } },
{ "type": "Feature", "properties": { "LINK_ID": "2040411000", "ROAD_NO": "23", "ROAD_NAME": "대왕판교로", "MAX_SPD": 60, "LENGTH": 142.96048016512299, "collDate": "2026-08-16 19:00:00.0", "routeId": "1050000234", "routeNm": "밤고개로/대왕판교로/신수로", "linkId": "2040411000", "startNodeId": "2040000302", "startNodeNm": "금토동삼거리", "endNodeId": "2040000301", "endNodeNm": "광명터널", "spd": "36", "vol": "0", "trvlTime": "15", "linkDelayTime": "0", "congGrade": "2" }, "geometry": { "type": "LineString", "coordinates": [ [ 127.099555039008465, 37.410947333968146 ], [ 127.099865329448249, 37.412211431603346 ] ] } },
{ "type": "Feature", "properties": { "LINK_ID": "2040411100", "ROAD_NO": "23", "ROAD_NAME": "대왕판교로", "MAX_SPD": 60, "LENGTH": 132.57711059678601, "collDate": "2026-08-16 19:00:00.0", "routeId": "1050000234", "routeNm": "밤고개로/대왕판교로/신수로", "linkId": "2040411100", "startNodeId": "2040000301", "startNodeNm": "광명터널", "endNodeId": "2040000302", "endNodeNm": "금토동삼거리", "spd": "31", "vol": "0", "trvlTime": "16", "linkDelayTime": "0", "congGrade": "2" }, "geometry": { "type": "LineString", "coordinates": [ [ 127.099709789000173, 37.412140391675074 ], [ 127.099422006741207, 37.41096811124072 ] ] } },
{ "type": "Feature", "properties": { "LINK_ID": "2040411200", "ROAD_NO": "23", "ROAD_NAME": "대왕판교로", "MAX_SPD": 60, "LENGTH": 194.91571662396601, "collDate": "2026-08-16 19:00:00.0", "routeId": "1050000234", "routeNm": "밤고개로/대왕판교로/신수로", "linkId": "2040411200", "startNodeId": "2040000301", "startNodeNm": "광명터널", "endNodeId": "2040000300", "endNodeNm": "한국인터넷진흥원", "spd": "36", "vol": "0", "trvlTime": "20", "linkDelayTime": "0", "congGrade": "2" }, "geometry": { "type": "LineString", "coordinates": [ [ 127.099865329448249, 37.412211431603346 ], [ 127.099908829744408, 37.412388618113901 ], [ 127.099993860896816, 37.412622275097149 ], [ 127.100000579633729, 37.412636712750924 ], [ 127.100335267351028, 37.413356274940902 ], [ 127.100335329686416, 37.413356430764296 ], [ 127.100335423651543, 37.413356587461863 ], [ 127.100335485988154, 37.413356744186252 ], [ 127.100569060363938, 37.413873144152916 ] ] } },
{ "type": "Feature", "properties": { "LINK_ID": "2040411300", "ROAD_NO": "23", "ROAD_NAME": "대왕판교로", "MAX_SPD": 60, "LENGTH": 189.89313335847501, "collDate": "2026-08-16 19:00:00.0", "routeId": "1050000234", "routeNm": "밤고개로/대왕판교로/신수로", "linkId": "2040411300", "startNodeId": "2040000300", "startNodeNm": "한국인터넷진흥원", "endNodeId": "2040000301", "endNodeNm": "광명터널", "spd": "31", "vol": "0", "trvlTime": "23", "linkDelayTime": "0", "congGrade": "2" }, "geometry": { "type": "LineString", "coordinates": [ [ 127.100441548415887, 37.413909836582491 ], [ 127.100208079914736, 37.413393649858307 ], [ 127.099873486162451, 37.41267430618047 ], [ 127.099865923460783, 37.412658024846301 ], [ 127.099865111103298, 37.412656181146353 ], [ 127.099864391329547, 37.41265430583254 ], [ 127.099777828888008, 37.412416430576876 ], [ 127.099777017043436, 37.412414118345865 ], [ 127.099776392626126, 37.412411743786329 ], [ 127.099747209783715, 37.412292838515981 ] ] } },
{ "type": "Feature", "properties": { "LINK_ID": "2040411600", "ROAD_NO": "51", "ROAD_NAME": "분당내곡간도시고속화도로", "MAX_SPD": 80, "LENGTH": 344.51190679901202, "collDate": "2026-08-16 19:00:00.0", "routeId": "1020000501", "routeNm": "분당내곡로", "linkId": "2040411600", "startNodeId": "2040134900", "startNodeNm": "동판교IC", "endNodeId": "2040004800", "endNodeNm": "시흥지하차도", "spd": "75", "vol": "0", "trvlTime": "17", "linkDelayTime": "0", "congGrade": "1" }, "geometry": { "type": "LineString", "coordinates": [ [ 127.104057491612963, 37.415799700661672 ], [ 127.104021361545918, 37.416116306558358 ], [ 127.103916079871325, 37.417458119238475 ], [ 127.103791080565401, 37.418559275169343 ], [ 127.103714199264459, 37.418889735093813 ] ] } },
{ "type": "Feature", "properties": { "LINK_ID": "2040411700", "ROAD_NO": "51", "ROAD_NAME": "분당내곡간도시고속화도로", "MAX_SPD": 80, "LENGTH": 343.414754395231, "collDate": "2026-08-16 19:00:00.0", "routeId": "1020000501", "routeNm": "분당내곡로", "linkId": "2040411700", "startNodeId": "2040004800", "startNodeNm": "시흥지하차도", "endNodeId": "2040134900", "endNodeNm": "동판교IC", "spd": "68", "vol": "0", "trvlTime": "19", "linkDelayTime": "0", "congGrade": "1" }, "geometry": { "type": "LineString", "coordinates": [ [ 127.103580905291352, 37.418870004761594 ], [ 127.103678531703849, 37.418519235367896 ], [ 127.103702036383652, 37.418239608978951 ], [ 127.103830145223, 37.41679637690364 ], [ 127.103920499347225, 37.415791135739553 ] ] } },
{ "type": "Feature", "properties": { "LINK_ID": "2040411800", "ROAD_NO": "61", "ROAD_NAME": "분당수서로", "MAX_SPD": 80, "LENGTH": 264.20833542768901, "collDate": "2026-08-16 19:00:00.0", "routeId": "1020000651", "routeNm": "분당수서로", "linkId": "2040411800", "startNodeId": "2040004600", "startNodeNm": "탄천교", "endNodeId": "2040004900", "endNodeNm": "탄천교", "spd": "77", "vol": "0", "trvlTime": "13", "linkDelayTime": "0", "congGrade": "1" }, "geometry": { "type": "LineString", "coordinates": [ [ 127.117985449963939, 37.417368568890012 ], [ 127.11799782973506, 37.417419680792349 ], [ 127.118081611050272, 37.417633774579599 ], [ 127.118195610723944, 37.417925181491583 ], [ 127.118332111387573, 37.4182370558119 ], [ 127.118454642126736, 37.418476212875717 ], [ 127.119130266867472, 37.419452118566888 ], [ 127.119186500167615, 37.419536406803331 ] ] } },
{ "type": "Feature", "properties": { "LINK_ID": "2040411900", "ROAD_NO": "61", "ROAD_NAME": "분당수서로", "MAX_SPD": 80, "LENGTH": 268.77955569174901, "collDate": "2026-08-16 19:00:00.0", "routeId": "1020000651", "routeNm": "분당수서로", "linkId": "2040411900", "startNodeId": "2040004900", "startNodeNm": "탄천교", "endNodeId": "2040004600", "endNodeNm": "탄천교", "spd": "71", "vol": "0", "trvlTime": "14", "linkDelayTime": "0", "congGrade": "1" }, "geometry": { "type": "LineString", "coordinates": [ [ 127.119033993842834, 37.419601148452671 ], [ 127.118968330045234, 37.41950274404784 ], [ 127.118292704883174, 37.41852624366792 ], [ 127.118170173497887, 37.418287118875256 ], [ 127.118033673117054, 37.417975775069635 ], [ 127.117990517385763, 37.417865337102896 ], [ 127.117835892201001, 37.41746971186766 ], [ 127.117817735799548, 37.417394368506073 ] ] } },
{ "type": "Feature", "properties": { "LINK_ID": "2040412000", "ROAD_NO": "1", "ROAD_NAME": "경부고속도로", "MAX_SPD": 110, "LENGTH": 907.97596863378101, "collDate": "2026-08-16 19:00:00.0", "routeId": "1010000011", "routeNm": "경부고속도로", "linkId": "2040412000", "startNodeId": "2040142800", "startNodeNm": "금토JC", "endNodeId": "1210085500", "endNodeNm": "서초구-성남시수정구", "spd": "86", "vol": "0", "trvlTime": "39", "linkDelayTime": "0", "congGrade": "2" }, "geometry": { "type": "LineString", "coordinates": [ [ 127.082501859006072, 37.417880535235973 ], [ 127.079761497042, 37.420550098763293 ], [ 127.076070542944493, 37.424253517548166 ] ] } },
{ "type": "Feature", "properties": { "LINK_ID": "2040412102", "ROAD_NO": "1", "ROAD_NAME": "경부고속도로", "MAX_SPD": 110, "LENGTH": 614.69907799141595, "collDate": "2026-08-16 19:00:00.0", "routeId": "1010000011", "routeNm": "경부고속도로", "linkId": "2040412102", "startNodeId": "2049202900", "startNodeNm": "상적교(남측)", "endNodeId": "2049187500", "endNodeNm": "최소노드배치점", "spd": "73", "vol": "0", "trvlTime": "31", "linkDelayTime": "0", "congGrade": "2" }, "geometry": { "type": "LineString", "coordinates": [ [ 127.071642836690444, 37.428521794788111 ], [ 127.07596442292764, 37.424186241535395 ] ] } },
{ "type": "Feature", "properties": { "LINK_ID": "2040412103", "ROAD_NO": "1", "ROAD_NAME": "경부고속도로", "MAX_SPD": 110, "LENGTH": 239.568015311599, "collDate": "2026-08-16 19:00:00.0", "routeId": "1010000011", "routeNm": "경부고속도로", "linkId": "2040412103", "startNodeId": "1210085502", "startNodeNm": "서초구-성남시수정구", "endNodeId": "2049203000", "endNodeNm": "상적교(북측)", "spd": "73", "vol": "0", "trvlTime": "12", "linkDelayTime": "0", "congGrade": "2" }, "geometry": { "type": "LineString", "coordinates": [ [ 127.069561344510149, 37.430576259483104 ], [ 127.071065538410863, 37.429100908839956 ], [ 127.071266143246916, 37.428899674379096 ] ] } },
{ "type": "Feature", "properties": { "LINK_ID": "2040412104", "ROAD_NO": "1", "ROAD_NAME": "경부고속도로", "MAX_SPD": 110, "LENGTH": 53.577225662574001, "collDate": "2026-08-16 19:00:00.0", "routeId": "1010000011", "routeNm": "경부고속도로", "linkId": "2040412104", "startNodeId": "2049203000", "startNodeNm": "상적교(북측)", "endNodeId": "2049202900", "endNodeNm": "상적교(남측)", "spd": "73", "vol": "0", "trvlTime": "3", "linkDelayTime": "0", "congGrade": "2" }, "geometry": { "type": "LineString", "coordinates": [ [ 127.071266143246916, 37.428899674379096 ], [ 127.071642836690444, 37.428521794788111 ] ] } },
{ "type": "Feature", "properties": { "LINK_ID": "2040412400", "ROAD_NO": "51", "ROAD_NAME": "분당내곡간도시고속화도로", "MAX_SPD": 40, "LENGTH": 193.258300149505, "collDate": "2026-08-16 19:00:00.0", "routeId": "1020000501", "routeNm": "분당내곡로", "linkId": "2040412400", "startNodeId": "2040004800", "startNodeNm": "시흥지하차도", "endNodeId": "2040004801", "endNodeNm": "시흥동220-6", "spd": "15", "vol": "0", "trvlTime": "47", "linkDelayTime": "0", "congGrade": "3" }, "geometry": { "type": "LineString", "coordinates": [ [ 127.103714199264459, 37.418889735093813 ], [ 127.103752846283953, 37.419019859651804 ], [ 127.103731363707908, 37.419112192823192 ], [ 127.103622562881384, 37.419579820596184 ], [ 127.103260855907749, 37.420494842410136 ], [ 127.103217284845243, 37.420565367662256 ] ] } },
{ "type": "Feature", "properties": { "LINK_ID": "2040412500", "ROAD_NO": "51", "ROAD_NAME": "분당내곡간도시고속화도로", "MAX_SPD": 80, "LENGTH": 186.138624347145, "collDate": "2026-08-16 19:00:00.0", "routeId": "1020000501", "routeNm": "분당내곡로", "linkId": "2040412500", "startNodeId": "2040004801", "startNodeNm": "시흥동220-6", "endNodeId": "2040004800", "endNodeNm": "시흥지하차도", "spd": "68", "vol": "0", "trvlTime": "10", "linkDelayTime": "0", "congGrade": "1" }, "geometry": { "type": "LineString", "coordinates": [ [ 127.102974072415009, 37.420469809181832 ], [ 127.103008490273623, 37.420414085391293 ], [ 127.103359003019733, 37.419527385911607 ], [ 127.103464781583014, 37.419072744423509 ], [ 127.103580905291352, 37.418870004761594 ] ] } },
{ "type": "Feature", "properties": { "LINK_ID": "2040412600", "ROAD_NO": "51", "ROAD_NAME": "분당내곡간도시고속화도로", "MAX_SPD": 80, "LENGTH": 856.34802094720101, "collDate": "2026-08-16 19:00:00.0", "routeId": "1020000501", "routeNm": "분당내곡로", "linkId": "2040412600", "startNodeId": "2040004800", "startNodeNm": "시흥지하차도", "endNodeId": "2040005100", "endNodeNm": "시흥지하차도", "spd": "77", "vol": "0", "trvlTime": "41", "linkDelayTime": "0", "congGrade": "1" }, "geometry": { "type": "LineString", "coordinates": [ [ 127.103714199264459, 37.418889735093813 ], [ 127.103556660434947, 37.41956669734958 ], [ 127.103197740152908, 37.420474648046479 ], [ 127.10279995101908, 37.421118708801053 ], [ 127.102372430188154, 37.421777058813475 ], [ 127.102241721605935, 37.422026203306267 ], [ 127.102095763822774, 37.422314973153995 ], [ 127.101753900570586, 37.422593721984938 ], [ 127.101070488741172, 37.423024524304822 ], [ 127.100087640369082, 37.423688467928173 ], [ 127.098767256550687, 37.424328487180347 ], [ 127.097944574605179, 37.42454297638168 ] ] } },
{ "type": "Feature", "properties": { "LINK_ID": "2040412700", "ROAD_NO": "51", "ROAD_NAME": "분당내곡간도시고속화도로", "MAX_SPD": 80, "LENGTH": 844.40261632076601, "collDate": "2026-08-16 19:00:00.0", "routeId": "1020000501", "routeNm": "분당내곡로", "linkId": "2040412700", "startNodeId": "2040005100", "startNodeNm": "시흥지하차도", "endNodeId": "2040004800", "endNodeNm": "시흥지하차도", "spd": "68", "vol": "0", "trvlTime": "45", "linkDelayTime": "0", "congGrade": "1" }, "geometry": { "type": "LineString", "coordinates": [ [ 127.097892119988401, 37.424444107653493 ], [ 127.098710245736143, 37.424229593182268 ], [ 127.100008142809799, 37.423600488685132 ], [ 127.100984606715244, 37.422940837307479 ], [ 127.10166290270945, 37.422513263718628 ], [ 127.10198150331415, 37.422252510518781 ], [ 127.102116292719217, 37.421985169448746 ], [ 127.102249509893213, 37.421731241221991 ], [ 127.102678958174778, 37.421069934635995 ], [ 127.103071576507972, 37.420434245643328 ], [ 127.103424874853886, 37.419540478660693 ], [ 127.103580905291352, 37.418870004761594 ] ] } },
{ "type": "Feature", "properties": { "LINK_ID": "2040412800", "ROAD_NO": "51", "ROAD_NAME": "분당내곡간도시고속화도로", "MAX_SPD": 40, "LENGTH": 192.44142805157099, "collDate": "2026-08-16 19:00:00.0", "routeId": "1020000501", "routeNm": "분당내곡로", "linkId": "2040412800", "startNodeId": "2040004801", "startNodeNm": "시흥동220-6", "endNodeId": "2040000400", "endNodeNm": "시흥사거리", "spd": "15", "vol": "0", "trvlTime": "47", "linkDelayTime": "0", "congGrade": "3" }, "geometry": { "type": "LineString", "coordinates": [ [ 127.10315522637849, 37.420665831782216 ], [ 127.102860457660611, 37.421143090872448 ], [ 127.102433885297557, 37.421799959906821 ], [ 127.102304417476049, 37.422046731914278 ], [ 127.102213358263995, 37.42222733360574 ] ] } },
{ "type": "Feature", "properties": { "LINK_ID": "2040412900", "ROAD_NO": "51", "ROAD_NAME": "분당내곡간도시고속화도로", "MAX_SPD": 80, "LENGTH": 144.28241506808001, "collDate": "2026-08-16 19:00:00.0", "routeId": "1020000501", "routeNm": "분당내곡로", "linkId": "2040412900", "startNodeId": "2040000400", "startNodeNm": "시흥사거리", "endNodeId": "2040004801", "endNodeNm": "시흥동220-6", "spd": "25", "vol": "0", "trvlTime": "21", "linkDelayTime": "0", "congGrade": "3" }, "geometry": { "type": "LineString", "coordinates": [ [ 127.102176544088493, 37.421730282618107 ], [ 127.102188054897169, 37.421708340933371 ], [ 127.102618451693829, 37.421045584006798 ], [ 127.102912018678097, 37.420570278184229 ] ] } },
{ "type": "Feature", "properties": { "LINK_ID": "2040413000", "ROAD_NO": "-", "ROAD_NAME": "여수대로", "MAX_SPD": 60, "LENGTH": 128.76152289434, "collDate": "2026-08-16 19:00:00.0", "routeId": "1030000031", "routeNm": "국도 3호선(이천~서울)", "linkId": "2040413000", "startNodeId": "2040005000", "startNodeNm": "여수교차로", "endNodeId": "2040135200", "endNodeNm": "여수대로IC", "spd": "47", "vol": "0", "trvlTime": "10", "linkDelayTime": "0", "congGrade": "2" }, "geometry": { "type": "LineString", "coordinates": [ [ 127.116617916027749, 37.422108217388235 ], [ 127.115169436457961, 37.422214951883312 ] ] } },
{ "type": "Feature", "properties": { "LINK_ID": "2040413100", "ROAD_NO": "-", "ROAD_NAME": "여수대로", "MAX_SPD": 60, "LENGTH": 129.65642247241101, "collDate": "2026-08-16 19:00:00.0", "routeId": "1030000031", "routeNm": "국도 3호선(이천~서울)", "linkId": "2040413100", "startNodeId": "2040135200", "startNodeNm": "여수대로IC", "endNodeId": "2040005000", "endNodeNm": "여수교차로", "spd": "33", "vol": "0", "trvlTime": "15", "linkDelayTime": "0", "congGrade": "2" }, "geometry": { "type": "LineString", "coordinates": [ [ 127.115156965922282, 37.422107292772992 ], [ 127.116615510360077, 37.421999816046167 ] ] } },
{ "type": "Feature", "properties": { "LINK_ID": "2040414000", "ROAD_NO": "61", "ROAD_NAME": "분당수서로", "MAX_SPD": 40, "LENGTH": 516.87719530320396, "collDate": "2026-08-16 19:00:00.0", "routeId": "1020000651", "routeNm": "분당수서로", "linkId": "2040414000", "startNodeId": "2050007200", "startNodeNm": "수진2동", "endNodeId": "2050006500", "endNodeNm": "단대천교", "spd": "40", "vol": "0", "trvlTime": "39", "linkDelayTime": "0", "congGrade": "1" }, "geometry": { "type": "LineString", "coordinates": [ [ 127.121169675790725, 37.43250555682971 ], [ 127.12080489231775, 37.432592805853709 ], [ 127.120547548311549, 37.432663181126429 ], [ 127.120308548354245, 37.432724931566824 ], [ 127.120136267034056, 37.432825899828714 ], [ 127.120038361826346, 37.432920243749344 ], [ 127.119930892228552, 37.43306296202018 ], [ 127.119863580139537, 37.433236462326306 ], [ 127.119881611016069, 37.433461806111573 ], [ 127.11998967427013, 37.433606337428472 ], [ 127.120148704020039, 37.433725275756352 ], [ 127.120306392826919, 37.433781930718631 ], [ 127.120617016934375, 37.433788462785493 ], [ 127.120837454714604, 37.433761181043465 ], [ 127.120978485088557, 37.433698618924105 ], [ 127.121095580093851, 37.433614681134124 ], [ 127.121229641963083, 37.433470181172503 ], [ 127.121283047745152, 37.433358274290462 ], [ 127.121299704945031, 37.433243649792132 ], [ 127.12130457920577, 37.43308746270975 ], [ 127.12129679832637, 37.432965337097457 ], [ 127.121275829003906, 37.432592211901223 ], [ 127.121275079530946, 37.432578681213407 ], [ 127.12125970393204, 37.432354431422418 ], [ 127.121260235771487, 37.43220783738461 ], [ 127.121283204760232, 37.432078836988651 ], [ 127.121316953852258, 37.431950587781806 ], [ 127.121399887181752, 37.431765682629951 ] ] } },
{ "type": "Feature", "properties": { "LINK_ID": "2040414100", "ROAD_NO": "61", "ROAD_NAME": "분당수서로", "MAX_SPD": 40, "LENGTH": 267.367759127574, "collDate": "2026-08-16 19:00:00.0", "routeId": "1020000651", "routeNm": "분당수서로", "linkId": "2040414100", "startNodeId": "2040005500", "startNodeNm": "탄천IC", "endNodeId": "2040005800", "endNodeNm": "수진동4715", "spd": "40", "vol": "0", "trvlTime": "18", "linkDelayTime": "0", "congGrade": "1" }, "geometry": { "type": "LineString", "coordinates": [ [ 127.122851213244829, 37.432798282190539 ], [ 127.122381330161986, 37.433159181036331 ], [ 127.122220204203416, 37.433283337428207 ], [ 127.122077767141036, 37.43343802504009 ], [ 127.12194011085009, 37.433723430511016 ], [ 127.121871079260799, 37.434156587507374 ], [ 127.121903985758422, 37.434756619157803 ], [ 127.121906199734056, 37.434931776099056 ] ] } },
{ "type": "Feature", "properties": { "LINK_ID": "2040414200", "ROAD_NO": "61", "ROAD_NAME": "분당수서로", "MAX_SPD": 80, "LENGTH": 611.05511873651301, "collDate": "2026-08-16 19:00:00.0", "routeId": "1020000651", "routeNm": "분당수서로", "linkId": "2040414200", "startNodeId": "2040005800", "startNodeNm": "수진동4715", "endNodeId": "2040007800", "endNodeNm": "태평지하차도", "spd": "76", "vol": "0", "trvlTime": "29", "linkDelayTime": "0", "congGrade": "1" }, "geometry": { "type": "LineString", "coordinates": [ [ 127.121906199734056, 37.434931776099056 ], [ 127.121958892522159, 37.435892931344661 ], [ 127.122005392252206, 37.436629900383394 ], [ 127.122154392111099, 37.438114962765049 ], [ 127.122219173592342, 37.439010305561787 ], [ 127.122292642238804, 37.439523337717333 ], [ 127.122311424314546, 37.439745181467686 ], [ 127.122346330520614, 37.440157306436355 ], [ 127.122409202654424, 37.440419865637814 ] ] } },
{ "type": "Feature", "properties": { "LINK_ID": "2040414300", "ROAD_NO": "61", "ROAD_NAME": "분당수서로", "MAX_SPD": 80, "LENGTH": 456.52411612411402, "collDate": "2026-08-16 19:00:00.0", "routeId": "1020000651", "routeNm": "분당수서로", "linkId": "2040414300", "startNodeId": "2040006000", "startNodeNm": "탄천IC", "endNodeId": "2050006500", "endNodeNm": "단대천교", "spd": "80", "vol": "0", "trvlTime": "21", "linkDelayTime": "0", "congGrade": "1" }, "geometry": { "type": "LineString", "coordinates": [ [ 127.121819011174509, 37.435865432435861 ], [ 127.121399887181752, 37.431765682629951 ] ] } },
{ "type": "Feature", "properties": { "LINK_ID": "2040414400", "ROAD_NO": "61", "ROAD_NAME": "분당수서로", "MAX_SPD": 40, "LENGTH": 446.14116404686001, "collDate": "2026-08-16 19:00:00.0", "routeId": "1020000651", "routeNm": "분당수서로", "linkId": "2040414400", "startNodeId": "2040006000", "startNodeNm": "탄천IC", "endNodeId": "2050006900", "endNodeNm": "탄천IC", "spd": "32", "vol": "0", "trvlTime": "51", "linkDelayTime": "0", "congGrade": "2" }, "geometry": { "type": "LineString", "coordinates": [ [ 127.121819011174509, 37.435865432435861 ], [ 127.121793516783057, 37.435840462738327 ], [ 127.121751079643317, 37.435483087153322 ], [ 127.121642766645593, 37.435183119067482 ], [ 127.121512954781352, 37.434801556277428 ], [ 127.121377173183646, 37.434545555974225 ], [ 127.121250673311295, 37.434387462054367 ], [ 127.121108891406152, 37.434230399998654 ], [ 127.12090326752066, 37.434059494105831 ], [ 127.120657704619788, 37.433925744163922 ], [ 127.120158735437258, 37.433750837287072 ], [ 127.119977579717201, 37.43362465023592 ], [ 127.119878454591827, 37.433511712071287 ], [ 127.119829923638875, 37.433331149962299 ], [ 127.119754049101374, 37.432852400010134 ], [ 127.119781939649869, 37.432496497500182 ] ] } },
{ "type": "Feature", "properties": { "LINK_ID": "2040415900", "ROAD_NO": "61", "ROAD_NAME": "분당수서로", "MAX_SPD": 80, "LENGTH": 509.85335231650402, "collDate": "2026-08-16 19:00:00.0", "routeId": "1020000651", "routeNm": "분당수서로", "linkId": "2040415900", "startNodeId": "2040007800", "startNodeNm": "태평지하차도", "endNodeId": "2040006000", "endNodeNm": "탄천IC", "spd": "73", "vol": "0", "trvlTime": "26", "linkDelayTime": "0", "congGrade": "1" }, "geometry": { "type": "LineString", "coordinates": [ [ 127.123990027589031, 37.44481617247871 ], [ 127.122887830034543, 37.442259681156941 ], [ 127.122775705524347, 37.442070212531597 ], [ 127.122582517803039, 37.441617118071477 ], [ 127.122423017280667, 37.440909713042743 ], [ 127.122269323624465, 37.440441779804885 ] ] } },
{ "type": "Feature", "properties": { "LINK_ID": "2049000100", "ROAD_NO": "29", "ROAD_NAME": "세종포천고속도로", "MAX_SPD": 100, "LENGTH": 155.94965873816, "collDate": "2026-08-16 19:00:00.0", "routeId": "1010002901", "routeNm": "세종포천고속도로", "linkId": "2049000100", "startNodeId": "2049000100", "startNodeNm": "성남시수정구-성남시", "endNodeId": "2059001400", "endNodeNm": "-", "spd": "95", "vol": "0", "trvlTime": "6", "linkDelayTime": "0", "congGrade": "1" }, "geometry": { "type": "LineString", "coordinates": [ [ 127.174074545385821, 37.466132402146293 ], [ 127.174951607456975, 37.46491353962206 ] ] } },
{ "type": "Feature", "properties": { "LINK_ID": "2049000200", "ROAD_NO": "29", "ROAD_NAME": "세종포천고속도로", "MAX_SPD": 100, "LENGTH": 341.85341170972299, "collDate": "2026-08-16 19:00:00.0", "routeId": "1010002901", "routeNm": "세종포천고속도로", "linkId": "2049000200", "startNodeId": "2049000200", "startNodeNm": "하남시-성남시수정구", "endNodeId": "2279000300", "endNodeNm": "-", "spd": "93", "vol": "0", "trvlTime": "14", "linkDelayTime": "0", "congGrade": "1" }, "geometry": { "type": "LineString", "coordinates": [ [ 127.171832511154946, 37.470470361257853 ], [ 127.171793230633341, 37.470548552760086 ], [ 127.171657605751534, 37.470823229908738 ], [ 127.171588495097993, 37.470966089498766 ], [ 127.17152030710561, 37.471109053109167 ], [ 127.171452968499224, 37.471252278748672 ], [ 127.171386480610806, 37.471395754561875 ], [ 127.171320833795392, 37.471539467825458 ], [ 127.171256044278877, 37.471683441527226 ], [ 127.17119210713534, 37.471827652653886 ], [ 127.171129030243094, 37.47197209975463 ], [ 127.171066804488802, 37.472116786932787 ], [ 127.171005439549916, 37.472261699794799 ], [ 127.170944935424032, 37.472406847473373 ], [ 127.170574094383682, 37.473351853978379 ], [ 127.170564209492269, 37.473378697238658 ] ] } },
{ "type": "Feature", "properties": { "LINK_ID": "2050000300", "ROAD_NO": "-", "ROAD_NAME": "경충대로", "MAX_SPD": 70, "LENGTH": 99.484610472387999, "collDate": "2026-08-16 19:00:00.0", "routeId": "1030000031", "routeNm": "국도 3호선(이천~서울)", "linkId": "2050000300", "startNodeId": "2050000300", "startNodeNm": "갈현IC", "endNodeId": "2050000200", "endNodeNm": "갈현IC", "spd": "64", "vol": "0", "trvlTime": "6", "linkDelayTime": "0", "congGrade": "1" }, "geometry": { "type": "LineString", "coordinates": [ [ 127.16076233141554, 37.421803495634848 ], [ 127.160304079808782, 37.421781993407173 ], [ 127.160302111575433, 37.42178186903265 ], [ 127.160099361238892, 37.421767587852685 ], [ 127.160013080122482, 37.42176330590317 ], [ 127.160010298359765, 37.421763118652727 ], [ 127.159642187288583, 37.421732589126137 ] ] } },
{ "type": "Feature", "properties": { "LINK_ID": "2050000400", "ROAD_NO": "-", "ROAD_NAME": "경충대로", "MAX_SPD": 70, "LENGTH": 99.223318939340999, "collDate": "2026-08-16 19:00:00.0", "routeId": "1030000031", "routeNm": "국도 3호선(이천~서울)", "linkId": "2050000400", "startNodeId": "2050000200", "startNodeNm": "갈현IC", "endNodeId": "2050000300", "endNodeNm": "갈현IC", "spd": "71", "vol": "0", "trvlTime": "6", "linkDelayTime": "0", "congGrade": "1" }, "geometry": { "type": "LineString", "coordinates": [ [ 127.159653100671861, 37.421624838730189 ], [ 127.160022924322561, 37.421655462448101 ], [ 127.160108673150177, 37.421659711773884 ], [ 127.160108860749588, 37.4216597430554 ], [ 127.1601090482838, 37.421659743702435 ], [ 127.160109266318329, 37.42165974340714 ], [ 127.160109455047476, 37.421659774687143 ], [ 127.160109641451982, 37.421659775335691 ], [ 127.160109830181128, 37.421659806615686 ], [ 127.160110016583729, 37.42165980636323 ], [ 127.160110235747965, 37.421659806066401 ], [ 127.160110423347376, 37.421659837347931 ], [ 127.160313017429687, 37.421674088086782 ], [ 127.160770293569115, 37.421695552314233 ] ] } },
{ "type": "Feature", "properties": { "LINK_ID": "2050000500", "ROAD_NO": "-", "ROAD_NAME": "경충대로", "MAX_SPD": 70, "LENGTH": 168.10634149229199, "collDate": "2026-08-16 19:00:00.0", "routeId": "1030000031", "routeNm": "국도 3호선(이천~서울)", "linkId": "2050000500", "startNodeId": "2050000500", "startNodeNm": "오일뱅크가야셀프", "endNodeId": "2050000300", "endNodeNm": "갈현IC", "spd": "64", "vol": "0", "trvlTime": "10", "linkDelayTime": "0", "congGrade": "1" }, "geometry": { "type": "LineString", "coordinates": [ [ 127.162995210546782, 37.421974649839918 ], [ 127.161635392344778, 37.42186561869967 ], [ 127.161634923377235, 37.42186555626968 ], [ 127.161106020213751, 37.421819996353534 ] ] } },
{ "type": "Feature", "properties": { "LINK_ID": "2050000600", "ROAD_NO": "-", "ROAD_NAME": "경충대로", "MAX_SPD": 70, "LENGTH": 167.54176135376099, "collDate": "2026-08-16 19:00:00.0", "routeId": "1030000031", "routeNm": "국도 3호선(이천~서울)", "linkId": "2050000600", "startNodeId": "2050000300", "startNodeNm": "갈현IC", "endNodeId": "2050000500", "endNodeNm": "오일뱅크가야셀프", "spd": "59", "vol": "0", "trvlTime": "11", "linkDelayTime": "0", "congGrade": "1" }, "geometry": { "type": "LineString", "coordinates": [ [ 127.161120573970564, 37.421712527344056 ], [ 127.161649236293542, 37.42175805616796 ], [ 127.163003399611398, 37.421866806250492 ] ] } },
{ "type": "Feature", "properties": { "LINK_ID": "2050001100", "ROAD_NO": "-", "ROAD_NAME": "경충대로", "MAX_SPD": 70, "LENGTH": 333.371570644195, "collDate": "2026-08-16 19:00:00.0", "routeId": "1030000031", "routeNm": "국도 3호선(이천~서울)", "linkId": "2050001100", "startNodeId": "2050000700", "startNodeNm": "갈현동341-1", "endNodeId": "2050000500", "endNodeNm": "오일뱅크가야셀프", "spd": "64", "vol": "0", "trvlTime": "19", "linkDelayTime": "0", "congGrade": "1" }, "geometry": { "type": "LineString", "coordinates": [ [ 127.170499014274398, 37.422462293522585 ], [ 127.168755736592686, 37.422360274450362 ], [ 127.168522517351732, 37.422346805362842 ], [ 127.168522204418608, 37.422346805808942 ], [ 127.1667434093509, 37.422237442453948 ] ] } },
{ "type": "Feature", "properties": { "LINK_ID": "2050001200", "ROAD_NO": "-", "ROAD_NAME": "경충대로", "MAX_SPD": 70, "LENGTH": 333.32747140047098, "collDate": "2026-08-16 19:00:00.0", "routeId": "1030000031", "routeNm": "국도 3호선(이천~서울)", "linkId": "2050001200", "startNodeId": "2050000500", "startNodeNm": "오일뱅크가야셀프", "endNodeId": "2050000700", "endNodeNm": "갈현동341-1", "spd": "59", "vol": "0", "trvlTime": "21", "linkDelayTime": "0", "congGrade": "1" }, "geometry": { "type": "LineString", "coordinates": [ [ 127.163003399611398, 37.421866806250492 ], [ 127.16313792322876, 37.421868837460671 ], [ 127.163138360430622, 37.421868837758367 ], [ 127.163138798826736, 37.421868867787985 ], [ 127.163139236028599, 37.421868868085674 ], [ 127.163139641666874, 37.421868899962504 ], [ 127.163140079996523, 37.421868899357619 ], [ 127.163140517266811, 37.421868931190801 ], [ 127.163140923966381, 37.421868931530568 ], [ 127.163141361234707, 37.42186896246276 ], [ 127.163141766871021, 37.421868993438572 ], [ 127.163142205269097, 37.421869024369173 ], [ 127.163142642539384, 37.42186905620234 ], [ 127.163143048177631, 37.42186908807917 ], [ 127.163143485444024, 37.42186911811033 ], [ 127.163143923844046, 37.421869149941934 ], [ 127.164644923188206, 37.42199993117535 ], [ 127.166753830999639, 37.422129633174158 ] ] } },
{ "type": "Feature", "properties": { "LINK_ID": "2050001300", "ROAD_NO": "-", "ROAD_NAME": "경충대로", "MAX_SPD": 70, "LENGTH": 462.376433194296, "collDate": "2026-08-16 19:00:00.0", "routeId": "1030000031", "routeNm": "국도 3호선(이천~서울)", "linkId": "2050001300", "startNodeId": "2340013000", "startNodeNm": "성남시중원구-광주시", "endNodeId": "2050000900", "endNodeNm": "갈현동75-2", "spd": "70", "vol": "0", "trvlTime": "23", "linkDelayTime": "0", "congGrade": "1" }, "geometry": { "type": "LineString", "coordinates": [ [ 127.189296552451424, 37.421220240009433 ], [ 127.189288267818341, 37.421228463030964 ], [ 127.189157360786353, 37.421358806427598 ], [ 127.189155236312203, 37.421360806480216 ], [ 127.189153017913682, 37.421362743611894 ], [ 127.187744235288676, 37.422516024727493 ], [ 127.187741735518514, 37.422517962279244 ], [ 127.187739111244625, 37.422519806322924 ], [ 127.187736423393403, 37.422521525226188 ], [ 127.187327017164435, 37.422767088131422 ], [ 127.187046642719849, 37.4229352121801 ], [ 127.18683523568626, 37.423062150134726 ], [ 127.186832173929744, 37.423063900242816 ], [ 127.18682898638329, 37.423065493772739 ], [ 127.186825673125284, 37.423066962259931 ], [ 127.186248642590826, 37.423305712322524 ], [ 127.185392518204111, 37.423659712318781 ], [ 127.1853892044319, 37.423660994256011 ], [ 127.185385829264803, 37.423662118611524 ], [ 127.185195235946935, 37.423721056448024 ] ] } },
{ "type": "Feature", "properties": { "LINK_ID": "2050001400", "ROAD_NO": "-", "ROAD_NAME": "경충대로", "MAX_SPD": 70, "LENGTH": 456.06390513616901, "collDate": "2026-08-16 19:00:00.0", "routeId": "1030000031", "routeNm": "국도 3호선(이천~서울)", "linkId": "2050001400", "startNodeId": "2050000900", "startNodeNm": "갈현동75-2", "endNodeId": "2340013000", "endNodeNm": "성남시중원구-광주시", "spd": "63", "vol": "0", "trvlTime": "27", "linkDelayTime": "0", "congGrade": "1" }, "geometry": { "type": "LineString", "coordinates": [ [ 127.18514621572055, 37.423620240489186 ], [ 127.185333360920055, 37.423562369146865 ], [ 127.186186235366705, 37.423209744237916 ], [ 127.186758204752891, 37.422973055889251 ], [ 127.186965142427127, 37.422848838100293 ], [ 127.186965173981136, 37.422848806514814 ], [ 127.18724554820659, 37.422680650220784 ], [ 127.18765076692452, 37.422437587354629 ], [ 127.18905361046599, 37.421289181425465 ], [ 127.189182455300596, 37.421160868730162 ], [ 127.189190710612536, 37.421152643317463 ] ] } },
{ "type": "Feature", "properties": { "LINK_ID": "2050001500", "ROAD_NO": "-", "ROAD_NAME": "경충대로", "MAX_SPD": 70, "LENGTH": 413.15827963175298, "collDate": "2026-08-16 19:00:00.0", "routeId": "1030000031", "routeNm": "국도 3호선(이천~서울)", "linkId": "2050001500", "startNodeId": "2050001000", "startNodeNm": "오일뱅크반딧불", "endNodeId": "2050000700", "endNodeNm": "갈현동341-1", "spd": "65", "vol": "0", "trvlTime": "23", "linkDelayTime": "0", "congGrade": "1" }, "geometry": { "type": "LineString", "coordinates": [ [ 127.179807581160517, 37.423861362341519 ], [ 127.178754204423498, 37.423642119381135 ], [ 127.178719172838854, 37.423637180714856 ], [ 127.178715329017152, 37.423636525179646 ], [ 127.178711549215961, 37.423635711869643 ], [ 127.178636298333359, 37.423617775538609 ], [ 127.178299391658484, 37.423538305413913 ], [ 127.178298330236785, 37.423538055631155 ], [ 127.177621361064823, 37.423368931237675 ], [ 127.177333392255306, 37.423298024663865 ], [ 127.177138486658976, 37.423257025081455 ], [ 127.176759360640304, 37.423180088006255 ], [ 127.176758830570336, 37.423179993291043 ], [ 127.176528736371353, 37.423131712836657 ], [ 127.176294549072395, 37.423084243546676 ], [ 127.176196049277635, 37.423068211739583 ], [ 127.175891142665023, 37.423026806356653 ], [ 127.175890798022934, 37.423026775333838 ], [ 127.175416298601107, 37.422960399673116 ], [ 127.175415767406719, 37.422960305854545 ], [ 127.175289452656642, 37.422941776287431 ] ] } },
{ "type": "Feature", "properties": { "LINK_ID": "2050001600", "ROAD_NO": "-", "ROAD_NAME": "경충대로", "MAX_SPD": 70, "LENGTH": 414.46480533682899, "collDate": "2026-08-16 19:00:00.0", "routeId": "1030000031", "routeNm": "국도 3호선(이천~서울)", "linkId": "2050001600", "startNodeId": "2050000700", "startNodeNm": "갈현동341-1", "endNodeId": "2050001000", "endNodeNm": "오일뱅크반딧불", "spd": "59", "vol": "0", "trvlTime": "26", "linkDelayTime": "0", "congGrade": "1" }, "geometry": { "type": "LineString", "coordinates": [ [ 127.170672163800944, 37.422363984814552 ], [ 127.170953173306756, 37.422380399464537 ], [ 127.170953672717985, 37.422380431178958 ], [ 127.170954142756401, 37.422380462935841 ], [ 127.170954642165583, 37.422380493749252 ], [ 127.17095511114394, 37.42238055614223 ], [ 127.170955580052635, 37.422380587900747 ], [ 127.170956079461831, 37.422380618714151 ], [ 127.170956580072428, 37.422380681061391 ], [ 127.172522798892928, 37.422535243059343 ], [ 127.172523298305805, 37.422535274767121 ], [ 127.172523830553089, 37.422535337962572 ], [ 127.172524298401882, 37.42253539944997 ], [ 127.172524799016841, 37.42253546269157 ], [ 127.172525298500034, 37.422535525033815 ], [ 127.172525799112933, 37.422535587374412 ], [ 127.172526298596082, 37.422535649716664 ], [ 127.172526798151637, 37.422535743594374 ], [ 127.172527298764535, 37.422535805934949 ], [ 127.172527798320061, 37.422535899812672 ], [ 127.172528267302752, 37.422535963100444 ], [ 127.172896642739261, 37.422596993199541 ], [ 127.173022643057038, 37.42261583742831 ], [ 127.173217111468517, 37.422627149633044 ], [ 127.173217486539755, 37.4226271499845 ], [ 127.17321786168155, 37.422627180970416 ], [ 127.173218205193081, 37.422627212903699 ], [ 127.173771391676311, 37.422666555769247 ], [ 127.173771766820593, 37.422666587654433 ], [ 127.173772173595196, 37.422666618592089 ], [ 127.173772580369743, 37.422666649529738 ], [ 127.173772986016687, 37.422666681370053 ], [ 127.174185673632891, 37.422703899609779 ], [ 127.174185985510704, 37.422703930685842 ], [ 127.174489329367319, 37.422732524912611 ], [ 127.174489736144608, 37.422732556748805 ], [ 127.174490141861185, 37.422732618320126 ], [ 127.174490548638502, 37.422732650156334 ], [ 127.174490954355065, 37.422732711727647 ], [ 127.175038579984829, 37.422795086858905 ], [ 127.17503901733879, 37.422795150183532 ], [ 127.175039454619323, 37.422795181972681 ], [ 127.175039923601503, 37.422795243448427 ], [ 127.175040360955464, 37.422795306773054 ], [ 127.175040798305218, 37.422795368295638 ], [ 127.17504126729159, 37.422795431573434 ], [ 127.17531397806124, 37.422835440883361 ] ] } },
{ "type": "Feature", "properties": { "LINK_ID": "2050001900", "ROAD_NO": "-", "ROAD_NAME": "경충대로", "MAX_SPD": 60, "LENGTH": 164.94563298845799, "collDate": "2026-08-16 19:00:00.0", "routeId": "1030000031", "routeNm": "국도 3호선(이천~서울)", "linkId": "2050001900", "startNodeId": "2050000800", "startNodeNm": "갈현동78-4", "endNodeId": "2050000900", "endNodeNm": "갈현동75-2", "spd": "60", "vol": "0", "trvlTime": "10", "linkDelayTime": "0", "congGrade": "1" }, "geometry": { "type": "LineString", "coordinates": [ [ 127.183414985328099, 37.423089430613402 ], [ 127.1834347988638, 37.423091368592189 ], [ 127.183435048613859, 37.423091400641255 ], [ 127.183435298359512, 37.423091430888292 ], [ 127.183435549160194, 37.423091430499134 ], [ 127.183435798910239, 37.4230914625482 ], [ 127.183436017025585, 37.423091493745332 ], [ 127.18343626790319, 37.423091524891618 ], [ 127.183436486018522, 37.423091556088757 ], [ 127.183436735766392, 37.423091587236826 ], [ 127.183436985514263, 37.423091618384866 ], [ 127.183437236317133, 37.423091618896706 ], [ 127.183437454432465, 37.423091650093838 ], [ 127.183437704257258, 37.423091712777349 ], [ 127.183437954005115, 37.423091743925404 ], [ 127.183438173250195, 37.423091775120781 ], [ 127.18343842299808, 37.423091806268829 ], [ 127.183438672745922, 37.42309183741687 ], [ 127.183438891991017, 37.423091868612239 ], [ 127.18343914287081, 37.423091900659557 ], [ 127.183439392616492, 37.423091930906594 ], [ 127.183439610731824, 37.423091962103719 ], [ 127.183439860558821, 37.423092025688234 ], [ 127.183440111434209, 37.423092055933516 ], [ 127.183440329549583, 37.423092087130648 ], [ 127.183440579299628, 37.423092119179699 ], [ 127.183440829122233, 37.423092180962186 ], [ 127.1834410483673, 37.423092212157563 ], [ 127.183441298117387, 37.423092244206615 ], [ 127.183441517362454, 37.423092275401984 ], [ 127.183441767185045, 37.423092337184485 ], [ 127.183441986432371, 37.423092369280866 ], [ 127.183442236254962, 37.42309243106336 ], [ 127.183442486002832, 37.423092462211393 ], [ 127.183442704195116, 37.423092524943982 ], [ 127.183442955072707, 37.423092556090275 ], [ 127.18344317326499, 37.423092618822849 ], [ 127.183707049046191, 37.423145681694017 ], [ 127.183707298869166, 37.423145743475956 ], [ 127.183707548619523, 37.423145775524439 ], [ 127.183707766809988, 37.423145837355513 ], [ 127.183708017687891, 37.423145868501258 ], [ 127.183708235880559, 37.423145931233343 ], [ 127.183708485628699, 37.423145962380815 ], [ 127.183708704951073, 37.423146025111159 ], [ 127.183708954774076, 37.423146086893084 ], [ 127.183709174098695, 37.423146150524431 ], [ 127.183709423846835, 37.423146181671896 ], [ 127.183709673669838, 37.423146243453829 ], [ 127.183709891862506, 37.42314630618592 ], [ 127.18371011118488, 37.423146368916257 ], [ 127.183710360933048, 37.423146400063736 ], [ 127.183710579123499, 37.423146461894795 ], [ 127.183710830080642, 37.42314652547698 ], [ 127.183711079903645, 37.42314658725892 ], [ 127.183711298096313, 37.423146649991004 ], [ 127.183711517416498, 37.423146711820316 ], [ 127.183711767243906, 37.423146775404284 ], [ 127.18371198656412, 37.423146837233588 ], [ 127.183712204756759, 37.423146899965694 ], [ 127.183712454581979, 37.423146962648609 ], [ 127.183712704407185, 37.423147025331545 ], [ 127.183712922597635, 37.423147087162619 ], [ 127.183713143049772, 37.423147149891179 ], [ 127.183713392874992, 37.423147212574101 ], [ 127.18371361106766, 37.423147275306199 ], [ 127.183713860890663, 37.423147337088103 ], [ 127.183714079158165, 37.423147430454655 ], [ 127.183714298482769, 37.423147494085981 ], [ 127.183714517802954, 37.423147555915293 ], [ 127.183714767628175, 37.423147618598229 ], [ 127.183714985818654, 37.423147680429295 ], [ 127.183715205220295, 37.423147775596114 ], [ 127.183715455043298, 37.423147837378011 ], [ 127.18371567323598, 37.423147900110088 ], [ 127.183715892633217, 37.423147993474871 ], [ 127.183716141328702, 37.423148056159548 ], [ 127.183716361780853, 37.423148118888115 ], [ 127.183716580048355, 37.423148212254631 ], [ 127.183716798241022, 37.423148274986715 ], [ 127.183717016433718, 37.423148337718807 ], [ 127.183717266333758, 37.423148431036175 ], [ 127.183717486862946, 37.423148525300206 ], [ 127.183717705053425, 37.423148587131273 ], [ 127.183717923320941, 37.423148680497803 ], [ 127.183718173148378, 37.423148744081729 ], [ 127.18371839141588, 37.423148837448259 ], [ 127.183718611868031, 37.423148900176805 ], [ 127.183718830135561, 37.42314899354335 ], [ 127.183719048328228, 37.42314905627542 ], [ 127.183719266597961, 37.423149150542962 ], [ 127.183719485995212, 37.423149243907737 ], [ 127.184081517564209, 37.423285962321202 ], [ 127.184362048859043, 37.423381775356468 ], [ 127.184670329945476, 37.423480024876561 ], [ 127.184903454217761, 37.42352074412743 ], [ 127.184903705097369, 37.423520775270596 ], [ 127.184903954845055, 37.423520805514528 ], [ 127.184904173042, 37.423520869145413 ], [ 127.184904422791874, 37.42352090029037 ], [ 127.184904643166348, 37.423520930580246 ], [ 127.184904892996002, 37.423520994161642 ], [ 127.184905142821194, 37.423521055941038 ], [ 127.184905360938387, 37.42352108713547 ], [ 127.184905610768055, 37.423521150716851 ], [ 127.184905861645447, 37.423521180959021 ], [ 127.184906079840204, 37.42352124368891 ], [ 127.184906329592295, 37.423521275734856 ], [ 127.184906547784806, 37.423521337563706 ], [ 127.184906798741991, 37.423521400242336 ], [ 127.184907048489663, 37.423521430486261 ], [ 127.184907266686622, 37.423521494117161 ], [ 127.184907516511842, 37.423521555896535 ], [ 127.184907735836333, 37.423521618624626 ], [ 127.184907986718144, 37.42352165066881 ], [ 127.184908236543393, 37.423521712448178 ], [ 127.184908454738121, 37.42352177517806 ], [ 127.184908704563341, 37.423521836957441 ], [ 127.184908923812486, 37.423521869051086 ], [ 127.18490917363772, 37.423521930830489 ], [ 127.184909391832448, 37.423521993560342 ], [ 127.184909641659914, 37.423522056240728 ], [ 127.184909860984391, 37.42352211896884 ], [ 127.184910111939345, 37.423522180746438 ], [ 127.184910330134102, 37.423522243476313 ], [ 127.184910579961524, 37.423522306156698 ], [ 127.184910798156281, 37.423522368886559 ], [ 127.184911047981501, 37.42352243066594 ], [ 127.184911267308223, 37.42352249429505 ], [ 127.184911485500734, 37.423522556123899 ], [ 127.1849117353282, 37.423522618804299 ], [ 127.184911954650445, 37.423522680631379 ], [ 127.184912204555445, 37.423522774847221 ], [ 127.184912423879936, 37.423522837575305 ], [ 127.184912642072476, 37.423522899404155 ], [ 127.184912891899927, 37.423522962084547 ], [ 127.184913110094655, 37.423523024814408 ], [ 127.184913330548881, 37.423523087540723 ], [ 127.184913580451678, 37.423523180855554 ], [ 127.184913798646434, 37.423523243585421 ], [ 127.184914048473857, 37.423523306265814 ], [ 127.184914266743959, 37.423523399630106 ], [ 127.184914486068465, 37.423523462358204 ], [ 127.184914705390739, 37.423523524185278 ], [ 127.184914955297941, 37.423523619302145 ], [ 127.184915173490481, 37.42352368113098 ], [ 127.184915391760569, 37.423523774495273 ], [ 127.184915642717755, 37.423523837173889 ], [ 127.184915860990074, 37.423523931439199 ], [ 127.18514621572055, 37.423620240489186 ] ] } },
{ "type": "Feature", "properties": { "LINK_ID": "2050002000", "ROAD_NO": "-", "ROAD_NAME": "순환로", "MAX_SPD": 60, "LENGTH": 206.03799729878301, "collDate": "2026-08-16 19:00:00.0", "routeId": "1030000031", "routeNm": "국도 3호선(이천~서울)", "linkId": "2050002000", "startNodeId": "2050001100", "startNodeNm": "갈마터널입구교차로", "endNodeId": "2050000800", "endNodeNm": "갈현동78-4", "spd": "53", "vol": "0", "trvlTime": "14", "linkDelayTime": "0", "congGrade": "1" }, "geometry": { "type": "LineString", "coordinates": [ [ 127.182487069697601, 37.424048244208421 ], [ 127.182598174228133, 37.424069681154698 ], [ 127.182781797893881, 37.424033212560062 ], [ 127.183056861356221, 37.42399961872465 ], [ 127.183119892247262, 37.423981462030412 ], [ 127.183174205015689, 37.423955962912522 ], [ 127.183613797648832, 37.423789462372227 ], [ 127.18376376685066, 37.423701524392406 ], [ 127.183828361272617, 37.423637775253084 ], [ 127.183848236542076, 37.423530899996756 ], [ 127.183830736202893, 37.423450242977594 ], [ 127.183747641814165, 37.423332524596333 ], [ 127.183612485539086, 37.423228525716162 ], [ 127.183521455138887, 37.423188493439199 ], [ 127.183492954439473, 37.42317983746392 ], [ 127.183454298854102, 37.423164368435856 ], [ 127.183400861602934, 37.423196993368514 ] ] } },
{ "type": "Feature", "properties": { "LINK_ID": "2050002101", "ROAD_NO": "-", "ROAD_NAME": "경충대로", "MAX_SPD": 70, "LENGTH": 296.04068326255799, "collDate": "2026-08-16 19:00:00.0", "routeId": "1030000031", "routeNm": "국도 3호선(이천~서울)", "linkId": "2050002101", "startNodeId": "2050001101", "startNodeNm": "갈현동75-2", "endNodeId": "2050001100", "endNodeNm": "갈마터널입구교차로", "spd": "70", "vol": "0", "trvlTime": "15", "linkDelayTime": "0", "congGrade": "1" }, "geometry": { "type": "LineString", "coordinates": [ [ 127.183944312890503, 37.424040653281729 ], [ 127.183668767078373, 37.424090274153698 ], [ 127.183665392679671, 37.424090806491023 ], [ 127.183661986339857, 37.424091212735568 ], [ 127.183658547984137, 37.424091462252882 ], [ 127.182496605095309, 37.424156118720724 ], [ 127.182284392799289, 37.424168149155243 ], [ 127.182276142220147, 37.424168618692434 ], [ 127.182240235678094, 37.424170649980312 ], [ 127.182237204851916, 37.424170774487763 ], [ 127.182234173724368, 37.42417077465533 ], [ 127.182231142369744, 37.424170681117445 ], [ 127.181489767204553, 37.424133462656776 ], [ 127.181485611219728, 37.424133150077296 ], [ 127.181382267145779, 37.424122868608173 ], [ 127.181378423728404, 37.424122400570504 ], [ 127.180625243834712, 37.424012119856549 ] ] } },
{ "type": "Feature", "properties": { "LINK_ID": "2050002102", "ROAD_NO": "-", "ROAD_NAME": "경충대로", "MAX_SPD": 70, "LENGTH": 116.57218174088899, "collDate": "2026-08-16 19:00:00.0", "routeId": "1030000031", "routeNm": "국도 3호선(이천~서울)", "linkId": "2050002102", "startNodeId": "2050000900", "startNodeNm": "갈현동75-2", "endNodeId": "2050001101", "endNodeNm": "갈현동75-2", "spd": "70", "vol": "0", "trvlTime": "6", "linkDelayTime": "0", "congGrade": "1" }, "geometry": { "type": "LineString", "coordinates": [ [ 127.185195235946935, 37.423721056448024 ], [ 127.184548735858442, 37.423921056031297 ], [ 127.184548454704512, 37.423921118640344 ], [ 127.184467329443848, 37.423945899773287 ], [ 127.184464266579539, 37.423946774934571 ], [ 127.184461172904776, 37.423947524902559 ], [ 127.184458016788952, 37.423948150627638 ], [ 127.183944312890503, 37.424040653281729 ] ] } },
{ "type": "Feature", "properties": { "LINK_ID": "2050002201", "ROAD_NO": "-", "ROAD_NAME": "경충대로", "MAX_SPD": 70, "LENGTH": 241.99336713269699, "collDate": "2026-08-16 19:00:00.0", "routeId": "1030000031", "routeNm": "국도 3호선(이천~서울)", "linkId": "2050002201", "startNodeId": "2050001100", "startNodeNm": "갈마터널입구교차로", "endNodeId": "2050001101", "endNodeNm": "갈현동75-2", "spd": "60", "vol": "0", "trvlTime": "15", "linkDelayTime": "0", "congGrade": "1" }, "geometry": { "type": "LineString", "coordinates": [ [ 127.182487069697601, 37.424048244208421 ], [ 127.183643955508472, 37.423983899946734 ], [ 127.18391445096465, 37.423935181974123 ], [ 127.184423392132842, 37.423843556084684 ], [ 127.184499830035804, 37.423820181575927 ], [ 127.18514621572055, 37.423620240489186 ] ] } },
{ "type": "Feature", "properties": { "LINK_ID": "2050002301", "ROAD_NO": "-", "ROAD_NAME": "경충대로", "MAX_SPD": 70, "LENGTH": 58.466775746871001, "collDate": "2026-08-16 19:00:00.0", "routeId": "1030000031", "routeNm": "국도 3호선(이천~서울)", "linkId": "2050002301", "startNodeId": "2050001001", "startNodeNm": "갈현동126-1", "endNodeId": "2050001000", "endNodeNm": "오일뱅크반딧불", "spd": "69", "vol": "0", "trvlTime": "4", "linkDelayTime": "0", "congGrade": "1" }, "geometry": { "type": "LineString", "coordinates": [ [ 127.180625243834712, 37.424012119856549 ], [ 127.180320548587176, 37.42396752497384 ], [ 127.180318142450261, 37.423967150217059 ], [ 127.180315736086513, 37.42396668085383 ], [ 127.179981035254514, 37.423897321191127 ] ] } },
{ "type": "Feature", "properties": { "LINK_ID": "2050002401", "ROAD_NO": "-", "ROAD_NAME": "경충대로", "MAX_SPD": 70, "LENGTH": 221.59266059433699, "collDate": "2026-08-16 19:00:00.0", "routeId": "1030000031", "routeNm": "국도 3호선(이천~서울)", "linkId": "2050002401", "startNodeId": "2050001000", "startNodeNm": "오일뱅크반딧불", "endNodeId": "2050001001", "endNodeNm": "갈현동126-1", "spd": "60", "vol": "0", "trvlTime": "14", "linkDelayTime": "0", "congGrade": "1" }, "geometry": { "type": "LineString", "coordinates": [ [ 127.180015126259406, 37.423792683443324 ], [ 127.180347454673679, 37.423861524380115 ], [ 127.180649722350608, 37.423905777571626 ], [ 127.181400985236593, 37.424015774794547 ], [ 127.181500329997647, 37.42402565062342 ], [ 127.182235111246726, 37.424062556620783 ], [ 127.182266485778413, 37.424060774695512 ], [ 127.182274736347992, 37.424060306060028 ], [ 127.182487069697601, 37.424048244208421 ] ] } },
{ "type": "Feature", "properties": { "LINK_ID": "2050003300", "ROAD_NO": "100", "ROAD_NAME": "수도권제1순환고속도로", "MAX_SPD": 50, "LENGTH": 114.745155319403, "collDate": "2026-08-16 19:00:00.0", "routeId": "1030000031", "routeNm": "국도 3호선(이천~서울)", "linkId": "2050003300", "startNodeId": "2050001700", "startNodeNm": "여수사거리", "endNodeId": "2050001800", "endNodeNm": "성남IC", "spd": "43", "vol": "0", "trvlTime": "10", "linkDelayTime": "0", "congGrade": "1" }, "geometry": { "type": "LineString", "coordinates": [ [ 127.126553006463283, 37.427435439055074 ], [ 127.125814111740638, 37.427425494297317 ], [ 127.125348423035845, 37.427420900073635 ], [ 127.12525686131724, 37.427417368733167 ] ] } },
{ "type": "Feature", "properties": { "LINK_ID": "2050003400", "ROAD_NO": "100", "ROAD_NAME": "수도권제1순환고속도로", "MAX_SPD": 50, "LENGTH": 114.46029445962699, "collDate": "2026-08-16 19:00:00.0", "routeId": "1030000031", "routeNm": "국도 3호선(이천~서울)", "linkId": "2050003400", "startNodeId": "2050001800", "startNodeNm": "성남IC", "endNodeId": "2050001700", "endNodeNm": "여수사거리", "spd": "50", "vol": "0", "trvlTime": "8", "linkDelayTime": "0", "congGrade": "1" }, "geometry": { "type": "LineString", "coordinates": [ [ 127.125263422911772, 37.427309368626496 ], [ 127.125352516856822, 37.427312806170114 ], [ 127.125817454704034, 37.427317400276422 ], [ 127.126556326930512, 37.427328406247589 ] ] } },
{ "type": "Feature", "properties": { "LINK_ID": "2050003700", "ROAD_NO": "100", "ROAD_NAME": "수도권제1순환고속도로", "MAX_SPD": 50, "LENGTH": 611.71611787858797, "collDate": "2026-08-16 19:00:00.0", "routeId": "1010001001", "routeNm": "수도권 제1순환고속도로", "linkId": "2050003700", "startNodeId": "2050002300", "startNodeNm": "성남IC북측", "endNodeId": "2050001800", "endNodeNm": "성남IC", "spd": "50", "vol": "0", "trvlTime": "40", "linkDelayTime": "0", "congGrade": "1" }, "geometry": { "type": "LineString", "coordinates": [ [ 127.123427806191216, 37.42989576750594 ], [ 127.123326892107173, 37.429691306548868 ], [ 127.123199454474474, 37.429430743870682 ], [ 127.122887923636441, 37.429009993443678 ], [ 127.122385767695874, 37.428565868181387 ], [ 127.122175486404473, 37.4283717121113 ], [ 127.122052735624308, 37.428275961744554 ], [ 127.121964860586587, 37.428150462447242 ], [ 127.121919298627631, 37.428022993976626 ], [ 127.121875111000051, 37.427816274251235 ], [ 127.121886110821578, 37.427688743828234 ], [ 127.121947548391304, 37.427551399766195 ], [ 127.122068547849182, 37.427425212738001 ], [ 127.122234861248387, 37.427320743695702 ], [ 127.122389328985349, 37.427263930644038 ], [ 127.122627735909859, 37.427209087366798 ], [ 127.122883454284988, 37.427172149539743 ], [ 127.123171642064833, 37.427183024923806 ], [ 127.123311611221112, 37.427195087776326 ], [ 127.123381048325442, 37.427201056640662 ], [ 127.123450141878621, 37.427206962751811 ], [ 127.123654048455236, 37.427224337480823 ], [ 127.124464361032622, 37.427252837709304 ], [ 127.124953236555029, 37.427298150378945 ], [ 127.125263422911772, 37.427309368626496 ] ] } },
{ "type": "Feature", "properties": { "LINK_ID": "2050003800", "ROAD_NO": "100", "ROAD_NAME": "수도권제1순환고속도로", "MAX_SPD": 50, "LENGTH": 352.33619508731101, "collDate": "2026-08-16 19:00:00.0", "routeId": "1010001001", "routeNm": "수도권 제1순환고속도로", "linkId": "2050003800", "startNodeId": "2050001800", "startNodeNm": "성남IC", "endNodeId": "2050002300", "endNodeNm": "성남IC북측", "spd": "50", "vol": "0", "trvlTime": "16", "linkDelayTime": "0", "congGrade": "1" }, "geometry": { "type": "LineString", "coordinates": [ [ 127.12525686131724, 37.427417368733167 ], [ 127.125129923231441, 37.427411806039366 ], [ 127.124576111041947, 37.427616462222311 ], [ 127.124280579399283, 37.427810993733409 ], [ 127.124108204527616, 37.427949275447013 ], [ 127.123890142682043, 37.428214338181235 ], [ 127.123711579632044, 37.428630900235163 ], [ 127.123458236061751, 37.428919618307816 ], [ 127.123496580275884, 37.429685930529196 ], [ 127.123507040871687, 37.429895065640132 ] ] } },
{ "type": "Feature", "properties": { "LINK_ID": "2050003900", "ROAD_NO": "100", "ROAD_NAME": "수도권제1순환고속도로", "MAX_SPD": 100, "LENGTH": 459.53866928632402, "collDate": "2026-08-16 19:05:01.0", "routeId": "1010001001", "routeNm": "수도권 제1순환고속도로", "linkId": "2050003900", "startNodeId": "2050001200", "startNodeNm": "성남IC남측", "endNodeId": "2050002300", "endNodeNm": "성남IC북측", "spd": "89", "vol": "77", "trvlTime": "19", "linkDelayTime": "0", "congGrade": "1" }, "geometry": { "type": "LineString", "coordinates": [ [ 127.123417923270679, 37.425755824866357 ], [ 127.123426672769853, 37.426353024290911 ], [ 127.123442923714222, 37.427260712331439 ], [ 127.123428735847156, 37.427813430581963 ], [ 127.123458236061751, 37.428919618307816 ], [ 127.123496580275884, 37.429685930529196 ], [ 127.123507040871687, 37.429895065640132 ] ] } },
{ "type": "Feature", "properties": { "LINK_ID": "2050004000", "ROAD_NO": "100", "ROAD_NAME": "수도권제1순환고속도로", "MAX_SPD": 100, "LENGTH": 459.66138758890702, "collDate": "2026-08-16 19:05:01.0", "routeId": "1010001001", "routeNm": "수도권 제1순환고속도로", "linkId": "2050004000", "startNodeId": "2050002300", "startNodeNm": "성남IC북측", "endNodeId": "2050001200", "endNodeNm": "성남IC남측", "spd": "91", "vol": "74", "trvlTime": "19", "linkDelayTime": "0", "congGrade": "1" }, "geometry": { "type": "LineString", "coordinates": [ [ 127.123427806191216, 37.42989576750594 ], [ 127.123414048867872, 37.429688555786917 ], [ 127.123291048309895, 37.427813431004061 ], [ 127.123304329690058, 37.427248837413799 ], [ 127.123305579439915, 37.426926555944661 ], [ 127.123300516692666, 37.425846931327378 ], [ 127.123298782959509, 37.425757118830894 ] ] } },
{ "type": "Feature", "properties": { "LINK_ID": "2050004700", "ROAD_NO": "100", "ROAD_NAME": "수도권제1순환고속도로", "MAX_SPD": 50, "LENGTH": 732.90693712604002, "collDate": "2026-08-16 19:00:00.0", "routeId": "1010001001", "routeNm": "수도권 제1순환고속도로", "linkId": "2050004700", "startNodeId": "2050001800", "startNodeNm": "성남IC", "endNodeId": "2050001200", "endNodeNm": "성남IC남측", "spd": "50", "vol": "0", "trvlTime": "53", "linkDelayTime": "0", "congGrade": "1" }, "geometry": { "type": "LineString", "coordinates": [ [ 127.12525686131724, 37.427417368733167 ], [ 127.124942329034369, 37.42740599378039 ], [ 127.12445351726781, 37.427360712535432 ], [ 127.123643829390176, 37.427332180946053 ], [ 127.123435736045664, 37.427314462779343 ], [ 127.12336654861997, 37.427308555856918 ], [ 127.1232970481487, 37.427302587050335 ], [ 127.123161142122967, 37.427290868641251 ], [ 127.122892455518752, 37.427280743329753 ], [ 127.122658673449791, 37.427314493144863 ], [ 127.122436798050856, 37.427365525181351 ], [ 127.122306173955437, 37.427413588181707 ], [ 127.122165861194404, 37.427501712142544 ], [ 127.122068141601545, 37.427603649597039 ], [ 127.122020079997242, 37.427711056250843 ], [ 127.122011485871226, 37.42781080586029 ], [ 127.122051705311378, 37.427999024553039 ], [ 127.122090924077895, 37.428108712556352 ], [ 127.122171111138286, 37.42822324352278 ], [ 127.122328704133821, 37.428312586628785 ], [ 127.122544454255717, 37.428371056285137 ], [ 127.122731954653347, 37.428371336598623 ], [ 127.122887923700574, 37.428325744407452 ], [ 127.123019954379913, 37.428265181306564 ], [ 127.12311542351911, 37.428180150293464 ], [ 127.123175017034484, 37.428072774437041 ], [ 127.123291048309895, 37.427813431004061 ], [ 127.123304329690058, 37.427248837413799 ], [ 127.123305579439915, 37.426926555944661 ], [ 127.123300516692666, 37.425846931327378 ], [ 127.123298782959509, 37.425757118830894 ] ] } },
{ "type": "Feature", "properties": { "LINK_ID": "2050004800", "ROAD_NO": "100", "ROAD_NAME": "수도권제1순환고속도로", "MAX_SPD": 50, "LENGTH": 250.246496389578, "collDate": "2026-08-16 19:00:00.0", "routeId": "1010001001", "routeNm": "수도권 제1순환고속도로", "linkId": "2050004800", "startNodeId": "2050001200", "startNodeNm": "성남IC남측", "endNodeId": "2050001800", "endNodeNm": "성남IC", "spd": "50", "vol": "0", "trvlTime": "17", "linkDelayTime": "0", "congGrade": "1" }, "geometry": { "type": "LineString", "coordinates": [ [ 127.123417923270679, 37.425755824866357 ], [ 127.123647486630333, 37.425969931647337 ], [ 127.12377029836891, 37.426318587654421 ], [ 127.123967298285436, 37.42660924387247 ], [ 127.124256455045682, 37.42688224390006 ], [ 127.124630203851851, 37.427094368762141 ], [ 127.124993704996641, 37.427233649763849 ], [ 127.125136517436516, 37.427304961909364 ], [ 127.125263422911772, 37.427309368626496 ] ] } },
{ "type": "Feature", "properties": { "LINK_ID": "2050004901", "ROAD_NO": "3", "ROAD_NAME": "성남대로", "MAX_SPD": 60, "LENGTH": 149.283343977329, "collDate": "2026-08-16 19:00:00.0", "routeId": "1030000031", "routeNm": "국도 3호선(이천~서울)", "linkId": "2050004901", "startNodeId": "2050002400", "startNodeNm": "모란시장사거리", "endNodeId": "2050002100", "endNodeNm": "여수교차로", "spd": "47", "vol": "0", "trvlTime": "12", "linkDelayTime": "0", "congGrade": "2" }, "geometry": { "type": "LineString", "coordinates": [ [ 127.129304162746692, 37.429946353785205 ], [ 127.129321142276282, 37.429817118665326 ], [ 127.129321204848097, 37.429816712238548 ], [ 127.129400267586021, 37.429257462215915 ], [ 127.129405885261335, 37.428947743406951 ], [ 127.129405298822476, 37.428771141231707 ], [ 127.129386590295042, 37.42860624784047 ] ] } },
{ "type": "Feature", "properties": { "LINK_ID": "2050005001", "ROAD_NO": "3", "ROAD_NAME": "성남대로", "MAX_SPD": 60, "LENGTH": 143.770349155714, "collDate": "2026-08-16 19:00:00.0", "routeId": "1030000031", "routeNm": "국도 3호선(이천~서울)", "linkId": "2050005001", "startNodeId": "2050002100", "startNodeNm": "여수교차로", "endNodeId": "2050002400", "endNodeNm": "모란시장사거리", "spd": "11", "vol": "0", "trvlTime": "48", "linkDelayTime": "0", "congGrade": "3" }, "geometry": { "type": "LineString", "coordinates": [ [ 127.129572858635328, 37.428592807023712 ], [ 127.129606048314969, 37.428784400506224 ], [ 127.129606048529311, 37.428784524846257 ], [ 127.129606048745202, 37.428784650087294 ], [ 127.129606048961122, 37.428784775328339 ], [ 127.129606049177028, 37.428784900569397 ], [ 127.129606048261579, 37.428785024910653 ], [ 127.129606048477484, 37.428785150151697 ], [ 127.129606048693404, 37.428785275392741 ], [ 127.129606048907746, 37.428785399732767 ], [ 127.129606049123666, 37.428785524973804 ], [ 127.129606048209752, 37.428785650216106 ], [ 127.129606048425643, 37.428785775457129 ], [ 127.129606048587192, 37.428785869162667 ], [ 127.129606048801563, 37.428785993502686 ], [ 127.129606049017468, 37.428786118743737 ], [ 127.129606049233388, 37.428786243984796 ], [ 127.129606048317896, 37.428786368326044 ], [ 127.129606048533816, 37.428786493567095 ], [ 127.129606048749707, 37.428786618808147 ], [ 127.129606048965627, 37.428786744049177 ], [ 127.129606017544987, 37.428786868423892 ], [ 127.129606017760906, 37.428786993664943 ], [ 127.129606016846992, 37.428787118907209 ], [ 127.129606017062883, 37.428787244148261 ], [ 127.129606017277254, 37.428787368488287 ], [ 127.129606017493145, 37.428787493729324 ], [ 127.129605986074083, 37.428787619005064 ], [ 127.129605985374511, 37.428787868587357 ], [ 127.12960598559043, 37.428787993828415 ], [ 127.129605954171339, 37.428788119104141 ], [ 127.12960595438571, 37.428788243444167 ], [ 127.129605954601601, 37.428788368685211 ], [ 127.129605954817521, 37.428788493926241 ], [ 127.129605923398429, 37.428788619201981 ], [ 127.1296059236128, 37.428788743542029 ], [ 127.129605923828692, 37.428788868783059 ], [ 127.129605924044611, 37.428788994024103 ], [ 127.12960589262552, 37.428789119299836 ], [ 127.129605891710057, 37.428789243641091 ], [ 127.129605860290951, 37.428789368916824 ], [ 127.129605860506871, 37.428789494157868 ], [ 127.129605860721213, 37.428789618497888 ], [ 127.129605829518042, 37.428789869014672 ], [ 127.129605829733961, 37.428789994255709 ], [ 127.129605798313321, 37.428790118630424 ], [ 127.129605766839873, 37.428790212370629 ], [ 127.129605767055764, 37.428790337611673 ], [ 127.129605767271684, 37.428790462852717 ], [ 127.129605735851044, 37.428790587227439 ], [ 127.129605736066964, 37.428790712468476 ], [ 127.129605704647872, 37.428790837744209 ], [ 127.129605703732395, 37.428790962085465 ], [ 127.129605642454308, 37.428791462216758 ], [ 127.12960557961614, 37.428791712768209 ], [ 127.129605548411391, 37.428791962383961 ], [ 127.12960554862731, 37.428792087625006 ], [ 127.129605517208205, 37.428792212900746 ], [ 127.129578923750017, 37.428958900353194 ], [ 127.129535017313813, 37.429269556742561 ], [ 127.129455954113567, 37.429828619442524 ], [ 127.129449307136738, 37.429879210575479 ] ] } },
{ "type": "Feature", "properties": { "LINK_ID": "2050005401", "ROAD_NO": "3", "ROAD_NAME": "성남대로", "MAX_SPD": 60, "LENGTH": 309.76321012230301, "collDate": "2026-08-16 19:00:00.0", "routeId": "1030000031", "routeNm": "국도 3호선(이천~서울)", "linkId": "2050005401", "startNodeId": "2050002400", "startNodeNm": "모란시장사거리", "endNodeId": "2050002800", "endNodeNm": "모란삼거리", "spd": "14", "vol": "0", "trvlTime": "80", "linkDelayTime": "0", "congGrade": "3" }, "geometry": { "type": "LineString", "coordinates": [ [ 127.12943004948319, 37.430025743531452 ], [ 127.129352923526866, 37.430610993582519 ], [ 127.129341423752749, 37.430698243447644 ], [ 127.129341392171185, 37.430698275017761 ], [ 127.129233236230277, 37.431515368892114 ], [ 127.129226516523332, 37.431566399872644 ], [ 127.129226486178112, 37.431566493611484 ], [ 127.12922645470303, 37.43156658735154 ], [ 127.129226454918324, 37.431566712592542 ], [ 127.129226455079404, 37.431566806298022 ], [ 127.129120079842238, 37.432313650301971 ], [ 127.129103517943477, 37.432429993143352 ], [ 127.129057237783528, 37.432800836804802 ] ] } },
{ "type": "Feature", "properties": { "LINK_ID": "2050006100", "ROAD_NO": "3", "ROAD_NAME": "성남대로", "MAX_SPD": 60, "LENGTH": 76.175660962161999, "collDate": "2026-08-16 19:00:00.0", "routeId": "1030000031", "routeNm": "국도 3호선(이천~서울)", "linkId": "2050006100", "startNodeId": "2050002800", "startNodeNm": "모란삼거리", "endNodeId": "2040001600", "endNodeNm": "모란사거리", "spd": "7", "vol": "0", "trvlTime": "40", "linkDelayTime": "0", "congGrade": "3" }, "geometry": { "type": "LineString", "coordinates": [ [ 127.129040903648459, 37.432908927411553 ], [ 127.128929829308504, 37.433553587194368 ], [ 127.128923748428605, 37.433588893483901 ] ] } },
{ "type": "Feature", "properties": { "LINK_ID": "2050006200", "ROAD_NO": "3", "ROAD_NAME": "성남대로", "MAX_SPD": 60, "LENGTH": 389.97632594878598, "collDate": "2026-08-16 19:00:00.0", "routeId": "1030000031", "routeNm": "국도 3호선(이천~서울)", "linkId": "2050006200", "startNodeId": "2040001600", "startNodeNm": "모란사거리", "endNodeId": "2050002800", "endNodeNm": "모란삼거리", "spd": "19", "vol": "0", "trvlTime": "74", "linkDelayTime": "0", "congGrade": "3" }, "geometry": { "type": "LineString", "coordinates": [ [ 127.128794130616626, 37.433546908491671 ], [ 127.128795517197631, 37.433538868659049 ], [ 127.128906561099924, 37.432894212080761 ], [ 127.128922329348129, 37.432790133256702 ], [ 127.128968642361912, 37.43241893083713 ], [ 127.12896873598531, 37.432418181089787 ], [ 127.128985360718417, 37.432301462474712 ], [ 127.129091673251367, 37.431554837604814 ], [ 127.129098423929591, 37.431504024643822 ], [ 127.129206580190399, 37.43068693088977 ], [ 127.129218079043753, 37.430599712574043 ], [ 127.129289762428087, 37.430055733545821 ] ] } },
{ "type": "Feature", "properties": { "LINK_ID": "2050008100", "ROAD_NO": "61", "ROAD_NAME": "분당수서로", "MAX_SPD": 80, "LENGTH": 252.189313872463, "collDate": "2026-08-16 19:00:00.0", "routeId": "1020000651", "routeNm": "분당수서로", "linkId": "2050008100", "startNodeId": "2040004900", "startNodeNm": "탄천교", "endNodeId": "2050005900", "endNodeNm": "탄천IC", "spd": "80", "vol": "0", "trvlTime": "12", "linkDelayTime": "0", "congGrade": "1" }, "geometry": { "type": "LineString", "coordinates": [ [ 127.119186500167615, 37.419536406803331 ], [ 127.11949595504548, 37.419999993651118 ], [ 127.119729330061077, 37.420404430752853 ], [ 127.119800486141884, 37.420527711602666 ], [ 127.120225017130394, 37.421300149280761 ], [ 127.120358766305387, 37.421604764730034 ] ] } },
{ "type": "Feature", "properties": { "LINK_ID": "2050008200", "ROAD_NO": "61", "ROAD_NAME": "분당수서로", "MAX_SPD": 80, "LENGTH": 189.77152425839401, "collDate": "2026-08-16 19:00:00.0", "routeId": "1020000651", "routeNm": "분당수서로", "linkId": "2050008200", "startNodeId": "2050006500", "startNodeNm": "단대천교", "endNodeId": "2040004900", "endNodeNm": "탄천교", "spd": "80", "vol": "0", "trvlTime": "9", "linkDelayTime": "0", "congGrade": "1" }, "geometry": { "type": "LineString", "coordinates": [ [ 127.121399887181752, 37.431765682629951 ], [ 127.121268954762442, 37.430229087144504 ], [ 127.121258715885673, 37.430059551892477 ] ] } },
{ "type": "Feature", "properties": { "LINK_ID": "2050008400", "ROAD_NO": "-", "ROAD_NAME": "경충대로", "MAX_SPD": 40, "LENGTH": 334.87903006896403, "collDate": "2026-08-16 19:00:00.0", "routeId": "1030000031", "routeNm": "국도 3호선(이천~서울)", "linkId": "2050008400", "startNodeId": "2050003800", "startNodeNm": "화심장어", "endNodeId": "2050000300", "endNodeNm": "갈현IC", "spd": "40", "vol": "0", "trvlTime": "21", "linkDelayTime": "0", "congGrade": "1" }, "geometry": { "type": "LineString", "coordinates": [ [ 127.157609944322019, 37.420683334745895 ], [ 127.157867955327632, 37.420774024885617 ], [ 127.157985423715274, 37.420821181283188 ], [ 127.158594798953516, 37.421131743420439 ], [ 127.159375454608053, 37.421379243678892 ], [ 127.159965235347244, 37.421503025344045 ], [ 127.160834798683553, 37.42160033750374 ], [ 127.161120573970564, 37.421712527344056 ] ] } },
{ "type": "Feature", "properties": { "LINK_ID": "2050008701", "ROAD_NO": "3", "ROAD_NAME": "여수대로", "MAX_SPD": 40, "LENGTH": 269.26104337280901, "collDate": "2026-08-16 19:00:00.0", "routeId": "1030000031", "routeNm": "국도 3호선(이천~서울)", "linkId": "2050008701", "startNodeId": "2050003900", "startNodeNm": "반도주유소앞", "endNodeId": "2050069600", "endNodeNm": "여수지하차도서측", "spd": "40", "vol": "0", "trvlTime": "23", "linkDelayTime": "0", "congGrade": "1" }, "geometry": { "type": "LineString", "coordinates": [ [ 127.12867292192341, 37.421622837852965 ], [ 127.128114881077465, 37.421583391887587 ], [ 127.127427735616763, 37.421583616472411 ], [ 127.126691769098343, 37.421619138100141 ], [ 127.125963425988274, 37.421667267576318 ], [ 127.125909838649235, 37.421669773855712 ], [ 127.125642206538629, 37.421628136504616 ] ] } },
{ "type": "Feature", "properties": { "LINK_ID": "2050008703", "ROAD_NO": "3", "ROAD_NAME": "여수대로", "MAX_SPD": 60, "LENGTH": 264.14329977277799, "collDate": "2026-08-16 19:00:00.0", "routeId": "1030000031", "routeNm": "국도 3호선(이천~서울)", "linkId": "2050008703", "startNodeId": "2050074300", "startNodeNm": "여수대교남측", "endNodeId": "2040005000", "endNodeNm": "여수교차로", "spd": "20", "vol": "0", "trvlTime": "48", "linkDelayTime": "0", "congGrade": "3" }, "geometry": { "type": "LineString", "coordinates": [ [ 127.11973192219746, 37.421951397434135 ], [ 127.119407142659682, 37.421969712556191 ], [ 127.117242454434233, 37.422079619268459 ], [ 127.116753733940257, 37.422100510368765 ] ] } },
{ "type": "Feature", "properties": { "LINK_ID": "2050008704", "ROAD_NO": "3", "ROAD_NAME": "여수대로", "MAX_SPD": 70, "LENGTH": 262.24894646368301, "collDate": "2026-08-16 19:00:00.0", "routeId": "1030000031", "routeNm": "국도 3호선(이천~서울)", "linkId": "2050008704", "startNodeId": "2050069600", "startNodeNm": "여수지하차도서측", "endNodeId": "2050074300", "endNodeNm": "여수대교남측", "spd": "69", "vol": "0", "trvlTime": "14", "linkDelayTime": "0", "congGrade": "1" }, "geometry": { "type": "LineString", "coordinates": [ [ 127.125642206538629, 37.421628136504616 ], [ 127.125262329056596, 37.421645900653715 ], [ 127.124373892447991, 37.421710337897494 ], [ 127.123465297511061, 37.421743587282471 ], [ 127.123420173913487, 37.421747462823646 ], [ 127.123291517209395, 37.421758524611924 ], [ 127.122893173777229, 37.421792837459627 ], [ 127.122688344689408, 37.421800231332874 ] ] } },
{ "type": "Feature", "properties": { "LINK_ID": "2050008802", "ROAD_NO": "3", "ROAD_NAME": "여수대로", "MAX_SPD": 40, "LENGTH": 271.20242581901499, "collDate": "2026-08-16 19:00:00.0", "routeId": "1030000031", "routeNm": "국도 3호선(이천~서울)", "linkId": "2050008802", "startNodeId": "2050069600", "startNodeNm": "여수지하차도서측", "endNodeId": "2050003900", "endNodeNm": "반도주유소앞", "spd": "13", "vol": "0", "trvlTime": "76", "linkDelayTime": "0", "congGrade": "3" }, "geometry": { "type": "LineString", "coordinates": [ [ 127.125634263159853, 37.421520165616144 ], [ 127.125903661729637, 37.421453432716291 ], [ 127.125944296694854, 37.421451532099013 ], [ 127.12667239146522, 37.421403411115769 ], [ 127.127414809445781, 37.421367606043489 ], [ 127.128077402228982, 37.42136218944438 ], [ 127.128678954853811, 37.421405643382286 ] ] } },
{ "type": "Feature", "properties": { "LINK_ID": "2050008803", "ROAD_NO": "3", "ROAD_NAME": "여수대로", "MAX_SPD": 60, "LENGTH": 263.26103797013201, "collDate": "2026-08-16 19:00:00.0", "routeId": "1030000031", "routeNm": "국도 3호선(이천~서울)", "linkId": "2050008803", "startNodeId": "2040005000", "startNodeNm": "여수교차로", "endNodeId": "2050074300", "endNodeNm": "여수대교남측", "spd": "44", "vol": "0", "trvlTime": "22", "linkDelayTime": "0", "congGrade": "2" }, "geometry": { "type": "LineString", "coordinates": [ [ 127.116754127198263, 37.421992215938729 ], [ 127.117234548687861, 37.421971681602571 ], [ 127.119398048842086, 37.421861837504402 ], [ 127.11972235961511, 37.421843545543005 ] ] } },
{ "type": "Feature", "properties": { "LINK_ID": "2050008804", "ROAD_NO": "3", "ROAD_NAME": "여수대로", "MAX_SPD": 70, "LENGTH": 262.55388411783099, "collDate": "2026-08-16 19:00:00.0", "routeId": "1030000031", "routeNm": "국도 3호선(이천~서울)", "linkId": "2050008804", "startNodeId": "2050074300", "startNodeNm": "여수대교남측", "endNodeId": "2050069600", "endNodeNm": "여수지하차도서측", "spd": "65", "vol": "0", "trvlTime": "15", "linkDelayTime": "0", "congGrade": "1" }, "geometry": { "type": "LineString", "coordinates": [ [ 127.11972235961511, 37.421843545543005 ], [ 127.121913048693031, 37.421719961631545 ], [ 127.122682215093107, 37.4216922030323 ] ] } },
{ "type": "Feature", "properties": { "LINK_ID": "2050008900", "ROAD_NO": "-", "ROAD_NAME": "희망로", "MAX_SPD": 40, "LENGTH": 261.88356787319901, "collDate": "2026-08-16 19:00:00.0", "routeId": "1030000031", "routeNm": "국도 3호선(이천~서울)", "linkId": "2050008900", "startNodeId": "2050000200", "startNodeNm": "갈현IC", "endNodeId": "2050004000", "endNodeNm": "갈현IC", "spd": "40", "vol": "0", "trvlTime": "19", "linkDelayTime": "0", "congGrade": "1" }, "geometry": { "type": "LineString", "coordinates": [ [ 127.159642187288583, 37.421732589126137 ], [ 127.159352986065116, 37.42182186892795 ], [ 127.158843391897506, 37.421810243241076 ], [ 127.158754048873746, 37.421818618371788 ], [ 127.15866154823641, 37.421840900367691 ], [ 127.158605986002271, 37.421872305994697 ], [ 127.158520703911819, 37.421947524666145 ], [ 127.158483549118884, 37.422036243578447 ], [ 127.158479205108421, 37.422132086989492 ], [ 127.158503485803507, 37.422216024726758 ], [ 127.158590111407676, 37.422306306693976 ], [ 127.158718299244526, 37.422373274848468 ], [ 127.158843266657613, 37.422416806330091 ], [ 127.158992079272792, 37.422414869123358 ], [ 127.159111861292146, 37.422405462630572 ], [ 127.159198704959351, 37.422361368872593 ], [ 127.159260485445898, 37.422307086779057 ], [ 127.159314142380524, 37.422220993479016 ], [ 127.159325735865039, 37.422171525531269 ], [ 127.159320203867082, 37.422121524735346 ], [ 127.159296391592733, 37.421980744066644 ], [ 127.159307879634895, 37.421909262674539 ] ] } },
{ "type": "Feature", "properties": { "LINK_ID": "2050011300", "ROAD_NO": "-", "ROAD_NAME": "경충대로", "MAX_SPD": 40, "LENGTH": 148.66888671665299, "collDate": "2026-08-16 19:00:00.0", "routeId": "1030000031", "routeNm": "국도 3호선(이천~서울)", "linkId": "2050011300", "startNodeId": "2050004700", "startNodeNm": "갈현동65", "endNodeId": "2050001001", "endNodeNm": "갈현동126-1", "spd": "40", "vol": "0", "trvlTime": "12", "linkDelayTime": "0", "congGrade": "1" }, "geometry": { "type": "LineString", "coordinates": [ [ 127.181641668764058, 37.424782617083828 ], [ 127.181703860794627, 37.424574712048987 ], [ 127.18169120523396, 37.424393774956386 ], [ 127.181620548731658, 37.42431924332454 ], [ 127.181362735671172, 37.424238899946637 ], [ 127.180625243834712, 37.424012119856549 ] ] } },
{ "type": "Feature", "properties": { "LINK_ID": "2050011400", "ROAD_NO": "-", "ROAD_NAME": "순환로", "MAX_SPD": 60, "LENGTH": 214.75205805964001, "collDate": "2026-08-16 19:00:00.0", "routeId": "1030000031", "routeNm": "국도 3호선(이천~서울)", "linkId": "2050011400", "startNodeId": "2050001101", "startNodeNm": "갈현동75-2", "endNodeId": "2050004700", "endNodeNm": "갈현동65", "spd": "54", "vol": "0", "trvlTime": "15", "linkDelayTime": "0", "congGrade": "1" }, "geometry": { "type": "LineString", "coordinates": [ [ 127.183944312890503, 37.424040653281729 ], [ 127.183289548904767, 37.424209399557114 ], [ 127.182754704445031, 37.424359618843553 ], [ 127.182179486487641, 37.424642493317592 ], [ 127.181754247589737, 37.424844948333153 ] ] } },
{ "type": "Feature", "properties": { "LINK_ID": "2050017000", "ROAD_NO": "61", "ROAD_NAME": "분당수서로", "MAX_SPD": 80, "LENGTH": 431.08649669855998, "collDate": "2026-08-16 19:00:00.0", "routeId": "1020000651", "routeNm": "분당수서로", "linkId": "2050017000", "startNodeId": "2050005900", "startNodeNm": "탄천IC", "endNodeId": "2040005800", "endNodeNm": "수진동4715", "spd": "76", "vol": "0", "trvlTime": "21", "linkDelayTime": "0", "congGrade": "1" }, "geometry": { "type": "LineString", "coordinates": [ [ 127.121499012549322, 37.431061588994694 ], [ 127.121624579660306, 37.432525525295318 ], [ 127.121636830170914, 37.432633275092137 ], [ 127.121688610558095, 37.433089150235489 ], [ 127.121878923761784, 37.434756993694599 ], [ 127.121906199734056, 37.434931776099056 ] ] } },
{ "type": "Feature", "properties": { "LINK_ID": "2050056200", "ROAD_NO": "3", "ROAD_NAME": "성남이천로", "MAX_SPD": 90, "LENGTH": 274.48105140321098, "collDate": "2026-08-16 19:00:00.0", "routeId": "1030000031", "routeNm": "국도 3호선(이천~서울)", "linkId": "2050056200", "startNodeId": "2050018200", "startNodeNm": "섬말IC동측", "endNodeId": "2050018100", "endNodeNm": "중원터널", "spd": "76", "vol": "0", "trvlTime": "14", "linkDelayTime": "0", "congGrade": "1" }, "geometry": { "type": "LineString", "coordinates": [ [ 127.159423252399037, 37.415984905236549 ], [ 127.160357899612961, 37.415290210820771 ], [ 127.161810530001915, 37.414411606327825 ] ] } },
{ "type": "Feature", "properties": { "LINK_ID": "2050056300", "ROAD_NO": "3", "ROAD_NAME": "성남이천로", "MAX_SPD": 90, "LENGTH": 271.72641255149802, "collDate": "2026-08-16 19:00:00.0", "routeId": "1030000031", "routeNm": "국도 3호선(이천~서울)", "linkId": "2050056300", "startNodeId": "2050018100", "startNodeNm": "중원터널", "endNodeId": "2050018200", "endNodeNm": "섬말IC동측", "spd": "69", "vol": "0", "trvlTime": "15", "linkDelayTime": "0", "congGrade": "2" }, "geometry": { "type": "LineString", "coordinates": [ [ 127.170372248811077, 37.411764363970718 ], [ 127.169412136495097, 37.41193211489859 ], [ 127.167977322407324, 37.412203373881241 ], [ 127.16739283532597, 37.412347830051537 ] ] } },
{ "type": "Feature", "properties": { "LINK_ID": "2050059100", "ROAD_NO": "3", "ROAD_NAME": "성남이천로", "MAX_SPD": 90, "LENGTH": 109.245818722202, "collDate": "2026-08-16 19:00:00.0", "routeId": "1030000031", "routeNm": "국도 3호선(이천~서울)", "linkId": "2050059100", "startNodeId": "2050022100", "startNodeNm": "대원JC", "endNodeId": "2050022200", "endNodeNm": "섬말교북측", "spd": "83", "vol": "0", "trvlTime": "5", "linkDelayTime": "0", "congGrade": "1" }, "geometry": { "type": "LineString", "coordinates": [ [ 127.153978622089099, 37.42145594912364 ], [ 127.154704660971859, 37.420659975189636 ] ] } },
{ "type": "Feature", "properties": { "LINK_ID": "2050059200", "ROAD_NO": "3", "ROAD_NAME": "성남이천로", "MAX_SPD": 90, "LENGTH": 109.43754232350101, "collDate": "2026-08-16 19:00:00.0", "routeId": "1030000031", "routeNm": "국도 3호선(이천~서울)", "linkId": "2050059200", "startNodeId": "2050022200", "startNodeNm": "섬말교북측", "endNodeId": "2050022100", "endNodeNm": "대원JC", "spd": "75", "vol": "0", "trvlTime": "6", "linkDelayTime": "0", "congGrade": "1" }, "geometry": { "type": "LineString", "coordinates": [ [ 127.154810487283385, 37.420722287889205 ], [ 127.154083456811762, 37.421519822995563 ] ] } },
{ "type": "Feature", "properties": { "LINK_ID": "2050059300", "ROAD_NO": "3", "ROAD_NAME": "성남이천로", "MAX_SPD": 90, "LENGTH": 276.82892368395602, "collDate": "2026-08-16 19:00:00.0", "routeId": "1030000031", "routeNm": "국도 3호선(이천~서울)", "linkId": "2050059300", "startNodeId": "2050022200", "startNodeNm": "섬말교북측", "endNodeId": "2050022300", "endNodeNm": "섬말교남측", "spd": "83", "vol": "0", "trvlTime": "13", "linkDelayTime": "0", "congGrade": "1" }, "geometry": { "type": "LineString", "coordinates": [ [ 127.154704660971859, 37.420659975189636 ], [ 127.156579440225144, 37.4186636017822 ] ] } },
{ "type": "Feature", "properties": { "LINK_ID": "2050059400", "ROAD_NO": "3", "ROAD_NAME": "성남이천로", "MAX_SPD": 90, "LENGTH": 276.75235957825998, "collDate": "2026-08-16 19:00:00.0", "routeId": "1030000031", "routeNm": "국도 3호선(이천~서울)", "linkId": "2050059400", "startNodeId": "2050022300", "startNodeNm": "섬말교남측", "endNodeId": "2050022200", "endNodeNm": "섬말교북측", "spd": "75", "vol": "0", "trvlTime": "14", "linkDelayTime": "0", "congGrade": "1" }, "geometry": { "type": "LineString", "coordinates": [ [ 127.156684916966611, 37.418726566663366 ], [ 127.154810487283385, 37.420722287889205 ] ] } },
{ "type": "Feature", "properties": { "LINK_ID": "2050059500", "ROAD_NO": "3", "ROAD_NAME": "성남이천로", "MAX_SPD": 90, "LENGTH": 389.89786204051001, "collDate": "2026-08-16 19:00:00.0", "routeId": "1030000031", "routeNm": "국도 3호선(이천~서울)", "linkId": "2050059500", "startNodeId": "2050022300", "startNodeNm": "섬말교남측", "endNodeId": "2050018200", "endNodeNm": "섬말IC동측", "spd": "83", "vol": "0", "trvlTime": "17", "linkDelayTime": "0", "congGrade": "1" }, "geometry": { "type": "LineString", "coordinates": [ [ 127.156579440225144, 37.4186636017822 ], [ 127.157342524072519, 37.417849707909141 ], [ 127.157925505835536, 37.417298785319225 ], [ 127.158562584534195, 37.416733991782827 ], [ 127.158917698604995, 37.416421155468115 ], [ 127.159149539367945, 37.416218667774906 ], [ 127.159423252399037, 37.415984905236549 ] ] } },
{ "type": "Feature", "properties": { "LINK_ID": "2050059600", "ROAD_NO": "3", "ROAD_NAME": "성남이천로", "MAX_SPD": 90, "LENGTH": 388.19544431516101, "collDate": "2026-08-16 19:00:00.0", "routeId": "1030000031", "routeNm": "국도 3호선(이천~서울)", "linkId": "2050059600", "startNodeId": "2050018200", "startNodeNm": "섬말IC동측", "endNodeId": "2050022300", "endNodeNm": "섬말교남측", "spd": "75", "vol": "0", "trvlTime": "19", "linkDelayTime": "0", "congGrade": "1" }, "geometry": { "type": "LineString", "coordinates": [ [ 127.159517887744542, 37.416060553567625 ], [ 127.159228060308081, 37.416309413494304 ], [ 127.158996829485275, 37.416511368016529 ], [ 127.158642049073805, 37.416823910384664 ], [ 127.158006539768053, 37.417387313774832 ], [ 127.157427583965628, 37.417934430902235 ], [ 127.156684916966611, 37.418726566663366 ] ] } },
{ "type": "Feature", "properties": { "LINK_ID": "2050192200", "ROAD_NO": "3", "ROAD_NAME": "성남이천로", "MAX_SPD": 70, "LENGTH": 286.60494214284103, "collDate": "2026-08-16 19:00:00.0", "routeId": "1030000031", "routeNm": "국도 3호선(이천~서울)", "linkId": "2050192200", "startNodeId": "2050069700", "startNodeNm": "여수지하차도동측", "endNodeId": "2050069600", "endNodeNm": "여수지하차도서측", "spd": "74", "vol": "0", "trvlTime": "14", "linkDelayTime": "0", "congGrade": "1" }, "geometry": { "type": "LineString", "coordinates": [ [ 127.13192420306649, 37.422408168169433 ], [ 127.131898371038019, 37.42239722610654 ], [ 127.131378653405093, 37.422195400281623 ], [ 127.131303476207492, 37.422167107162174 ], [ 127.131226162433293, 37.422138627152783 ], [ 127.131144292135374, 37.422109264645307 ], [ 127.131062107720581, 37.422080482684386 ], [ 127.130979608101583, 37.422052306499097 ], [ 127.130898044655822, 37.422025182508825 ], [ 127.13085579448277, 37.422013014189886 ], [ 127.130771183414907, 37.421986050262255 ], [ 127.130687639691089, 37.421960212266775 ], [ 127.130603803554436, 37.421935098052167 ], [ 127.130519472684725, 37.421910651077056 ], [ 127.130382340438885, 37.421871527048395 ], [ 127.13029771390751, 37.421849140867714 ], [ 127.130213500209692, 37.421827658793177 ], [ 127.130170164969385, 37.421818315212484 ], [ 127.130082983210343, 37.421797276910411 ], [ 127.129986245652532, 37.421774530811014 ], [ 127.129889219493847, 37.421752756246242 ], [ 127.129814838272551, 37.421736696218993 ], [ 127.129782004329655, 37.42173089998299 ], [ 127.129704745036875, 37.421715073706402 ], [ 127.129628710773375, 37.421700125429069 ], [ 127.129553420081834, 37.42168594215277 ], [ 127.129517435680654, 37.421680307874752 ], [ 127.129432553917951, 37.421665572793863 ], [ 127.129345126956707, 37.421651505387608 ], [ 127.129255891950905, 37.421637785884236 ], [ 127.129168045381633, 37.42162471443006 ], [ 127.129079861561891, 37.421612594753242 ], [ 127.128991398867285, 37.421601213248231 ], [ 127.128902755602027, 37.42159058242148 ], [ 127.128872048339744, 37.421587145836057 ] ] } },
{ "type": "Feature", "properties": { "LINK_ID": "2050192300", "ROAD_NO": "3", "ROAD_NAME": "성남이천로", "MAX_SPD": 70, "LENGTH": 289.01705414705799, "collDate": "2026-08-16 19:00:00.0", "routeId": "1030000031", "routeNm": "국도 3호선(이천~서울)", "linkId": "2050192300", "startNodeId": "2050069600", "startNodeNm": "여수지하차도서측", "endNodeId": "2050069700", "endNodeNm": "여수지하차도동측", "spd": "71", "vol": "0", "trvlTime": "15", "linkDelayTime": "0", "congGrade": "1" }, "geometry": { "type": "LineString", "coordinates": [ [ 127.125634263159853, 37.421520165616144 ], [ 127.125949080979453, 37.421505462813734 ], [ 127.126677237265554, 37.421457337230073 ], [ 127.127417203369646, 37.421421650100172 ], [ 127.128074685879739, 37.421416275064445 ], [ 127.128746102896727, 37.42146477556139 ], [ 127.128830289037467, 37.421473291269024 ], [ 127.128890886377079, 37.42148007299074 ] ] } },
{ "type": "Feature", "properties": { "LINK_ID": "2050192400", "ROAD_NO": "3", "ROAD_NAME": "성남이천로", "MAX_SPD": 40, "LENGTH": 292.059941859616, "collDate": "2026-08-16 19:00:00.0", "routeId": "1030000031", "routeNm": "국도 3호선(이천~서울)", "linkId": "2050192400", "startNodeId": "2050069700", "startNodeNm": "여수지하차도동측", "endNodeId": "2050003900", "endNodeNm": "반도주유소앞", "spd": "40", "vol": "0", "trvlTime": "20", "linkDelayTime": "0", "congGrade": "1" }, "geometry": { "type": "LineString", "coordinates": [ [ 127.13192420306649, 37.422408168169433 ], [ 127.131867628676133, 37.422445416175997 ], [ 127.131648513407512, 37.422360326281499 ], [ 127.131349352170531, 37.422244150851462 ], [ 127.131274801214985, 37.422216093985774 ], [ 127.131198051493982, 37.42218782056591 ], [ 127.13111676558546, 37.422158667328155 ], [ 127.131035139550022, 37.422130080250241 ], [ 127.130953223172412, 37.422102104327216 ], [ 127.130873475066622, 37.422075583793045 ], [ 127.130831700721188, 37.422063552794533 ], [ 127.130746354876734, 37.422036353595999 ], [ 127.130663467829379, 37.422010720289393 ], [ 127.130580309826215, 37.42198580713675 ], [ 127.130496479628945, 37.421961507359327 ], [ 127.130360252656146, 37.421922641799164 ], [ 127.130276719011846, 37.421900543625163 ], [ 127.130194321524726, 37.42187952536171 ], [ 127.130151500471598, 37.421870292934187 ], [ 127.13006358403284, 37.421849077025414 ], [ 127.129967480445259, 37.421826480683329 ], [ 127.129871184304804, 37.421804869286611 ], [ 127.129798649682286, 37.421789207272468 ], [ 127.129766245141965, 37.421783487147188 ], [ 127.129688202627207, 37.421767500437568 ], [ 127.129612809081607, 37.421752678490748 ], [ 127.129539093677295, 37.421738791715157 ], [ 127.129503695733888, 37.421733249595221 ], [ 127.129418643275926, 37.421718484957907 ], [ 127.129332009537123, 37.421704545519262 ], [ 127.129243260378061, 37.421690901160481 ], [ 127.129156073670757, 37.421677927187048 ], [ 127.12906870902664, 37.421665919234307 ], [ 127.128980961539156, 37.421654629745589 ], [ 127.128893005222011, 37.421644081956806 ], [ 127.128823045674196, 37.421636252381859 ] ] } },
{ "type": "Feature", "properties": { "LINK_ID": "2050192500", "ROAD_NO": "3", "ROAD_NAME": "성남이천로", "MAX_SPD": 40, "LENGTH": 304.20349208330799, "collDate": "2026-08-16 19:00:00.0", "routeId": "1030000031", "routeNm": "국도 3호선(이천~서울)", "linkId": "2050192500", "startNodeId": "2050003900", "startNodeNm": "반도주유소앞", "endNodeId": "2050069700", "endNodeNm": "여수지하차도동측", "spd": "40", "vol": "0", "trvlTime": "23", "linkDelayTime": "0", "congGrade": "1" }, "geometry": { "type": "LineString", "coordinates": [ [ 127.128815714937176, 37.421417313375777 ], [ 127.128839263179444, 37.421419705184583 ], [ 127.128932001010867, 37.421430083814037 ], [ 127.129022709629083, 37.421440961046081 ], [ 127.129113322460981, 37.421452620396295 ], [ 127.129203961544462, 37.421465077048829 ], [ 127.129293786569221, 37.421478443648837 ], [ 127.129384480239494, 37.421492387683095 ], [ 127.129474285727184, 37.421506836289232 ], [ 127.129558647495941, 37.421521481808846 ], [ 127.129596390132932, 37.421527390759444 ], [ 127.129676420236308, 37.421542467124681 ], [ 127.129754374387446, 37.421557793494038 ], [ 127.12982928062992, 37.421573137575457 ], [ 127.129863405033262, 37.42157916033841 ], [ 127.129943333953904, 37.421596419799286 ], [ 127.130042536605188, 37.421618683881739 ], [ 127.130141179451755, 37.421641875644106 ], [ 127.130226157180374, 37.421662382929505 ], [ 127.130271036108013, 37.421672059967413 ], [ 127.130360698419736, 37.421694930768631 ], [ 127.130448604743364, 37.421718186371805 ], [ 127.130588450536251, 37.421758082202381 ], [ 127.130674291321526, 37.421782967156553 ], [ 127.130760150564697, 37.421808689073046 ], [ 127.130845671083776, 37.421835136620984 ], [ 127.130928072182925, 37.421861397447032 ], [ 127.130971748701171, 37.421873975024248 ], [ 127.131058762679928, 37.421902912977281 ], [ 127.131143012012927, 37.421931686343754 ], [ 127.131226871566966, 37.421961055655181 ], [ 127.131310499551404, 37.421991047767193 ], [ 127.131389500967614, 37.422020150251662 ], [ 127.13146655688449, 37.422049150328675 ], [ 127.131774822678707, 37.422168861575223 ], [ 127.131990601276883, 37.422252655844495 ], [ 127.131987793891327, 37.422312678692599 ] ] } },
{ "type": "Feature", "properties": { "LINK_ID": "2050192600", "ROAD_NO": "3", "ROAD_NAME": "성남이천로", "MAX_SPD": 70, "LENGTH": 478.52309995042799, "collDate": "2026-08-16 19:00:00.0", "routeId": "1030000031", "routeNm": "국도 3호선(이천~서울)", "linkId": "2050192600", "startNodeId": "2050069800", "startNodeNm": "여수터널동측", "endNodeId": "2050069700", "endNodeNm": "여수지하차도동측", "spd": "70", "vol": "0", "trvlTime": "24", "linkDelayTime": "0", "congGrade": "1" }, "geometry": { "type": "LineString", "coordinates": [ [ 127.141613883425322, 37.42604159669748 ], [ 127.14160042866645, 37.426040282079143 ], [ 127.141458796246923, 37.426022497086485 ], [ 127.141288183572541, 37.425999743218732 ], [ 127.141124858587958, 37.425973042060591 ], [ 127.140973685187163, 37.425949113030796 ], [ 127.140813834830169, 37.42592017638146 ], [ 127.140659580298959, 37.425891792388903 ], [ 127.140506005074627, 37.425861093576437 ], [ 127.140438805456569, 37.425848205095058 ], [ 127.140295592165472, 37.425816592681606 ], [ 127.140164678998033, 37.425785644877614 ], [ 127.14003415760331, 37.425753286373052 ], [ 127.139893635829083, 37.425716229043225 ], [ 127.139743173281303, 37.425674304291732 ], [ 127.139593621796678, 37.425630105007109 ], [ 127.1394455782481, 37.425583814296111 ], [ 127.139381217753169, 37.42556338035287 ], [ 127.139234492268088, 37.425513690989334 ], [ 127.139089065898744, 37.425461997855237 ], [ 127.138955091645101, 37.425412431896753 ], [ 127.138892893812027, 37.425388938895587 ], [ 127.138760183745006, 37.425337380883867 ], [ 127.138618161743892, 37.425280623962628 ], [ 127.138456941458131, 37.425214489048358 ], [ 127.138396402465787, 37.425189165678816 ], [ 127.138246381622324, 37.425125917737411 ], [ 127.138096762047226, 37.42506202671094 ], [ 127.137947521743072, 37.424997816992644 ], [ 127.137808388293479, 37.424937768813791 ], [ 127.13774876974378, 37.424912032273298 ], [ 127.13768915688857, 37.424886298399002 ], [ 127.137619610115351, 37.424856275505661 ], [ 127.13755006226782, 37.424826252572458 ], [ 127.137480514472415, 37.424796227796058 ], [ 127.137420904061727, 37.424770494684005 ], [ 127.137361291430594, 37.4247447606433 ], [ 127.137301679969937, 37.42471902657104 ], [ 127.137242068550051, 37.42469329246854 ], [ 127.137182456041117, 37.424667558337077 ], [ 127.137122844702702, 37.424641824174046 ], [ 127.137063232275239, 37.424616089982081 ], [ 127.137003621018295, 37.424590355758568 ], [ 127.13694400867233, 37.424564621506086 ], [ 127.136884397496843, 37.424538887222042 ], [ 127.136814850235496, 37.424508863853518 ], [ 127.136745304159334, 37.424478840442518 ], [ 127.136675757008874, 37.424448816991649 ], [ 127.136638433455573, 37.424432704268163 ] ] } },
{ "type": "Feature", "properties": { "LINK_ID": "2050192700", "ROAD_NO": "3", "ROAD_NAME": "성남이천로", "MAX_SPD": 70, "LENGTH": 474.03265591971598, "collDate": "2026-08-16 19:00:00.0", "routeId": "1030000031", "routeNm": "국도 3호선(이천~서울)", "linkId": "2050192700", "startNodeId": "2050069700", "startNodeNm": "여수지하차도동측", "endNodeId": "2050069800", "endNodeNm": "여수터널동측", "spd": "70", "vol": "0", "trvlTime": "24", "linkDelayTime": "0", "congGrade": "1" }, "geometry": { "type": "LineString", "coordinates": [ [ 127.131987793891327, 37.422312678692599 ], [ 127.133304626884183, 37.422870464147501 ], [ 127.133392283457837, 37.42290830981154 ], [ 127.133471762475182, 37.422942624546508 ], [ 127.133541306957198, 37.422972649895172 ], [ 127.133600915750378, 37.422998385876468 ], [ 127.133660525714063, 37.423024121826238 ], [ 127.133720134588714, 37.423049857747017 ], [ 127.133789679268773, 37.423079882948642 ], [ 127.133849288231715, 37.423105618803909 ], [ 127.133918833014746, 37.423135643929086 ], [ 127.133988376723494, 37.423165669014359 ], [ 127.13404798695197, 37.423191404767515 ], [ 127.134107596091425, 37.423217140491687 ], [ 127.134167206401372, 37.423242876184332 ], [ 127.134226815622327, 37.423268611848023 ], [ 127.134286424883996, 37.423294347481438 ], [ 127.134355970017197, 37.423324373248818 ], [ 127.134425515204214, 37.423354398074025 ], [ 127.136702970041512, 37.42433761846636 ] ] } },
{ "type": "Feature", "properties": { "LINK_ID": "2050192800", "ROAD_NO": "3", "ROAD_NAME": "성남이천로", "MAX_SPD": 70, "LENGTH": 422.06654810059598, "collDate": "2026-08-16 19:00:00.0", "routeId": "1030000031", "routeNm": "국도 3호선(이천~서울)", "linkId": "2050192800", "startNodeId": "2050069800", "startNodeNm": "여수터널동측", "endNodeId": "2050022100", "endNodeNm": "대원JC", "spd": "70", "vol": "0", "trvlTime": "20", "linkDelayTime": "0", "congGrade": "1" }, "geometry": { "type": "LineString", "coordinates": [ [ 127.141630368971349, 37.425934277435367 ], [ 127.141785947258356, 37.425949477800231 ], [ 127.142109701919466, 37.425973506597714 ], [ 127.142432546641942, 37.425984060899786 ], [ 127.142958663355515, 37.425977070053726 ], [ 127.143331967796399, 37.425952156316342 ], [ 127.1436697264744, 37.425918771799871 ], [ 127.14401848417522, 37.425881148952669 ], [ 127.144373136426708, 37.425836316952299 ], [ 127.144691890345882, 37.425791309786298 ], [ 127.146352061581112, 37.42554992680266 ] ] } },
{ "type": "Feature", "properties": { "LINK_ID": "2050192900", "ROAD_NO": "3", "ROAD_NAME": "성남이천로", "MAX_SPD": 70, "LENGTH": 425.69337368747898, "collDate": "2026-08-16 19:00:00.0", "routeId": "1030000031", "routeNm": "국도 3호선(이천~서울)", "linkId": "2050192900", "startNodeId": "2050022100", "startNodeNm": "대원JC", "endNodeId": "2050069800", "endNodeNm": "여수터널동측", "spd": "70", "vol": "0", "trvlTime": "21", "linkDelayTime": "0", "congGrade": "1" }, "geometry": { "type": "LineString", "coordinates": [ [ 127.154083456811762, 37.421519822995563 ], [ 127.153103494996827, 37.422498875333631 ], [ 127.15296686626084, 37.422640805620745 ], [ 127.152835980338494, 37.422778174582277 ], [ 127.152669392462386, 37.422946346626574 ], [ 127.152516033503275, 37.423090223461593 ], [ 127.152350167784604, 37.42324415894894 ], [ 127.152193051474427, 37.423375325049129 ], [ 127.152020020454813, 37.423521286281037 ], [ 127.151862846599144, 37.423652499765168 ], [ 127.151702679516688, 37.423774765275716 ], [ 127.151553792481081, 37.423885829080497 ], [ 127.151413331710046, 37.423981129425144 ], [ 127.151259171623465, 37.424082814617421 ], [ 127.151098749545127, 37.424182574930057 ], [ 127.15093043143635, 37.42427964836164 ], [ 127.150841091255529, 37.424330498928505 ] ] } },
{ "type": "Feature", "properties": { "LINK_ID": "2050210600", "ROAD_NO": "3", "ROAD_NAME": "성남이천로", "MAX_SPD": 90, "LENGTH": 323.34336595423002, "collDate": "2026-08-16 19:00:00.0", "routeId": "1030000031", "routeNm": "국도 3호선(이천~서울)", "linkId": "2050210600", "startNodeId": "2050079300", "startNodeNm": "성남시중원구-광주시", "endNodeId": "2050018100", "endNodeNm": "중원터널", "spd": "66", "vol": "0", "trvlTime": "18", "linkDelayTime": "0", "congGrade": "2" }, "geometry": { "type": "LineString", "coordinates": [ [ 127.177123750517325, 37.409599883697503 ], [ 127.175657689930915, 37.410218467134364 ], [ 127.174091629239939, 37.410804609363055 ], [ 127.173844354803734, 37.410878143508825 ] ] } },
{ "type": "Feature", "properties": { "LINK_ID": "2050210700", "ROAD_NO": "3", "ROAD_NAME": "성남이천로", "MAX_SPD": 70, "LENGTH": 317.46064366635102, "collDate": "2026-08-16 19:00:00.0", "routeId": "1030000031", "routeNm": "국도 3호선(이천~서울)", "linkId": "2050210700", "startNodeId": "2050018100", "startNodeNm": "중원터널", "endNodeId": "2050079300", "endNodeNm": "성남시중원구-광주시", "spd": "70", "vol": "0", "trvlTime": "14", "linkDelayTime": "0", "congGrade": "1" }, "geometry": { "type": "LineString", "coordinates": [ [ 127.170268742801895, 37.411403874985041 ], [ 127.17091287637794, 37.41123777715466 ], [ 127.171718622098226, 37.411053000047964 ], [ 127.172844548322743, 37.410779273370927 ], [ 127.17368070120969, 37.410528064588135 ] ] } },
{ "type": "Feature", "properties": { "LINK_ID": "2050210800", "ROAD_NO": "100", "ROAD_NAME": "수도권제1순환고속도로", "MAX_SPD": 100, "LENGTH": 24.691407308852, "collDate": "2026-08-16 19:00:00.0", "routeId": "1010001001", "routeNm": "수도권 제1순환고속도로", "linkId": "2050210800", "startNodeId": "2040153300", "startNodeNm": "성남시수정구-성남시중", "endNodeId": "2050001200", "endNodeNm": "성남IC남측", "spd": "85", "vol": "0", "trvlTime": "2", "linkDelayTime": "0", "congGrade": "1" }, "geometry": { "type": "LineString", "coordinates": [ [ 127.120076352743496, 37.413548261187813 ], [ 127.120221737317749, 37.413738120837685 ] ] } },
{ "type": "Feature", "properties": { "LINK_ID": "2050210900", "ROAD_NO": "100", "ROAD_NAME": "수도권제1순환고속도로", "MAX_SPD": 100, "LENGTH": 411.75550085742401, "collDate": "2026-08-16 19:00:00.0", "routeId": "1010001001", "routeNm": "수도권 제1순환고속도로", "linkId": "2050210900", "startNodeId": "2050001200", "startNodeNm": "성남IC남측", "endNodeId": "2040153300", "endNodeNm": "성남시수정구-성남시중", "spd": "89", "vol": "0", "trvlTime": "17", "linkDelayTime": "0", "congGrade": "1" }, "geometry": { "type": "LineString", "coordinates": [ [ 127.123298782959509, 37.425757118830894 ], [ 127.123280766784561, 37.424813899907093 ], [ 127.123300891635381, 37.424054899934411 ], [ 127.123284860493939, 37.423157088101959 ], [ 127.123282952963621, 37.422047505281 ] ] } },
{ "type": "Feature", "properties": { "LINK_ID": "2050212200", "ROAD_NO": "-", "ROAD_NAME": "희망로", "MAX_SPD": 60, "LENGTH": 96.181028233060999, "collDate": "2026-08-16 19:00:00.0", "routeId": "1030000031", "routeNm": "국도 3호선(이천~서울)", "linkId": "2050212200", "startNodeId": "2050018400", "startNodeNm": "섬말IC북측", "endNodeId": "2050003800", "endNodeNm": "화심장어", "spd": "60", "vol": "0", "trvlTime": "6", "linkDelayTime": "0", "congGrade": "1" }, "geometry": { "type": "LineString", "coordinates": [ [ 127.156683544652736, 37.420230509992791 ], [ 127.157310829866717, 37.420536306095499 ], [ 127.157586767900909, 37.42067108759268 ], [ 127.157609944322019, 37.420683334745895 ] ] } },
{ "type": "Feature", "properties": { "LINK_ID": "2050212300", "ROAD_NO": "-", "ROAD_NAME": "희망로", "MAX_SPD": 60, "LENGTH": 330.27443186740902, "collDate": "2026-08-16 19:00:00.0", "routeId": "1030000031", "routeNm": "국도 3호선(이천~서울)", "linkId": "2050212300", "startNodeId": "2050003800", "startNodeNm": "화심장어", "endNodeId": "2050018400", "endNodeNm": "섬말IC북측", "spd": "52", "vol": "0", "trvlTime": "23", "linkDelayTime": "0", "congGrade": "1" }, "geometry": { "type": "LineString", "coordinates": [ [ 127.157535086715896, 37.420773484872647 ], [ 127.157513923790731, 37.420762306357567 ], [ 127.157239986016506, 37.420628493328891 ], [ 127.15661273356055, 37.420322383279341 ], [ 127.156394204070182, 37.420215056241467 ], [ 127.155700923718982, 37.420003618658399 ], [ 127.154877704501004, 37.419847931970665 ], [ 127.154197267613256, 37.419749056270305 ], [ 127.154085293052361, 37.419739981213354 ] ] } },
{ "type": "Feature", "properties": { "LINK_ID": "2059000100", "ROAD_NO": "29", "ROAD_NAME": "세종포천고속도로", "MAX_SPD": 100, "LENGTH": 793.17992050891303, "collDate": "2026-08-16 19:00:00.0", "routeId": "1010002901", "routeNm": "세종포천고속도로", "linkId": "2059000100", "startNodeId": "2059000200", "startNodeNm": "갈현터널북측", "endNodeId": "2059000100", "endNodeNm": "성남시중원구-광주시", "spd": "95", "vol": "0", "trvlTime": "31", "linkDelayTime": "0", "congGrade": "1" }, "geometry": { "type": "LineString", "coordinates": [ [ 127.190605083639639, 37.429483783227255 ], [ 127.19082093564765, 37.428386847395743 ], [ 127.190930147016573, 37.427817762447809 ], [ 127.191072854973498, 37.427091107686628 ], [ 127.191251572418352, 37.426167413581844 ], [ 127.191464436105861, 37.425051912128161 ], [ 127.191668343685734, 37.423969022829816 ], [ 127.191854861746762, 37.422965506977185 ], [ 127.191955204294629, 37.422418737233734 ] ] } },
{ "type": "Feature", "properties": { "LINK_ID": "2059000200", "ROAD_NO": "29", "ROAD_NAME": "세종포천고속도로", "MAX_SPD": 100, "LENGTH": 196.79888962698601, "collDate": "2026-08-16 19:00:00.0", "routeId": "1010002901", "routeNm": "세종포천고속도로", "linkId": "2059000200", "startNodeId": "2059000400", "startNodeNm": "남한산성터널남측", "endNodeId": "2059000200", "endNodeNm": "갈현터널북측", "spd": "95", "vol": "0", "trvlTime": "8", "linkDelayTime": "0", "congGrade": "1" }, "geometry": { "type": "LineString", "coordinates": [ [ 127.190269179162826, 37.431236617632017 ], [ 127.190605083639639, 37.429483783227255 ] ] } },
{ "type": "Feature", "properties": { "LINK_ID": "2059000300", "ROAD_NO": "29", "ROAD_NAME": "세종포천고속도로", "MAX_SPD": 100, "LENGTH": 190.66195014275999, "collDate": "2026-08-16 19:00:00.0", "routeId": "1010002901", "routeNm": "세종포천고속도로", "linkId": "2059000300", "startNodeId": "2059000300", "startNodeNm": "갈현터널북측", "endNodeId": "2059000500", "endNodeNm": "남한산성터널남측", "spd": "92", "vol": "0", "trvlTime": "8", "linkDelayTime": "0", "congGrade": "1" }, "geometry": { "type": "LineString", "coordinates": [ [ 127.190933273528572, 37.429557193802438 ], [ 127.190613166277117, 37.431256011364255 ] ] } },
{ "type": "Feature", "properties": { "LINK_ID": "2059000400", "ROAD_NO": "29", "ROAD_NAME": "세종포천고속도로", "MAX_SPD": 100, "LENGTH": 113.56017276212199, "collDate": "2026-08-16 19:00:00.0", "routeId": "1010002901", "routeNm": "세종포천고속도로", "linkId": "2059000400", "startNodeId": "2059000600", "startNodeNm": "-", "endNodeId": "2059000400", "endNodeNm": "남한산성터널남측", "spd": "95", "vol": "0", "trvlTime": "5", "linkDelayTime": "0", "congGrade": "1" }, "geometry": { "type": "LineString", "coordinates": [ [ 127.190078657513737, 37.432248467100393 ], [ 127.190269179162826, 37.431236617632017 ] ] } },
{ "type": "Feature", "properties": { "LINK_ID": "2059000500", "ROAD_NO": "29", "ROAD_NAME": "세종포천고속도로", "MAX_SPD": 100, "LENGTH": 114.77380369669601, "collDate": "2026-08-16 19:00:00.0", "routeId": "1010002901", "routeNm": "세종포천고속도로", "linkId": "2059000500", "startNodeId": "2059000500", "startNodeNm": "남한산성터널남측", "endNodeId": "2059000700", "endNodeNm": "-", "spd": "93", "vol": "0", "trvlTime": "5", "linkDelayTime": "0", "congGrade": "1" }, "geometry": { "type": "LineString", "coordinates": [ [ 127.190613166277117, 37.431256011364255 ], [ 127.190427198358861, 37.432279449848252 ] ] } },
{ "type": "Feature", "properties": { "LINK_ID": "2059000600", "ROAD_NO": "29", "ROAD_NAME": "세종포천고속도로", "MAX_SPD": 100, "LENGTH": 958.96389412330802, "collDate": "2026-08-16 19:00:00.0", "routeId": "1010002901", "routeNm": "세종포천고속도로", "linkId": "2059000600", "startNodeId": "2059000800", "startNodeNm": "-", "endNodeId": "2059000600", "endNodeNm": "-", "spd": "95", "vol": "0", "trvlTime": "37", "linkDelayTime": "0", "congGrade": "1" }, "geometry": { "type": "LineString", "coordinates": [ [ 127.188452702792702, 37.440791009335584 ], [ 127.189801046264506, 37.433669557023613 ], [ 127.190060030611633, 37.432346207597256 ], [ 127.190078657513737, 37.432248467100393 ] ] } },
{ "type": "Feature", "properties": { "LINK_ID": "2059000700", "ROAD_NO": "29", "ROAD_NAME": "세종포천고속도로", "MAX_SPD": 100, "LENGTH": 958.82876635920604, "collDate": "2026-08-16 19:00:00.0", "routeId": "1010002901", "routeNm": "세종포천고속도로", "linkId": "2059000700", "startNodeId": "2059000700", "startNodeNm": "-", "endNodeId": "2059000900", "endNodeNm": "-", "spd": "93", "vol": "0", "trvlTime": "38", "linkDelayTime": "0", "congGrade": "1" }, "geometry": { "type": "LineString", "coordinates": [ [ 127.190427198358861, 37.432279449848252 ], [ 127.190418224853659, 37.432336982401992 ], [ 127.190053962192962, 37.434319882068479 ], [ 127.189049468666909, 37.439612147827653 ], [ 127.188823177190557, 37.440823375872419 ] ] } },
{ "type": "Feature", "properties": { "LINK_ID": "2059000800", "ROAD_NO": "29", "ROAD_NAME": "세종포천고속도로", "MAX_SPD": 100, "LENGTH": 993.17051873858395, "collDate": "2026-08-16 19:00:00.0", "routeId": "1010002901", "routeNm": "세종포천고속도로", "linkId": "2059000800", "startNodeId": "2059001000", "startNodeNm": "-", "endNodeId": "2059000800", "endNodeNm": "-", "spd": "95", "vol": "0", "trvlTime": "38", "linkDelayTime": "0", "congGrade": "1" }, "geometry": { "type": "LineString", "coordinates": [ [ 127.185805310457383, 37.449453487309327 ], [ 127.185911694843611, 37.44926162795894 ], [ 127.185921793956325, 37.449241112935852 ], [ 127.185966024431934, 37.449157877758637 ], [ 127.186009820401992, 37.449074504748694 ], [ 127.186053195103028, 37.448990990334842 ], [ 127.186096153048425, 37.448907334771164 ], [ 127.186410392480298, 37.448263669903262 ], [ 127.186449668209505, 37.448178883053771 ], [ 127.186488529103343, 37.44809396830712 ], [ 127.186526959503311, 37.448008916907256 ], [ 127.186564942723535, 37.447923759155621 ], [ 127.18660250690192, 37.447838473635763 ], [ 127.186639642825156, 37.447753073553763 ], [ 127.18667634463678, 37.447667545284965 ], [ 127.186712616233237, 37.447581906968352 ], [ 127.186748455748031, 37.447496153979493 ], [ 127.186783867646767, 37.447410284497622 ], [ 127.186818834361432, 37.447324304738714 ], [ 127.186853369046986, 37.447238210278179 ], [ 127.186887472586918, 37.447152008011813 ], [ 127.186921147509864, 37.447065691368557 ], [ 127.186954377416598, 37.446979273532783 ], [ 127.186987177897166, 37.44689274330014 ], [ 127.187019536639539, 37.446806112303285 ], [ 127.187051449744573, 37.446719382140103 ], [ 127.187082931744115, 37.446632553214357 ], [ 127.187113987996554, 37.446545610294748 ], [ 127.187144584427259, 37.446458576766503 ], [ 127.187174752715265, 37.446371444930875 ], [ 127.187204475659172, 37.446284222911387 ], [ 127.187233772578665, 37.446196895894168 ], [ 127.187262610691903, 37.446109485440736 ], [ 127.187291022057479, 37.446021971747321 ], [ 127.187318975904887, 37.445934380189321 ], [ 127.187346499159048, 37.445846688254214 ], [ 127.187373583658015, 37.445758912774522 ], [ 127.187400209258286, 37.445671055573165 ], [ 127.187426407831467, 37.445583104024422 ], [ 127.187452150680059, 37.445495078637904 ], [ 127.187477451571851, 37.445406971033883 ], [ 127.187502309166831, 37.445318776882836 ], [ 127.187526688779187, 37.445230641777805 ], [ 127.187603233107268, 37.444911261673525 ], [ 127.187708923890654, 37.44445302270438 ], [ 127.187834635870175, 37.443889103675225 ], [ 127.187957794596187, 37.443317911885842 ], [ 127.188051161937892, 37.442869308826673 ], [ 127.188115567264319, 37.442547381915432 ], [ 127.188151800961265, 37.442358321846577 ], [ 127.188452702792702, 37.440791009335584 ] ] } },
{ "type": "Feature", "properties": { "LINK_ID": "2059000900", "ROAD_NO": "29", "ROAD_NAME": "세종포천고속도로", "MAX_SPD": 100, "LENGTH": 998.14788113978796, "collDate": "2026-08-16 19:00:00.0", "routeId": "1010002901", "routeNm": "세종포천고속도로", "linkId": "2059000900", "startNodeId": "2059000900", "startNodeNm": "-", "endNodeId": "2059001100", "endNodeNm": "-", "spd": "93", "vol": "0", "trvlTime": "39", "linkDelayTime": "0", "congGrade": "1" }, "geometry": { "type": "LineString", "coordinates": [ [ 127.188823177190557, 37.440823375872419 ], [ 127.188492482584365, 37.442549920975324 ], [ 127.188428407236302, 37.442882589920089 ], [ 127.188341469611501, 37.443314540071199 ], [ 127.188245618268439, 37.443772713503094 ], [ 127.188152749273129, 37.444200631388 ], [ 127.188073847273628, 37.4445509058855 ], [ 127.188010644046159, 37.444820797027631 ], [ 127.187962870399147, 37.445016655687859 ], [ 127.187923783154275, 37.445169975079018 ], [ 127.187909577287144, 37.445222951143293 ], [ 127.187904805084273, 37.445240629200676 ], [ 127.187891951140998, 37.445287824905826 ], [ 127.187867709293855, 37.445375625770275 ], [ 127.187843042281528, 37.445463271584401 ], [ 127.18781795765878, 37.445550830071817 ], [ 127.187792434966099, 37.445638303158496 ], [ 127.187766470922313, 37.445725711127984 ], [ 127.187740090282404, 37.445813028259344 ], [ 127.187713271597943, 37.445900251121394 ], [ 127.187686011491408, 37.445987408787609 ], [ 127.187658334537787, 37.446074467435402 ], [ 127.187630219074435, 37.446161442541026 ], [ 127.187601674132438, 37.44624832289194 ], [ 127.187572700843916, 37.446335123082335 ], [ 127.18754330061023, 37.446421820880602 ], [ 127.187513459609448, 37.446508432900877 ], [ 127.187483200648884, 37.446594949164378 ], [ 127.187452514138442, 37.446681364895284 ], [ 127.187421399599728, 37.446767690531189 ], [ 127.18738985664929, 37.446853909059499 ], [ 127.18735788446871, 37.446940040763394 ], [ 127.187325496357317, 37.447026053031202 ], [ 127.187292668223478, 37.447111977195675 ], [ 127.187259421175568, 37.447197798780735 ], [ 127.187225758253462, 37.44728350991894 ], [ 127.187191668212009, 37.447369110664035 ], [ 127.187157148870725, 37.447454606501971 ], [ 127.187122211917043, 37.447539987284983 ], [ 127.18708684654537, 37.447625269960966 ], [ 127.187051064897744, 37.44771043435231 ], [ 127.187014854817434, 37.447795482624109 ], [ 127.18697822617564, 37.447880417987911 ], [ 127.186941179845832, 37.447965238359835 ], [ 127.186903716826592, 37.448049950482456 ], [ 127.186865839048266, 37.448134532007117 ], [ 127.186827530852923, 37.44821899277148 ], [ 127.186788816727415, 37.448303337400198 ], [ 127.18674965004935, 37.448387608731764 ], [ 127.186485104296978, 37.448932037909806 ], [ 127.18644279478265, 37.449015430961651 ], [ 127.186400134127084, 37.449098559629398 ], [ 127.186357068155061, 37.449181552907149 ], [ 127.186313584243521, 37.449264404401774 ], [ 127.18630422520998, 37.449284562085275 ], [ 127.186259930774611, 37.449367133797864 ], [ 127.186169321457839, 37.44953089389157 ] ] } },
{ "type": "Feature", "properties": { "LINK_ID": "2059001000", "ROAD_NO": "29", "ROAD_NAME": "세종포천고속도로", "MAX_SPD": 100, "LENGTH": 971.397003859081, "collDate": "2026-08-16 19:00:00.0", "routeId": "1010002901", "routeNm": "세종포천고속도로", "linkId": "2059001000", "startNodeId": "2059001200", "startNodeNm": "-", "endNodeId": "2059001000", "endNodeNm": "-", "spd": "95", "vol": "0", "trvlTime": "37", "linkDelayTime": "0", "congGrade": "1" }, "geometry": { "type": "LineString", "coordinates": [ [ 127.180513744295595, 37.457118607850205 ], [ 127.183563734036696, 37.452834819724849 ], [ 127.183683440163264, 37.452671770584445 ], [ 127.183832747329561, 37.452464738339557 ], [ 127.184049822326244, 37.45215885590202 ], [ 127.184318422566392, 37.451774641280267 ], [ 127.184628775282604, 37.45132439322321 ], [ 127.18492304367075, 37.450891372668046 ], [ 127.185151182465717, 37.450550496138263 ], [ 127.18530179391739, 37.450321495195517 ], [ 127.185326605229776, 37.450281021098434 ], [ 127.185358671263998, 37.450228395961595 ], [ 127.185407868131037, 37.450146961405146 ], [ 127.185456652897145, 37.450065379676715 ], [ 127.185505052404565, 37.449983624414735 ], [ 127.185553010437687, 37.449901724471715 ], [ 127.185600563054294, 37.449819675003567 ], [ 127.185647707262021, 37.449737463011978 ], [ 127.185728962099759, 37.449592539984366 ], [ 127.185775281009398, 37.449510024882009 ], [ 127.185805310457383, 37.449453487309327 ] ] } },
{ "type": "Feature", "properties": { "LINK_ID": "2059001100", "ROAD_NO": "29", "ROAD_NAME": "세종포천고속도로", "MAX_SPD": 100, "LENGTH": 982.08301983867102, "collDate": "2026-08-16 19:00:00.0", "routeId": "1010002901", "routeNm": "세종포천고속도로", "linkId": "2059001100", "startNodeId": "2059001100", "startNodeNm": "-", "endNodeId": "2059001300", "endNodeNm": "-", "spd": "93", "vol": "0", "trvlTime": "39", "linkDelayTime": "0", "congGrade": "1" }, "geometry": { "type": "LineString", "coordinates": [ [ 127.186169321457839, 37.44953089389157 ], [ 127.186090052960907, 37.44967660416593 ], [ 127.186044121528397, 37.449758615533646 ], [ 127.18599778238007, 37.44984048681323 ], [ 127.185951050948006, 37.449922210637197 ], [ 127.185903903015387, 37.450003781025934 ], [ 127.185856357790271, 37.450085203660628 ], [ 127.185808406528892, 37.450166483212548 ], [ 127.185760062152724, 37.450247607864959 ], [ 127.185711312637267, 37.450328569932445 ], [ 127.185662111918276, 37.450409463215095 ], [ 127.185646021862581, 37.45043575711064 ], [ 127.185525714066728, 37.450626824963535 ], [ 127.185402768068428, 37.450817815682029 ], [ 127.185232310172225, 37.451078317313915 ], [ 127.185010341402432, 37.451412681408492 ], [ 127.184700266786081, 37.451873596980896 ], [ 127.184303351336325, 37.452455904698319 ], [ 127.183923483543154, 37.453005436637397 ], [ 127.180865016968355, 37.457242242612629 ], [ 127.180833895302797, 37.457285735752421 ] ] } },
{ "type": "Feature", "properties": { "LINK_ID": "2059001200", "ROAD_NO": "29", "ROAD_NAME": "세종포천고속도로", "MAX_SPD": 100, "LENGTH": 995.29400102026796, "collDate": "2026-08-16 19:00:00.0", "routeId": "1010002901", "routeNm": "세종포천고속도로", "linkId": "2059001200", "startNodeId": "2059001400", "startNodeNm": "-", "endNodeId": "2059001200", "endNodeNm": "-", "spd": "95", "vol": "0", "trvlTime": "38", "linkDelayTime": "0", "congGrade": "1" }, "geometry": { "type": "LineString", "coordinates": [ [ 127.174951607456975, 37.46491353962206 ], [ 127.17810981109524, 37.460494128206214 ], [ 127.180513744295595, 37.457118607850205 ] ] } },
{ "type": "Feature", "properties": { "LINK_ID": "2059001300", "ROAD_NO": "29", "ROAD_NAME": "세종포천고속도로", "MAX_SPD": 100, "LENGTH": 991.20863840808204, "collDate": "2026-08-16 19:00:00.0", "routeId": "1010002901", "routeNm": "세종포천고속도로", "linkId": "2059001300", "startNodeId": "2059001300", "startNodeNm": "-", "endNodeId": "2059001500", "endNodeNm": "-", "spd": "93", "vol": "0", "trvlTime": "39", "linkDelayTime": "0", "congGrade": "1" }, "geometry": { "type": "LineString", "coordinates": [ [ 127.180833895302797, 37.457285735752421 ], [ 127.175660687112526, 37.464515073884073 ], [ 127.175321164188674, 37.464991250862582 ], [ 127.175287045907837, 37.465045164750599 ] ] } },
{ "type": "Feature", "properties": { "LINK_ID": "2059001400", "ROAD_NO": "29", "ROAD_NAME": "세종포천고속도로", "MAX_SPD": 100, "LENGTH": 474.805227378788, "collDate": "2026-08-16 19:00:00.0", "routeId": "1010002901", "routeNm": "세종포천고속도로", "linkId": "2059001400", "startNodeId": "2059001600", "startNodeNm": "성남시수정구-성남시", "endNodeId": "2049000200", "endNodeNm": "하남시-성남시수정구", "spd": "93", "vol": "0", "trvlTime": "19", "linkDelayTime": "0", "congGrade": "1" }, "geometry": { "type": "LineString", "coordinates": [ [ 127.174156365131338, 37.466617533582649 ], [ 127.174134758452027, 37.46664800186624 ], [ 127.174079282139047, 37.466726731429098 ], [ 127.174024083173023, 37.466805595539938 ], [ 127.173969169735997, 37.46688457356408 ], [ 127.173914522593137, 37.466963669632285 ], [ 127.173860151213773, 37.467042902698999 ], [ 127.173806067357702, 37.467122237655651 ], [ 127.173752245672233, 37.467201705589716 ], [ 127.173698713462784, 37.467281289110268 ], [ 127.173645456818065, 37.467360993473498 ], [ 127.173592483779899, 37.467440805392464 ], [ 127.173539782592755, 37.467520743644791 ], [ 127.173487363041815, 37.467600801500474 ], [ 127.173435226880642, 37.467680976319045 ], [ 127.173383368366345, 37.467761250466694 ], [ 127.173331787634851, 37.467841650201187 ], [ 127.173280490303313, 37.467922166886979 ], [ 127.173229476375113, 37.468002800520146 ], [ 127.173178747652628, 37.468083539190353 ], [ 127.173128300500011, 37.468164397708534 ], [ 127.17307813851933, 37.468245361280047 ], [ 127.173028250423002, 37.468326438878762 ], [ 127.172643196591181, 37.468972483319355 ], [ 127.17259586822108, 37.469054506874123 ], [ 127.172548821455848, 37.469136651845417 ], [ 127.17250205992643, 37.469218901522702 ], [ 127.172455583298245, 37.46930124738244 ], [ 127.172409396460125, 37.469383709847904 ], [ 127.172363496402284, 37.469466274214966 ], [ 127.172317890623461, 37.469548929134454 ], [ 127.172272568616549, 37.469631691279062 ], [ 127.172227531432199, 37.469714549653879 ], [ 127.17218279365305, 37.469797519047702 ], [ 127.172138345822333, 37.469880575201664 ], [ 127.172094181351682, 37.469963730241517 ], [ 127.172050316400146, 37.470046996375785 ], [ 127.172006733205706, 37.470130343050705 ], [ 127.171963447686352, 37.470213795425387 ], [ 127.171920458743372, 37.470297343115874 ], [ 127.171877756365305, 37.470380983520769 ], [ 127.171835251560609, 37.470464906220982 ], [ 127.171832511154946, 37.470470361257853 ] ] } },
{ "type": "Feature", "properties": { "LINK_ID": "2059001500", "ROAD_NO": "29", "ROAD_NAME": "세종포천고속도로", "MAX_SPD": 100, "LENGTH": 201.14643009412401, "collDate": "2026-08-16 19:00:00.0", "routeId": "1010002901", "routeNm": "세종포천고속도로", "linkId": "2059001500", "startNodeId": "2059001500", "startNodeNm": "-", "endNodeId": "2059001600", "endNodeNm": "성남시수정구-성남시", "spd": "93", "vol": "0", "trvlTime": "8", "linkDelayTime": "0", "congGrade": "1" }, "geometry": { "type": "LineString", "coordinates": [ [ 127.175287045907837, 37.465045164750599 ], [ 127.174242404694112, 37.466496659157748 ], [ 127.174190504000833, 37.466569393190127 ], [ 127.174156365131338, 37.466617533582649 ] ] } },
{ "type": "Feature", "properties": { "LINK_ID": "2059001600", "ROAD_NO": "29", "ROAD_NAME": "세종포천고속도로", "MAX_SPD": 100, "LENGTH": 414.84377432938498, "collDate": "2026-08-16 19:00:00.0", "routeId": "1010002901", "routeNm": "세종포천고속도로", "linkId": "2059001600", "startNodeId": "2059000100", "startNodeNm": "성남시중원구-광주시", "endNodeId": "2349009000", "endNodeNm": "갈현터널남측", "spd": "95", "vol": "0", "trvlTime": "16", "linkDelayTime": "0", "congGrade": "1" }, "geometry": { "type": "LineString", "coordinates": [ [ 127.191955204294629, 37.422418737233734 ], [ 127.192001162124342, 37.42216830888605 ], [ 127.192141923082247, 37.421390997774886 ], [ 127.192258404967049, 37.420737973723298 ], [ 127.192351830044402, 37.420205719222622 ], [ 127.192424282668384, 37.419785982298379 ], [ 127.192491115978171, 37.419391470299367 ], [ 127.192540090210429, 37.419096278576951 ], [ 127.192595616536977, 37.418716119777855 ] ] } },
{ "type": "Feature", "properties": { "LINK_ID": "2060000100", "ROAD_NO": "23", "ROAD_NAME": "신수로", "MAX_SPD": 70, "LENGTH": 316.75627468107899, "collDate": "2026-08-16 19:00:00.0", "routeId": "1050000234", "routeNm": "밤고개로/대왕판교로/신수로", "linkId": "2060000100", "startNodeId": "2060000100", "startNodeNm": "동천고가차도교차로", "endNodeId": "2450040300", "endNodeNm": "성남시분당구-용인시수", "spd": "32", "vol": "0", "trvlTime": "36", "linkDelayTime": "0", "congGrade": "2" }, "geometry": { "type": "LineString", "coordinates": [ [ 127.102095644668708, 37.342769073514141 ], [ 127.102383641724984, 37.342111366040548 ], [ 127.102383686741135, 37.342111274096538 ], [ 127.10245897742665, 37.341938559877313 ], [ 127.102478297155741, 37.341878354346946 ], [ 127.102506725098266, 37.341549107800539 ], [ 127.102524153749982, 37.341116492885334 ], [ 127.102560439456525, 37.340196993824954 ], [ 127.102564477248151, 37.340094672687371 ], [ 127.102633712101962, 37.33998032974182 ] ] } },
{ "type": "Feature", "properties": { "LINK_ID": "2060000200", "ROAD_NO": "23", "ROAD_NAME": "신수로", "MAX_SPD": 70, "LENGTH": 324.44718958555097, "collDate": "2026-08-16 19:00:00.0", "routeId": "1050000234", "routeNm": "밤고개로/대왕판교로/신수로", "linkId": "2060000200", "startNodeId": "2450040300", "startNodeNm": "성남시분당구-용인시수", "endNodeId": "2060000100", "endNodeNm": "동천고가차도교차로", "spd": "22", "vol": "0", "trvlTime": "54", "linkDelayTime": "0", "congGrade": "3" }, "geometry": { "type": "LineString", "coordinates": [ [ 127.102769110861473, 37.339982504784899 ], [ 127.102835291460607, 37.340100049219622 ], [ 127.102835293426239, 37.340101490866182 ], [ 127.102835135800234, 37.340102584853838 ], [ 127.102831324191371, 37.340199242883472 ], [ 127.102794917152522, 37.341122471438851 ], [ 127.102794917220081, 37.341122520995455 ], [ 127.102777385593072, 37.341557931934496 ], [ 127.102777389195694, 37.341560575553238 ], [ 127.102777289564642, 37.341561167616454 ], [ 127.102776993342331, 37.341563247450907 ], [ 127.102747824584455, 37.341901200454998 ], [ 127.102747826035426, 37.341902265471056 ], [ 127.102747733372453, 37.341903002593995 ], [ 127.102747734314008, 37.341903693683108 ], [ 127.102747310486649, 37.341906543107719 ], [ 127.102747278136434, 37.341906819751998 ], [ 127.102747165231293, 37.341907609152244 ], [ 127.102746787658489, 37.341910447724324 ], [ 127.102746756229337, 37.341910572093745 ], [ 127.10274659100925, 37.341911894048096 ], [ 127.102746416905049, 37.341912493384186 ], [ 127.102746299732544, 37.341913463895132 ], [ 127.102746184037599, 37.34191386225082 ], [ 127.102746172872685, 37.341913950561441 ], [ 127.102745541676697, 37.341916176653449 ], [ 127.102745154473325, 37.341917744781746 ], [ 127.102744971371621, 37.341918366651385 ], [ 127.102744870351117, 37.341918767697415 ], [ 127.102744732185187, 37.34191923905604 ], [ 127.102744015958109, 37.341922005839827 ], [ 127.102743594138062, 37.341923015359626 ], [ 127.102719251366764, 37.341998823022365 ], [ 127.102719154618342, 37.341999046561774 ], [ 127.102718878169284, 37.341999903681213 ], [ 127.102718817420609, 37.342000044294622 ], [ 127.102718632061439, 37.342000666166172 ], [ 127.102718419444756, 37.342001161016178 ], [ 127.102718361037788, 37.342001363798609 ], [ 127.102717194487397, 37.342004100338166 ], [ 127.102717075244612, 37.342004379760965 ], [ 127.102716925627476, 37.342004729490448 ], [ 127.102716832254757, 37.342004945818701 ], [ 127.102716702883512, 37.342005245973958 ], [ 127.102639078255137, 37.342183266742545 ], [ 127.102351476217805, 37.342840443910561 ] ] } },
{ "type": "Feature", "properties": { "LINK_ID": "2060000301", "ROAD_NO": "23", "ROAD_NAME": "대왕판교로", "MAX_SPD": 70, "LENGTH": 27.289804762959999, "collDate": "2026-08-16 19:00:00.0", "routeId": "1050000234", "routeNm": "밤고개로/대왕판교로/신수로", "linkId": "2060000301", "startNodeId": "2060000101", "startNodeNm": "종원교", "endNodeId": "2060000100", "endNodeNm": "동천고가차도교차로", "spd": "16", "vol": "0", "trvlTime": "7", "linkDelayTime": "0", "congGrade": "3" }, "geometry": { "type": "LineString", "coordinates": [ [ 127.101944805124987, 37.343108927045591 ], [ 127.102047804458081, 37.342877196968885 ] ] } },
{ "type": "Feature", "properties": { "LINK_ID": "2060000302", "ROAD_NO": "23", "ROAD_NAME": "대왕판교로", "MAX_SPD": 70, "LENGTH": 68.075698221248004, "collDate": "2026-08-16 19:00:00.0", "routeId": "1050000234", "routeNm": "밤고개로/대왕판교로/신수로", "linkId": "2060000302", "startNodeId": "2060000201", "startNodeNm": "종원교", "endNodeId": "2060000101", "endNodeNm": "종원교", "spd": "16", "vol": "0", "trvlTime": "16", "linkDelayTime": "0", "congGrade": "3" }, "geometry": { "type": "LineString", "coordinates": [ [ 127.101701928103836, 37.343690329514324 ], [ 127.101733090226062, 37.343586812042787 ], [ 127.101734650342308, 37.343582137961448 ], [ 127.101736579325845, 37.343577340121833 ], [ 127.101944805124987, 37.343108927045591 ] ] } },
{ "type": "Feature", "properties": { "LINK_ID": "2060000303", "ROAD_NO": "23", "ROAD_NAME": "대왕판교로", "MAX_SPD": 70, "LENGTH": 112.967088722608, "collDate": "2026-08-16 19:00:00.0", "routeId": "1050000234", "routeNm": "밤고개로/대왕판교로/신수로", "linkId": "2060000303", "startNodeId": "2060000200", "startNodeNm": "동원동삼거리", "endNodeId": "2060000201", "endNodeNm": "종원교", "spd": "16", "vol": "0", "trvlTime": "26", "linkDelayTime": "0", "congGrade": "3" }, "geometry": { "type": "LineString", "coordinates": [ [ 127.101508982071891, 37.344693665633898 ], [ 127.101525398464048, 37.344478033927487 ], [ 127.101530006153993, 37.34441835839246 ], [ 127.101530411664442, 37.344414433159869 ], [ 127.101531007093868, 37.344410746537065 ], [ 127.101545572153228, 37.3443285286072 ], [ 127.101578125063881, 37.344104592114661 ], [ 127.101579177096767, 37.344098891298316 ], [ 127.101580648016565, 37.344093334287031 ], [ 127.101701928103836, 37.343690329514324 ] ] } },
{ "type": "Feature", "properties": { "LINK_ID": "2060000401", "ROAD_NO": "23", "ROAD_NAME": "대왕판교로", "MAX_SPD": 70, "LENGTH": 27.290251219712001, "collDate": "2026-08-16 19:00:00.0", "routeId": "1050000234", "routeNm": "밤고개로/대왕판교로/신수로", "linkId": "2060000401", "startNodeId": "2060000100", "startNodeNm": "동천고가차도교차로", "endNodeId": "2060000101", "endNodeNm": "종원교", "spd": "28", "vol": "0", "trvlTime": "4", "linkDelayTime": "0", "congGrade": "2" }, "geometry": { "type": "LineString", "coordinates": [ [ 127.102303052866148, 37.342949516810542 ], [ 127.102200052965856, 37.343181251018883 ] ] } },
{ "type": "Feature", "properties": { "LINK_ID": "2060000402", "ROAD_NO": "23", "ROAD_NAME": "대왕판교로", "MAX_SPD": 70, "LENGTH": 65.549158349205001, "collDate": "2026-08-16 19:00:00.0", "routeId": "1050000234", "routeNm": "밤고개로/대왕판교로/신수로", "linkId": "2060000402", "startNodeId": "2060000101", "startNodeNm": "종원교", "endNodeId": "2060000201", "endNodeNm": "종원교", "spd": "28", "vol": "0", "trvlTime": "9", "linkDelayTime": "0", "congGrade": "2" }, "geometry": { "type": "LineString", "coordinates": [ [ 127.102200052965856, 37.343181251018883 ], [ 127.101994585555389, 37.343643517545765 ], [ 127.101965290798404, 37.343740852750862 ] ] } },
{ "type": "Feature", "properties": { "LINK_ID": "2060000403", "ROAD_NO": "23", "ROAD_NAME": "대왕판교로", "MAX_SPD": 70, "LENGTH": 108.76850884560299, "collDate": "2026-08-16 19:00:00.0", "routeId": "1050000234", "routeNm": "밤고개로/대왕판교로/신수로", "linkId": "2060000403", "startNodeId": "2060000201", "startNodeNm": "종원교", "endNodeId": "2060000200", "endNodeNm": "동원동삼거리", "spd": "28", "vol": "0", "trvlTime": "14", "linkDelayTime": "0", "congGrade": "2" }, "geometry": { "type": "LineString", "coordinates": [ [ 127.101965290798404, 37.343740852750862 ], [ 127.101846119941342, 37.344136805979687 ], [ 127.101814860157859, 37.344351656350625 ], [ 127.101814865888869, 37.344355901095817 ], [ 127.101813680006487, 37.344359416131532 ], [ 127.101813561343022, 37.344360129849058 ], [ 127.101813495023393, 37.344360326330566 ], [ 127.101799997643866, 37.34443652720001 ], [ 127.101795727813638, 37.344491340499296 ], [ 127.101779342387033, 37.34470677334734 ] ] } },
{ "type": "Feature", "properties": { "LINK_ID": "2060000500", "ROAD_NO": "23", "ROAD_NAME": "대왕판교로", "MAX_SPD": 70, "LENGTH": 196.61396379778901, "collDate": "2026-08-16 19:00:00.0", "routeId": "1050000234", "routeNm": "밤고개로/대왕판교로/신수로", "linkId": "2060000500", "startNodeId": "2060000300", "startNodeNm": "금곡IC남측", "endNodeId": "2060000200", "endNodeNm": "동원동삼거리", "spd": "15", "vol": "0", "trvlTime": "48", "linkDelayTime": "0", "congGrade": "3" }, "geometry": { "type": "LineString", "coordinates": [ [ 127.101555715520817, 37.346562969934617 ], [ 127.101489497012295, 37.346427172243196 ], [ 127.101490748131056, 37.346398135611373 ], [ 127.101519412104025, 37.345732610798812 ], [ 127.101503900269762, 37.344801842119153 ] ] } },
{ "type": "Feature", "properties": { "LINK_ID": "2060000600", "ROAD_NO": "23", "ROAD_NAME": "대왕판교로", "MAX_SPD": 70, "LENGTH": 197.60039981489601, "collDate": "2026-08-16 19:00:00.0", "routeId": "1050000234", "routeNm": "밤고개로/대왕판교로/신수로", "linkId": "2060000600", "startNodeId": "2060000200", "startNodeNm": "동원동삼거리", "endNodeId": "2060000300", "endNodeNm": "금곡IC남측", "spd": "35", "vol": "0", "trvlTime": "21", "linkDelayTime": "0", "congGrade": "2" }, "geometry": { "type": "LineString", "coordinates": [ [ 127.10177474958445, 37.344798967995899 ], [ 127.101790297003006, 37.345732767278818 ], [ 127.101790294315435, 37.345733284471962 ], [ 127.101790294393268, 37.345733342137763 ], [ 127.101790294645042, 37.345733528650619 ], [ 127.101790294899232, 37.34573371696554 ], [ 127.101790295327362, 37.345734034127489 ], [ 127.101790294529636, 37.345734279208138 ], [ 127.101790294782617, 37.345734466622027 ], [ 127.101790295244797, 37.345734809012768 ], [ 127.101790294327856, 37.345734965792658 ], [ 127.101790294370417, 37.345734997328634 ], [ 127.101790299538422, 37.345738825797774 ], [ 127.101790119284914, 37.345739898177747 ], [ 127.101761442055349, 37.346405539297763 ], [ 127.101760189849614, 37.346434607434382 ], [ 127.101686591930545, 37.346566396186404 ] ] } },
{ "type": "Feature", "properties": { "LINK_ID": "2060000700", "ROAD_NO": "23", "ROAD_NAME": "대왕판교로", "MAX_SPD": 60, "LENGTH": 345.82728941713299, "collDate": "2026-08-16 19:00:00.0", "routeId": "1050000234", "routeNm": "밤고개로/대왕판교로/신수로", "linkId": "2060000700", "startNodeId": "2060000400", "startNodeNm": "금곡동351-1", "endNodeId": "2060000300", "endNodeNm": "금곡IC남측", "spd": "60", "vol": "0", "trvlTime": "20", "linkDelayTime": "0", "congGrade": "1" }, "geometry": { "type": "LineString", "coordinates": [ [ 127.101588663778585, 37.352912451369143 ], [ 127.101609307488602, 37.351335993557569 ], [ 127.101612342254271, 37.351052794093647 ], [ 127.101611269979415, 37.350839212510301 ], [ 127.101606036463039, 37.349796557453622 ] ] } },
{ "type": "Feature", "properties": { "LINK_ID": "2060000800", "ROAD_NO": "23", "ROAD_NAME": "대왕판교로", "MAX_SPD": 60, "LENGTH": 345.91469264757302, "collDate": "2026-08-16 19:00:00.0", "routeId": "1050000234", "routeNm": "밤고개로/대왕판교로/신수로", "linkId": "2060000800", "startNodeId": "2060000300", "startNodeNm": "금곡IC남측", "endNodeId": "2060000400", "endNodeNm": "금곡동351-1", "spd": "60", "vol": "0", "trvlTime": "18", "linkDelayTime": "0", "congGrade": "1" }, "geometry": { "type": "LineString", "coordinates": [ [ 127.101684935275074, 37.346680101332815 ], [ 127.10172669403552, 37.347433726322876 ], [ 127.101734778533299, 37.34860166736064 ], [ 127.101740094205965, 37.349521615006744 ], [ 127.101741472308674, 37.349796124124488 ] ] } },
{ "type": "Feature", "properties": { "LINK_ID": "2060001101", "ROAD_NO": "1", "ROAD_NAME": "경부고속도로", "MAX_SPD": 110, "LENGTH": 917.58840771265398, "collDate": "2026-08-16 19:05:01.0", "routeId": "1010000011", "routeNm": "경부고속도로", "linkId": "2060001101", "startNodeId": "2060002901", "startNodeNm": "서울TG", "endNodeId": "2060002900", "endNodeNm": "판교IC남측", "spd": "81", "vol": "61", "trvlTime": "41", "linkDelayTime": "0", "congGrade": "2" }, "geometry": { "type": "LineString", "coordinates": [ [ 127.103415173784413, 37.364663845951831 ], [ 127.103412611251073, 37.369697774828232 ], [ 127.103423017713581, 37.372637712572178 ], [ 127.103420441509272, 37.372931529804582 ] ] } },
{ "type": "Feature", "properties": { "LINK_ID": "2060001201", "ROAD_NO": "1", "ROAD_NAME": "경부고속도로", "MAX_SPD": 110, "LENGTH": 282.05658276375999, "collDate": "2026-08-16 19:05:01.0", "routeId": "1010000011", "routeNm": "경부고속도로", "linkId": "2060001201", "startNodeId": "2060002900", "startNodeNm": "판교IC남측", "endNodeId": "2060002901", "endNodeNm": "서울TG", "spd": "93", "vol": "63", "trvlTime": "11", "linkDelayTime": "0", "congGrade": "1" }, "geometry": { "type": "LineString", "coordinates": [ [ 127.101659849409998, 37.391112892149138 ], [ 127.101885110781325, 37.390055681315324 ], [ 127.102123048368583, 37.388953087496098 ], [ 127.102195247167842, 37.388607666049616 ] ] } },
{ "type": "Feature", "properties": { "LINK_ID": "2060001300", "ROAD_NO": "57", "ROAD_NAME": "서현로", "MAX_SPD": 60, "LENGTH": 360.50396162188099, "collDate": "2026-08-16 19:00:00.0", "routeId": "1050000572", "routeNm": "서현로", "linkId": "2060001300", "startNodeId": "2060000700", "startNodeNm": "요한성당앞교차로", "endNodeId": "2060000600", "endNodeNm": "분당동199-1", "spd": "35", "vol": "0", "trvlTime": "38", "linkDelayTime": "0", "congGrade": "2" }, "geometry": { "type": "LineString", "coordinates": [ [ 127.148609847765911, 37.368788405919545 ], [ 127.148852361408174, 37.368491838091821 ], [ 127.149131455214601, 37.368147525468373 ], [ 127.149314642576783, 37.367881369297088 ], [ 127.149315297741481, 37.36788043050246 ], [ 127.149600580126844, 37.367484836969531 ], [ 127.149722736073969, 37.36718011863595 ], [ 127.149840704538676, 37.366871713063198 ], [ 127.149931205200389, 37.366630337043134 ], [ 127.149931330073059, 37.366630118836625 ], [ 127.150054767207891, 37.366306305759188 ], [ 127.150201466711863, 37.365830751881759 ] ] } },
{ "type": "Feature", "properties": { "LINK_ID": "2060001400", "ROAD_NO": "57", "ROAD_NAME": "서현로", "MAX_SPD": 60, "LENGTH": 364.551540864488, "collDate": "2026-08-16 19:00:00.0", "routeId": "1050000572", "routeNm": "서현로", "linkId": "2060001400", "startNodeId": "2060000600", "startNodeNm": "분당동199-1", "endNodeId": "2060000700", "endNodeNm": "요한성당앞교차로", "spd": "43", "vol": "0", "trvlTime": "31", "linkDelayTime": "0", "congGrade": "2" }, "geometry": { "type": "LineString", "coordinates": [ [ 127.149451421930294, 37.363070891744805 ], [ 127.149669267551758, 37.363161649486038 ], [ 127.149669704785154, 37.363161837247262 ], [ 127.149670111479153, 37.363161994412231 ], [ 127.149670548710745, 37.363162181272436 ], [ 127.149670985944169, 37.36316236903366 ], [ 127.149671391568361, 37.363162555933847 ], [ 127.149671829991448, 37.363162774328458 ], [ 127.149672236746298, 37.363162962128236 ], [ 127.149672642372309, 37.363163149929434 ], [ 127.149673079668347, 37.363163369226513 ], [ 127.149673486421392, 37.363163556125258 ], [ 127.149673892108268, 37.363163774561272 ], [ 127.149674298863118, 37.36316396236105 ], [ 127.149674704549994, 37.363164180797085 ], [ 127.1496751113675, 37.363164400132703 ], [ 127.149675516993511, 37.363164587933902 ], [ 127.149675923809227, 37.363164806368481 ], [ 127.149676329496103, 37.363165024804495 ], [ 127.149676704704405, 37.36316524327907 ], [ 127.149677110453922, 37.363165493250925 ], [ 127.149677517271442, 37.363165712586522 ], [ 127.149677892479744, 37.363165931061104 ], [ 127.149747298256869, 37.363206400205399 ], [ 127.149747642987009, 37.363206618718323 ], [ 127.149747986590114, 37.363206838133742 ], [ 127.149748360670017, 37.363207056609511 ], [ 127.149748704208648, 37.363207243588043 ], [ 127.149749047809976, 37.363207462102395 ], [ 127.149749391473975, 37.363207712152594 ], [ 127.149749736143249, 37.363207900030716 ], [ 127.14994651699331, 37.363334087238819 ], [ 127.150329392128285, 37.363571993854165 ], [ 127.15032976740342, 37.363572243862485 ], [ 127.150330142615644, 37.363572462334957 ], [ 127.150330517890794, 37.363572712343291 ], [ 127.150330892037104, 37.363572962353025 ], [ 127.150331267312254, 37.363573212361345 ], [ 127.150331642587403, 37.363573462369658 ], [ 127.150332017862567, 37.363573712377978 ], [ 127.150332361530161, 37.36357396242645 ], [ 127.150332735676486, 37.363574212436198 ], [ 127.150333110951635, 37.363574462444518 ], [ 127.150333454680364, 37.363574743127799 ], [ 127.150333798347944, 37.363574993176293 ], [ 127.150334173623122, 37.363575243184584 ], [ 127.150334516224788, 37.36357552477034 ], [ 127.150334861021236, 37.363575774817377 ], [ 127.150335204751769, 37.363576056401698 ], [ 127.150335548482289, 37.36357633798599 ], [ 127.150335892149897, 37.363576588034455 ], [ 127.150336235878626, 37.36357686871775 ], [ 127.150336579607369, 37.363577149401031 ], [ 127.150336891730319, 37.363577431025504 ], [ 127.150337236589692, 37.363577712608375 ], [ 127.15033758031845, 37.363577993291663 ], [ 127.150337892441414, 37.363578274916115 ], [ 127.150338204564392, 37.36357855654061 ], [ 127.150338516685551, 37.36357883726405 ], [ 127.150338861606073, 37.363579149481737 ], [ 127.150339173729037, 37.36357943110621 ], [ 127.15033948591315, 37.363579743365491 ], [ 127.150339798036129, 37.363580024989965 ], [ 127.150340110159121, 37.363580306614423 ], [ 127.150340391864489, 37.363580618912451 ], [ 127.150462516774482, 37.363700900185343 ], [ 127.150462798417848, 37.363701180947238 ], [ 127.150463110541807, 37.363701462571363 ], [ 127.150463392185188, 37.363701743333259 ], [ 127.150463642222746, 37.363702025036361 ], [ 127.1504639543449, 37.363702305759475 ], [ 127.150464204445399, 37.363702618998438 ], [ 127.150464486090584, 37.36370290066133 ], [ 127.150464767795143, 37.36370321205802 ], [ 127.150465017832687, 37.363703493761122 ], [ 127.150465298410211, 37.363703806060293 ], [ 127.150465548447784, 37.363704087763374 ], [ 127.150465798546506, 37.363704400101305 ], [ 127.150466079124016, 37.363704712400455 ], [ 127.150466329161603, 37.363704994103557 ], [ 127.150466579258534, 37.363705305540456 ], [ 127.150606454545212, 37.363875836831774 ], [ 127.15060673625463, 37.363876150030137 ], [ 127.150606986354518, 37.363876462367763 ], [ 127.150607236454405, 37.363876774705368 ], [ 127.150607486617318, 37.36387711857882 ], [ 127.150607736717205, 37.363877430916411 ], [ 127.150607985690087, 37.36387774415649 ], [ 127.150608235851195, 37.363878087128896 ], [ 127.150608454345203, 37.363878400407771 ], [ 127.150608704506368, 37.363878743380191 ], [ 127.150608922998558, 37.363879055758041 ], [ 127.150609141555591, 37.363879400572749 ], [ 127.150609391653703, 37.363879712009322 ], [ 127.150609611337813, 37.36388005592157 ], [ 127.150609829894847, 37.363880400736285 ], [ 127.150610048385275, 37.36388071221311 ], [ 127.150610266940518, 37.363881056126779 ], [ 127.150610486622824, 37.363881399138002 ], [ 127.150610673572189, 37.363881743992962 ], [ 127.150610892125641, 37.363882087005614 ], [ 127.150611080202069, 37.3638824309581 ], [ 127.150611298757312, 37.363882774871783 ], [ 127.150611486833739, 37.363883118824262 ], [ 127.150611673718274, 37.363883431242357 ], [ 127.150611861792868, 37.363883774293818 ], [ 127.150612048803481, 37.363884149783594 ], [ 127.150612236879908, 37.363884493736073 ], [ 127.150612423827468, 37.363884837689987 ], [ 127.150612610773251, 37.363885180742876 ], [ 127.150612798849679, 37.363885524695384 ], [ 127.150698329917091, 37.364057899178299 ], [ 127.150698516928543, 37.364058274667897 ], [ 127.150698673398026, 37.364058618660501 ], [ 127.150698829867494, 37.364058962653118 ], [ 127.15069898639824, 37.364059337280523 ], [ 127.150699173346666, 37.364059681234302 ], [ 127.15069932981433, 37.364060024325887 ], [ 127.15069948634688, 37.364060399854324 ], [ 127.150699642816377, 37.364060743846935 ], [ 127.150699767739354, 37.364061118514627 ], [ 127.150699924208837, 37.364061462507216 ], [ 127.150700049133619, 37.364061838075919 ], [ 127.150700204472471, 37.36406218116894 ], [ 127.150700329395448, 37.364062555836632 ], [ 127.150700454257176, 37.364062899869509 ], [ 127.150700610787922, 37.364063274496921 ], [ 127.150700704104935, 37.364063650105898 ], [ 127.150700828964858, 37.364063993237757 ], [ 127.150700955016703, 37.364064367904 ], [ 127.150701079941513, 37.36406474347271 ], [ 127.150701173195458, 37.364065087545832 ], [ 127.150701298120268, 37.364065463114549 ], [ 127.150701392562539, 37.364065836920034 ], [ 127.150701517485516, 37.364066211587726 ], [ 127.15070161074128, 37.364066556561902 ], [ 127.150701704056488, 37.364066931269846 ], [ 127.150756798784187, 37.36428077455767 ], [ 127.150756893230607, 37.364281150165148 ], [ 127.15075698541753, 37.364281524874478 ], [ 127.150757079799064, 37.364281868045111 ], [ 127.150757174245484, 37.364282243652589 ], [ 127.150757235953392, 37.364282618400772 ], [ 127.150757298790126, 37.364282993147519 ], [ 127.150757392107707, 37.364283368756439 ], [ 127.150757454944483, 37.364283743503179 ], [ 127.150757517718148, 37.364284086714072 ], [ 127.150757579427847, 37.364284462363273 ], [ 127.150757642264622, 37.364284837110027 ], [ 127.150757703972516, 37.364285211858203 ], [ 127.150757767939936, 37.364285587504526 ], [ 127.150757799168829, 37.364285962291561 ], [ 127.150757860876737, 37.364286337039736 ], [ 127.150757892105631, 37.364286711826772 ], [ 127.150757954944211, 37.36428708747453 ], [ 127.150757986173105, 37.364287462261551 ], [ 127.150758017338902, 37.36428780551276 ], [ 127.150758048630877, 37.364288211835614 ], [ 127.150758079798507, 37.364288555987834 ], [ 127.150758111090482, 37.364288962310695 ], [ 127.150758142256308, 37.364289305561904 ], [ 127.150758141879123, 37.364289681290224 ], [ 127.150758174236884, 37.364290056075824 ], [ 127.150758173857923, 37.364290430903132 ], [ 127.150758173478948, 37.364290805730448 ], [ 127.150761767131016, 37.364472743532176 ], [ 127.150761798359994, 37.364473118319182 ], [ 127.150761797981048, 37.364473493146484 ], [ 127.150761797602115, 37.364473867973786 ], [ 127.150761798353813, 37.364474243700677 ], [ 127.150761767495766, 37.364474618566831 ], [ 127.15076176717993, 37.364475024929952 ], [ 127.150761736258772, 37.364475368260287 ], [ 127.15076173587984, 37.364475743087581 ], [ 127.150761705084889, 37.364476149489562 ], [ 127.150761704707719, 37.364476525217889 ], [ 127.150761672657737, 37.364476868549659 ], [ 127.150761642991654, 37.36447727495019 ], [ 127.150761611004739, 37.364477649817772 ], [ 127.150761580146693, 37.364478024683926 ], [ 127.150761517680735, 37.364478399590361 ], [ 127.150761485695625, 37.364478775358975 ], [ 127.150761423166529, 37.364479118729591 ], [ 127.150761392371578, 37.364479525131564 ], [ 127.150761329905592, 37.364479900037992 ], [ 127.150761267376495, 37.364480243408593 ], [ 127.150761204973577, 37.364480649850876 ], [ 127.150761142444509, 37.36448099322147 ], [ 127.150761079980299, 37.36448136902893 ], [ 127.150761017514313, 37.364481743935372 ], [ 127.150760955048312, 37.364482118841806 ], [ 127.150760860974373, 37.364482493788529 ], [ 127.150760798508358, 37.364482868694978 ], [ 127.150760704434418, 37.364483243641693 ], [ 127.150760611426222, 37.36448358705114 ], [ 127.150760517415364, 37.364483993533689 ], [ 127.150760423278328, 37.364484336944592 ], [ 127.150760360814147, 37.364484712752059 ], [ 127.150760236261078, 37.364485087737627 ], [ 127.150745423848988, 37.364539493446749 ], [ 127.150734017132947, 37.364611931551671 ], [ 127.15073395466672, 37.364612306458078 ], [ 127.150733892137396, 37.364612649828686 ], [ 127.150733829671154, 37.364613024735085 ], [ 127.150733767204898, 37.36461339964152 ], [ 127.150733704677393, 37.364613743913118 ], [ 127.15073361060314, 37.364614118859798 ], [ 127.150733548136898, 37.364614493766211 ], [ 127.150733455128417, 37.364614837175651 ], [ 127.150733392662204, 37.364615212082057 ], [ 127.15073329852666, 37.36461555639395 ], [ 127.150624579660899, 37.365059150130293 ], [ 127.150624485522513, 37.365059493541033 ], [ 127.150624392576049, 37.365059868486171 ], [ 127.150624298439467, 37.365060212797971 ], [ 127.150624204364121, 37.365060587744544 ], [ 127.150624111354603, 37.36506093115387 ], [ 127.150623985671089, 37.36506130614071 ], [ 127.150623892661571, 37.365061649550015 ], [ 127.150623768043857, 37.365061992999578 ], [ 127.150623672841462, 37.365062368848619 ], [ 127.150623548223734, 37.365062712298183 ], [ 127.150623423607826, 37.365063056648772 ], [ 127.150623297924284, 37.365063431635612 ], [ 127.15062317330657, 37.36506377508519 ], [ 127.150623047623029, 37.365064150072008 ], [ 127.150622923005315, 37.365064493521572 ], [ 127.15062276790826, 37.365064837009953 ], [ 127.150622642163484, 37.365065181361977 ], [ 127.150424017758851, 37.365562119239833 ], [ 127.150345861081917, 37.365814931125243 ], [ 127.150333006090705, 37.365856601965255 ] ] } },
{ "type": "Feature", "properties": { "LINK_ID": "2060001502", "ROAD_NO": "23", "ROAD_NAME": "대왕판교로", "MAX_SPD": 60, "LENGTH": 217.31858403618099, "collDate": "2026-08-16 19:00:00.0", "routeId": "1050000234", "routeNm": "밤고개로/대왕판교로/신수로", "linkId": "2060001502", "startNodeId": "2060001701", "startNodeNm": "궁백교회", "endNodeId": "2060001702", "endNodeNm": "하이패스센터", "spd": "45", "vol": "0", "trvlTime": "18", "linkDelayTime": "0", "congGrade": "2" }, "geometry": { "type": "LineString", "coordinates": [ [ 127.101713015453711, 37.371628004484499 ], [ 127.101698048299852, 37.370774867988153 ], [ 127.101687298814426, 37.370648868813547 ], [ 127.101603799501746, 37.369672556901925 ] ] } },
{ "type": "Feature", "properties": { "LINK_ID": "2060001504", "ROAD_NO": "23", "ROAD_NAME": "대왕판교로", "MAX_SPD": 60, "LENGTH": 362.11519816870299, "collDate": "2026-08-16 19:00:00.0", "routeId": "1050000234", "routeNm": "밤고개로/대왕판교로/신수로", "linkId": "2060001504", "startNodeId": "2060001702", "startNodeNm": "하이패스센터", "endNodeId": "2060000401", "endNodeNm": "궁내동198-37", "spd": "26", "vol": "0", "trvlTime": "51", "linkDelayTime": "0", "congGrade": "2" }, "geometry": { "type": "LineString", "coordinates": [ [ 127.101594545801319, 37.369564669391529 ], [ 127.10155320403922, 37.369084181814181 ], [ 127.101553079796744, 37.369082461862696 ], [ 127.101546392538452, 37.368933744291127 ], [ 127.101546360371927, 37.368932493694942 ], [ 127.101512673373207, 37.366873837830056 ], [ 127.101512673987401, 37.366872617840201 ], [ 127.10151607919336, 37.366585556106614 ], [ 127.101517514761255, 37.366303340669958 ] ] } },
{ "type": "Feature", "properties": { "LINK_ID": "2060001505", "ROAD_NO": "23", "ROAD_NAME": "대왕판교로", "MAX_SPD": 60, "LENGTH": 371.35525366250499, "collDate": "2026-08-16 19:00:00.0", "routeId": "1050000234", "routeNm": "밤고개로/대왕판교로/신수로", "linkId": "2060001505", "startNodeId": "2060000401", "startNodeNm": "궁내동198-37", "endNodeId": "2060000400", "endNodeNm": "금곡동351-1", "spd": "30", "vol": "0", "trvlTime": "45", "linkDelayTime": "0", "congGrade": "2" }, "geometry": { "type": "LineString", "coordinates": [ [ 127.101546603811627, 37.362939557240125 ], [ 127.101560954728413, 37.361927650318734 ], [ 127.101560985652512, 37.361926305960132 ], [ 127.101666803862727, 37.359595143057717 ] ] } },
{ "type": "Feature", "properties": { "LINK_ID": "2060001506", "ROAD_NO": "23", "ROAD_NAME": "대왕판교로", "MAX_SPD": 60, "LENGTH": 150.00265158183299, "collDate": "2026-08-16 19:00:00.0", "routeId": "1050000234", "routeNm": "밤고개로/대왕판교로/신수로", "linkId": "2060001506", "startNodeId": "2060062300", "startNodeNm": "백현고가도로", "endNodeId": "2060001703", "endNodeNm": "백현동472-195", "spd": "45", "vol": "0", "trvlTime": "12", "linkDelayTime": "0", "congGrade": "2" }, "geometry": { "type": "LineString", "coordinates": [ [ 127.102208654934287, 37.379634790846509 ], [ 127.102176079063412, 37.379326618854336 ], [ 127.102096392537291, 37.378863993714141 ], [ 127.102096360837749, 37.378863930669809 ], [ 127.102082204322485, 37.378780493626664 ], [ 127.101998479259436, 37.378294008983332 ] ] } },
{ "type": "Feature", "properties": { "LINK_ID": "2060001507", "ROAD_NO": "23", "ROAD_NAME": "대왕판교로", "MAX_SPD": 60, "LENGTH": 358.80505438100499, "collDate": "2026-08-16 19:00:00.0", "routeId": "1050000234", "routeNm": "밤고개로/대왕판교로/신수로", "linkId": "2060001507", "startNodeId": "2060001703", "startNodeNm": "백현동472-195", "endNodeId": "2060001701", "endNodeNm": "궁백교회", "spd": "45", "vol": "0", "trvlTime": "29", "linkDelayTime": "0", "congGrade": "2" }, "geometry": { "type": "LineString", "coordinates": [ [ 127.101961047645773, 37.378188341126872 ], [ 127.101911016403321, 37.378052774891195 ], [ 127.101910236394602, 37.378050399562028 ], [ 127.101909547799622, 37.378047994420292 ], [ 127.101853611176438, 37.377820431228841 ], [ 127.101754110935374, 37.37674839953678 ], [ 127.101753954673271, 37.376745556037633 ], [ 127.101719016351751, 37.375412805693919 ], [ 127.101719016384493, 37.37541199387055 ], [ 127.101715812635049, 37.374968895942537 ] ] } },
{ "type": "Feature", "properties": { "LINK_ID": "2060001602", "ROAD_NO": "23", "ROAD_NAME": "대왕판교로", "MAX_SPD": 60, "LENGTH": 217.968321881127, "collDate": "2026-08-16 19:00:00.0", "routeId": "1050000234", "routeNm": "밤고개로/대왕판교로/신수로", "linkId": "2060001602", "startNodeId": "2060001702", "startNodeNm": "하이패스센터", "endNodeId": "2060001701", "endNodeNm": "궁백교회", "spd": "45", "vol": "0", "trvlTime": "18", "linkDelayTime": "0", "congGrade": "2" }, "geometry": { "type": "LineString", "coordinates": [ [ 127.101738983334485, 37.369665194749551 ], [ 127.101822454785363, 37.37064149387426 ], [ 127.101833361148522, 37.370768962474109 ], [ 127.101833391471942, 37.370769680565317 ], [ 127.101833454578767, 37.370770431065218 ], [ 127.101833486031154, 37.370771149155466 ], [ 127.1018334859167, 37.370771899709801 ], [ 127.101848483247224, 37.371626490270025 ] ] } },
{ "type": "Feature", "properties": { "LINK_ID": "2060001604", "ROAD_NO": "23", "ROAD_NAME": "대왕판교로", "MAX_SPD": 60, "LENGTH": 371.056409927934, "collDate": "2026-08-16 19:00:00.0", "routeId": "1050000234", "routeNm": "밤고개로/대왕판교로/신수로", "linkId": "2060001604", "startNodeId": "2060000400", "startNodeNm": "금곡동351-1", "endNodeId": "2060000401", "endNodeNm": "궁내동198-37", "spd": "35", "vol": "0", "trvlTime": "39", "linkDelayTime": "0", "congGrade": "2" }, "geometry": { "type": "LineString", "coordinates": [ [ 127.101724094730614, 37.352912805474602 ], [ 127.101733422578249, 37.354814992826896 ], [ 127.101758512277527, 37.356255971806405 ] ] } },
{ "type": "Feature", "properties": { "LINK_ID": "2060001605", "ROAD_NO": "23", "ROAD_NAME": "대왕판교로", "MAX_SPD": 60, "LENGTH": 361.24345429672502, "collDate": "2026-08-16 19:00:00.0", "routeId": "1050000234", "routeNm": "밤고개로/대왕판교로/신수로", "linkId": "2060001605", "startNodeId": "2060000401", "startNodeNm": "궁내동198-37", "endNodeId": "2060001702", "endNodeNm": "하이패스센터", "spd": "34", "vol": "0", "trvlTime": "39", "linkDelayTime": "0", "congGrade": "2" }, "geometry": { "type": "LineString", "coordinates": [ [ 127.101680525053254, 37.363048976711021 ], [ 127.101663392488405, 37.364257712795379 ], [ 127.101652985370947, 37.366303779600287 ] ] } },
{ "type": "Feature", "properties": { "LINK_ID": "2060001606", "ROAD_NO": "23", "ROAD_NAME": "대왕판교로", "MAX_SPD": 60, "LENGTH": 358.903846806849, "collDate": "2026-08-16 19:00:00.0", "routeId": "1050000234", "routeNm": "밤고개로/대왕판교로/신수로", "linkId": "2060001606", "startNodeId": "2060001701", "startNodeNm": "궁백교회", "endNodeId": "2060001703", "endNodeNm": "백현동472-195", "spd": "45", "vol": "0", "trvlTime": "29", "linkDelayTime": "0", "congGrade": "2" }, "geometry": { "type": "LineString", "coordinates": [ [ 127.10185037874129, 37.371734615192707 ], [ 127.101866266943915, 37.372641868508104 ], [ 127.101866299358235, 37.372642462255797 ], [ 127.101866267420732, 37.372643056058941 ], [ 127.101848110770433, 37.374525806820159 ], [ 127.101851297771418, 37.374968274270067 ] ] } },
{ "type": "Feature", "properties": { "LINK_ID": "2060001607", "ROAD_NO": "23", "ROAD_NAME": "대왕판교로", "MAX_SPD": 60, "LENGTH": 151.71844784929399, "collDate": "2026-08-16 19:00:00.0", "routeId": "1050000234", "routeNm": "밤고개로/대왕판교로/신수로", "linkId": "2060001607", "startNodeId": "2060001703", "startNodeNm": "백현동472-195", "endNodeId": "2060062300", "endNodeNm": "백현고가도로", "spd": "45", "vol": "0", "trvlTime": "13", "linkDelayTime": "0", "congGrade": "2" }, "geometry": { "type": "LineString", "coordinates": [ [ 127.102132700867273, 37.378279300151554 ], [ 127.102216423314132, 37.378765836968846 ], [ 127.102216453926232, 37.378765930648925 ], [ 127.102329585675392, 37.379310082085652 ], [ 127.102356873560581, 37.379633579580151 ] ] } },
{ "type": "Feature", "properties": { "LINK_ID": "2060001700", "ROAD_NO": "57", "ROAD_NAME": "서현로", "MAX_SPD": 60, "LENGTH": 83.208262042510995, "collDate": "2026-08-16 19:00:00.0", "routeId": "1050000572", "routeNm": "서현로", "linkId": "2060001700", "startNodeId": "2060000800", "startNodeNm": "분당성요한성당장례식", "endNodeId": "2060000700", "endNodeNm": "요한성당앞교차로", "spd": "31", "vol": "0", "trvlTime": "10", "linkDelayTime": "0", "congGrade": "2" }, "geometry": { "type": "LineString", "coordinates": [ [ 127.148124242705236, 37.369554166077485 ], [ 127.148290579962122, 37.36926040027577 ], [ 127.148292454730239, 37.369257337142294 ], [ 127.148541146113899, 37.368882725553838 ] ] } },
{ "type": "Feature", "properties": { "LINK_ID": "2060001800", "ROAD_NO": "57", "ROAD_NAME": "서현로", "MAX_SPD": 60, "LENGTH": 83.581998557931001, "collDate": "2026-08-16 19:00:00.0", "routeId": "1050000572", "routeNm": "서현로", "linkId": "2060001800", "startNodeId": "2060000700", "startNodeNm": "요한성당앞교차로", "endNodeId": "2060000800", "endNodeNm": "분당성요한성당장례식", "spd": "38", "vol": "0", "trvlTime": "8", "linkDelayTime": "0", "congGrade": "2" }, "geometry": { "type": "LineString", "coordinates": [ [ 127.148666824136299, 37.368924368550999 ], [ 127.148413142652828, 37.369306462838615 ], [ 127.148247711557218, 37.369598689948518 ] ] } },
{ "type": "Feature", "properties": { "LINK_ID": "2060001900", "ROAD_NO": "57", "ROAD_NAME": "서현로", "MAX_SPD": 60, "LENGTH": 143.24819043084, "collDate": "2026-08-16 19:00:00.0", "routeId": "1050000572", "routeNm": "서현로", "linkId": "2060001900", "startNodeId": "2060000900", "startNodeNm": "지구촌유통", "endNodeId": "2060000800", "endNodeNm": "분당성요한성당장례식", "spd": "31", "vol": "0", "trvlTime": "17", "linkDelayTime": "0", "congGrade": "2" }, "geometry": { "type": "LineString", "coordinates": [ [ 127.147557346597452, 37.370885475845043 ], [ 127.147666610468249, 37.3705875873545 ], [ 127.147667173131978, 37.370586087346247 ], [ 127.147735861323014, 37.370417149461474 ], [ 127.147821330105174, 37.370187930899206 ], [ 127.147822330022208, 37.370185462642624 ], [ 127.148013705264958, 37.369749930823616 ], [ 127.148014736203436, 37.369747743646265 ], [ 127.148015892453586, 37.369745556312083 ], [ 127.148063941464514, 37.369660679206383 ] ] } },
{ "type": "Feature", "properties": { "LINK_ID": "2060002000", "ROAD_NO": "57", "ROAD_NAME": "서현로", "MAX_SPD": 60, "LENGTH": 272.95233714749702, "collDate": "2026-08-16 19:00:00.0", "routeId": "1050000572", "routeNm": "서현로", "linkId": "2060002000", "startNodeId": "2060000800", "startNodeNm": "분당성요한성당장례식", "endNodeId": "2060000900", "endNodeNm": "지구촌유통", "spd": "38", "vol": "0", "trvlTime": "26", "linkDelayTime": "0", "congGrade": "2" }, "geometry": { "type": "LineString", "coordinates": [ [ 127.148187411751977, 37.369705204663937 ], [ 127.14814057882009, 37.369787930401152 ], [ 127.147950736216188, 37.370220024895943 ], [ 127.147865485581804, 37.370448618866995 ], [ 127.147865423795764, 37.370448774821583 ], [ 127.147865360882562, 37.370448931678609 ], [ 127.147865299094747, 37.370449086732194 ], [ 127.147865236181531, 37.370449243589206 ], [ 127.147865173268315, 37.370449400446212 ], [ 127.147865110353351, 37.370449556402228 ], [ 127.147865048567311, 37.370449712356816 ], [ 127.147864985652319, 37.370449868312825 ], [ 127.147796329148221, 37.370618712525207 ], [ 127.147687346632466, 37.370915847613482 ], [ 127.147649150850143, 37.371019905405312 ], [ 127.147532235579476, 37.371337931382953 ], [ 127.147375016822465, 37.371813649618055 ], [ 127.147374955096026, 37.371813837108157 ], [ 127.14737489218065, 37.371813993964885 ], [ 127.14737486087455, 37.371814149881217 ], [ 127.147374797959188, 37.371814306737946 ], [ 127.147374735101991, 37.371814493328422 ], [ 127.147374673315596, 37.371814650183737 ], [ 127.147374610398472, 37.371814806139454 ], [ 127.147374548610287, 37.371814962093758 ], [ 127.147374485756629, 37.371815150486299 ], [ 127.147374423968472, 37.371815306440588 ], [ 127.147374361051334, 37.371815462396299 ], [ 127.147374329745233, 37.37181561831261 ], [ 127.147374266891561, 37.371815806705136 ], [ 127.147374173490604, 37.371815961797807 ], [ 127.147374110575242, 37.37181611865455 ], [ 127.147374048788848, 37.371816275509872 ], [ 127.147373985869947, 37.371816430564557 ], [ 127.147373923016275, 37.371816618957091 ], [ 127.147373860099137, 37.371816774912773 ], [ 127.14737379831098, 37.371816930867098 ], [ 127.147373736522795, 37.371817086821395 ], [ 127.147373673607433, 37.37181724367813 ], [ 127.147373580268152, 37.371817430306592 ], [ 127.14737351735279, 37.371817587163328 ], [ 127.147373454437428, 37.371817744020042 ], [ 127.14737336103822, 37.371817900013731 ], [ 127.147269983342312, 37.372051194278427 ] ] } },
{ "type": "Feature", "properties": { "LINK_ID": "2060002100", "ROAD_NO": "57", "ROAD_NAME": "서현로", "MAX_SPD": 60, "LENGTH": 118.690460216928, "collDate": "2026-08-16 19:00:00.0", "routeId": "1050000572", "routeNm": "서현로", "linkId": "2060002100", "startNodeId": "2060001000", "startNodeNm": "장안중삼거리", "endNodeId": "2060000900", "endNodeNm": "지구촌유통", "spd": "31", "vol": "0", "trvlTime": "14", "linkDelayTime": "0", "congGrade": "2" }, "geometry": { "type": "LineString", "coordinates": [ [ 127.147142262162944, 37.37201514507634 ], [ 127.147244735651384, 37.371783931193455 ], [ 127.147401454465168, 37.371309649985363 ], [ 127.147401954039523, 37.371308212227881 ], [ 127.1475191500965, 37.370989463396015 ] ] } },
{ "type": "Feature", "properties": { "LINK_ID": "2060002300", "ROAD_NO": "57", "ROAD_NAME": "서현로", "MAX_SPD": 60, "LENGTH": 8.2150904485850003, "collDate": "2026-08-16 19:00:00.0", "routeId": "1050000572", "routeNm": "서현로", "linkId": "2060002300", "startNodeId": "2060001100", "startNodeNm": "장안중삼거리", "endNodeId": "2060001000", "endNodeNm": "장안중삼거리", "spd": "31", "vol": "0", "trvlTime": "1", "linkDelayTime": "0", "congGrade": "2" }, "geometry": { "type": "LineString", "coordinates": [ [ 127.147035760461222, 37.372177012268665 ], [ 127.147082982382187, 37.372113305095603 ] ] } },
{ "type": "Feature", "properties": { "LINK_ID": "2060002400", "ROAD_NO": "57", "ROAD_NAME": "서현로", "MAX_SPD": 60, "LENGTH": 8.2149841761460003, "collDate": "2026-08-16 19:00:00.0", "routeId": "1050000572", "routeNm": "서현로", "linkId": "2060002400", "startNodeId": "2060001000", "startNodeNm": "장안중삼거리", "endNodeId": "2060001100", "endNodeNm": "장안중삼거리", "spd": "38", "vol": "0", "trvlTime": "1", "linkDelayTime": "0", "congGrade": "2" }, "geometry": { "type": "LineString", "coordinates": [ [ 127.147199584159424, 37.372168357311963 ], [ 127.147152362206825, 37.372232063372969 ] ] } },
{ "type": "Feature", "properties": { "LINK_ID": "2060002600", "ROAD_NO": "57", "ROAD_NAME": "서현로", "MAX_SPD": 60, "LENGTH": 215.336736367659, "collDate": "2026-08-16 19:00:00.0", "routeId": "1050000572", "routeNm": "서현로", "linkId": "2060002600", "startNodeId": "2060001100", "startNodeNm": "장안중삼거리", "endNodeId": "2060001200", "endNodeNm": "하우케어", "spd": "22", "vol": "0", "trvlTime": "36", "linkDelayTime": "0", "congGrade": "3" }, "geometry": { "type": "LineString", "coordinates": [ [ 127.147076235388596, 37.372335329740757 ], [ 127.146915517366651, 37.372553868095849 ], [ 127.146915360806162, 37.372554056604521 ], [ 127.146915204303667, 37.372554274846919 ], [ 127.146915048870412, 37.372554462453145 ], [ 127.146914892369665, 37.372554681596576 ], [ 127.146914735805666, 37.372554868303212 ], [ 127.146914579304919, 37.372555087446635 ], [ 127.146914423933168, 37.372555306588652 ], [ 127.146914267369141, 37.372555493295273 ], [ 127.146914079257073, 37.372555712477961 ], [ 127.146913954306186, 37.372555900046329 ], [ 127.146913767259804, 37.372556086790816 ], [ 127.146913610760805, 37.372556306835264 ], [ 127.146913423714452, 37.372556493579737 ], [ 127.146913267211914, 37.372556711822142 ], [ 127.14691311065144, 37.3725569003308 ], [ 127.146912923605072, 37.372557087075279 ], [ 127.146912767042807, 37.372557274682919 ], [ 127.146912578930724, 37.372557493865607 ], [ 127.146912423495692, 37.372557680570814 ], [ 127.146912266935189, 37.372557869079465 ], [ 127.14691207882133, 37.372558087361142 ], [ 127.146911891776725, 37.372558275006639 ], [ 127.146911736343426, 37.372558462612872 ], [ 127.146911549298792, 37.372558650258362 ], [ 127.146553641569412, 37.372944650003177 ], [ 127.146553486194023, 37.3729448682437 ], [ 127.146553298020322, 37.372945056791046 ], [ 127.146553110972107, 37.372945243534936 ], [ 127.146552923925626, 37.372945431179865 ], [ 127.14655273687913, 37.372945618824787 ], [ 127.146552580315188, 37.372945806431915 ], [ 127.146552392137977, 37.372945993177218 ], [ 127.146552205031895, 37.372946150187374 ], [ 127.146552016854685, 37.372946336932671 ], [ 127.146551829809951, 37.372946525478611 ], [ 127.14655164163274, 37.372946712223914 ], [ 127.146551454586259, 37.372946899868829 ], [ 127.146551266410768, 37.372947087515143 ], [ 127.146551079364315, 37.372947275160065 ], [ 127.146550860704565, 37.372947461943141 ], [ 127.146550705209961, 37.372947618914118 ], [ 127.14655048655024, 37.372947805697187 ], [ 127.146550298374763, 37.372947993343502 ], [ 127.146550111268681, 37.372948150353643 ], [ 127.146549891479935, 37.372948337138105 ], [ 127.146274735946747, 37.373196400095892 ], [ 127.146274547768215, 37.373196586840749 ], [ 127.146274330176567, 37.37319674298714 ], [ 127.146274142001516, 37.373196931534039 ], [ 127.146273954890731, 37.373197086741698 ], [ 127.146273767783455, 37.373197243751406 ], [ 127.146273579606671, 37.373197431397287 ], [ 127.146273392495885, 37.373197586604924 ], [ 127.146273172648009, 37.373197743655126 ], [ 127.146272985600206, 37.3731979312996 ], [ 127.146272798491168, 37.373198087408291 ], [ 127.146272579770539, 37.373198243556075 ], [ 127.146272392661487, 37.373198399664744 ], [ 127.146272172813596, 37.373198556714947 ], [ 127.146005486333962, 37.373414024807232 ], [ 127.14600526654425, 37.373414212491696 ], [ 127.146005079434133, 37.37341436859996 ], [ 127.146004860712324, 37.37341452474724 ], [ 127.146004673603926, 37.373414681756522 ], [ 127.146004454880341, 37.373414837002755 ], [ 127.146004236219653, 37.373415024685833 ], [ 127.146004016370554, 37.373415181735531 ], [ 127.146003829258689, 37.373415336942763 ], [ 127.146003611667581, 37.373415493989668 ], [ 127.146003391816762, 37.373415650138341 ], [ 127.146003173094925, 37.373415806285614 ], [ 127.14600295437306, 37.373415962432894 ], [ 127.146002767262942, 37.373416118541151 ], [ 127.146002548541105, 37.373416274688438 ], [ 127.14600232981924, 37.37341643083569 ], [ 127.146002111097403, 37.37341658698297 ], [ 127.146001892377328, 37.373416744031282 ], [ 127.146001673655462, 37.373416900178547 ], [ 127.146001454872518, 37.373417024790029 ], [ 127.146001236150653, 37.373417180937309 ], [ 127.146001017428816, 37.373417337084582 ], [ 127.146000797579717, 37.373417494134266 ], [ 127.146000548314035, 37.373417618783378 ], [ 127.145772673452967, 37.373568618767173 ], [ 127.145772454730192, 37.37356877491402 ], [ 127.145772204395684, 37.373568931099818 ], [ 127.145771986742616, 37.373569056610506 ], [ 127.145771736406346, 37.373569211895294 ], [ 127.145771516556323, 37.373569368944572 ], [ 127.145771267350781, 37.373569525128978 ], [ 127.145771048628006, 37.373569681275818 ], [ 127.145770798234182, 37.373569806826865 ], [ 127.145770547897911, 37.373569962111652 ], [ 127.145770298692369, 37.373570118296051 ], [ 127.145770079910307, 37.373570243808146 ], [ 127.145769829575769, 37.373570399993945 ], [ 127.145769579241232, 37.373570556179757 ], [ 127.145769329976403, 37.37357068172939 ], [ 127.145769079640118, 37.373570837014178 ], [ 127.145768860858055, 37.373570962526266 ], [ 127.145768611652514, 37.373571118710665 ], [ 127.145768361256927, 37.373571243360679 ], [ 127.145768110924124, 37.37357140044751 ], [ 127.145767861657532, 37.373571525096118 ], [ 127.145767611261988, 37.37357164974614 ], [ 127.14576736092917, 37.373571806832963 ], [ 127.145767111662593, 37.373571931481571 ], [ 127.145766861265258, 37.373572055230575 ], [ 127.145766610932455, 37.373572212317391 ], [ 127.145440621501137, 37.373743051751816 ] ] } },
{ "type": "Feature", "properties": { "LINK_ID": "2060002700", "ROAD_NO": "57", "ROAD_NAME": "서현로", "MAX_SPD": 60, "LENGTH": 487.01416414193699, "collDate": "2026-08-16 19:00:00.0", "routeId": "1050000572", "routeNm": "서현로", "linkId": "2060002700", "startNodeId": "2060001300", "startNodeNm": "장안삼거리", "endNodeId": "2060001200", "endNodeNm": "하우케어", "spd": "32", "vol": "0", "trvlTime": "55", "linkDelayTime": "0", "congGrade": "2" }, "geometry": { "type": "LineString", "coordinates": [ [ 127.142413570073899, 37.374458396265851 ], [ 127.142757704600456, 37.374383368100723 ], [ 127.143707579622102, 37.374171462693248 ], [ 127.144173142297888, 37.374053493481419 ], [ 127.144615329157645, 37.373941056281225 ], [ 127.145027611452718, 37.373793712364701 ], [ 127.145262868536534, 37.373700564175834 ], [ 127.14536625568762, 37.373652684816207 ], [ 127.145689047907737, 37.373483493883519 ], [ 127.145911455284391, 37.373336149954149 ], [ 127.146174517761068, 37.373123618484556 ], [ 127.146446517794601, 37.372878431229971 ], [ 127.146800485943075, 37.372496649886749 ], [ 127.146959397614495, 37.372280593545021 ] ] } },
{ "type": "Feature", "properties": { "LINK_ID": "2060002800", "ROAD_NO": "57", "ROAD_NAME": "서현로", "MAX_SPD": 60, "LENGTH": 269.843089659106, "collDate": "2026-08-16 19:00:00.0", "routeId": "1050000572", "routeNm": "서현로", "linkId": "2060002800", "startNodeId": "2060001200", "startNodeNm": "하우케어", "endNodeId": "2060001300", "endNodeNm": "장안삼거리", "spd": "22", "vol": "0", "trvlTime": "45", "linkDelayTime": "0", "congGrade": "3" }, "geometry": { "type": "LineString", "coordinates": [ [ 127.145323088874704, 37.373797435991385 ], [ 127.145086610693099, 37.373891056084346 ], [ 127.145086361363596, 37.373891149195735 ], [ 127.145086079296661, 37.373891244149362 ], [ 127.145085829967158, 37.373891337260744 ], [ 127.145085547959198, 37.373891462849116 ], [ 127.145085298629695, 37.373891555960505 ], [ 127.145085017688274, 37.373891649110689 ], [ 127.145084735621339, 37.373891744064267 ], [ 127.145084486291836, 37.373891837175677 ], [ 127.145084204283876, 37.373891962764034 ], [ 127.144667236059689, 37.374040993919522 ], [ 127.144666953988192, 37.374041087070083 ], [ 127.144666674176435, 37.374041181118898 ], [ 127.144666392106672, 37.374041275170484 ], [ 127.144666111224737, 37.374041399855436 ], [ 127.144665830283955, 37.374041493905644 ], [ 127.144665548151906, 37.374041555520407 ], [ 127.144665267271705, 37.374041681106398 ], [ 127.144664985141361, 37.374041743622186 ], [ 127.144664705329603, 37.374041837670987 ], [ 127.144664423258121, 37.374041930821555 ], [ 127.144664142317353, 37.374042024871741 ], [ 127.144663829764596, 37.374042118960602 ], [ 127.14466358043407, 37.374042212071103 ], [ 127.144663266752332, 37.374042306161336 ], [ 127.144662985751012, 37.374042368675752 ], [ 127.144662704808496, 37.374042461824907 ], [ 127.1446624238677, 37.374042555875107 ], [ 127.144662141737385, 37.374042618390888 ], [ 127.144661830313638, 37.374042712478371 ], [ 127.144661548183294, 37.374042774994152 ], [ 127.144661267242526, 37.374042869044324 ], [ 127.144660954627497, 37.374042930696383 ], [ 127.144660673688435, 37.37404302564758 ], [ 127.144660391556371, 37.374043087262329 ], [ 127.144660111685752, 37.374043150676385 ], [ 127.144214235376893, 37.374156525101768 ], [ 127.144214173281867, 37.374156525177497 ], [ 127.143747454527613, 37.374274805906836 ], [ 127.143747173584813, 37.374274899954848 ], [ 127.143746892581845, 37.374274962467091 ], [ 127.143746610449867, 37.374275024980683 ], [ 127.143746329446898, 37.374275087492904 ], [ 127.143746016831855, 37.374275150043552 ], [ 127.143745767440947, 37.374275212517354 ], [ 127.143745485308983, 37.374275275030946 ], [ 127.143745173822936, 37.374275337580229 ], [ 127.14279398628554, 37.374487556626143 ], [ 127.142793798928651, 37.374487587487174 ], [ 127.142793610442794, 37.374487618349569 ], [ 127.142439342108233, 37.374564869171145 ] ] } },
{ "type": "Feature", "properties": { "LINK_ID": "2060002900", "ROAD_NO": "57", "ROAD_NAME": "서현로", "MAX_SPD": 60, "LENGTH": 310.96259928318398, "collDate": "2026-08-16 19:00:00.0", "routeId": "1050000572", "routeNm": "서현로", "linkId": "2060002900", "startNodeId": "2060001400", "startNodeNm": "서당삼거리", "endNodeId": "2060001300", "endNodeNm": "장안삼거리", "spd": "22", "vol": "0", "trvlTime": "51", "linkDelayTime": "0", "congGrade": "3" }, "geometry": { "type": "LineString", "coordinates": [ [ 127.139567422549661, 37.376197329868361 ], [ 127.139664829557816, 37.376111118962413 ], [ 127.139665704295211, 37.376110368277168 ], [ 127.140463111284689, 37.375430774149784 ], [ 127.140463361520503, 37.375430555804684 ], [ 127.140505673939145, 37.375394869126858 ], [ 127.1407300794816, 37.375204524901072 ], [ 127.140732172858407, 37.375202805958502 ], [ 127.140734392802841, 37.375201149937013 ], [ 127.140736672760099, 37.375199587550611 ], [ 127.140953173879382, 37.375059243844134 ], [ 127.140955048082375, 37.375058055862233 ], [ 127.14095701724051, 37.375056930838831 ], [ 127.14139342426958, 37.374812868395686 ], [ 127.141395985736011, 37.374811524608916 ], [ 127.141398611674362, 37.374810243816697 ], [ 127.141804736128535, 37.374624524951727 ], [ 127.141808048196651, 37.374623087450502 ], [ 127.141811485937353, 37.374621837211599 ], [ 127.141814985951441, 37.374620681505512 ], [ 127.142212892349292, 37.374503618348577 ], [ 127.142215329770536, 37.37450296307594 ], [ 127.142217767305709, 37.37450236817174 ], [ 127.142282786311355, 37.374487587135597 ] ] } },
{ "type": "Feature", "properties": { "LINK_ID": "2060003000", "ROAD_NO": "57", "ROAD_NAME": "서현로", "MAX_SPD": 60, "LENGTH": 302.93549016108898, "collDate": "2026-08-16 19:00:00.0", "routeId": "1050000572", "routeNm": "서현로", "linkId": "2060003000", "startNodeId": "2060001300", "startNodeNm": "장안삼거리", "endNodeId": "2060001400", "endNodeNm": "서당삼거리", "spd": "41", "vol": "0", "trvlTime": "27", "linkDelayTime": "0", "congGrade": "2" }, "geometry": { "type": "LineString", "coordinates": [ [ 127.142304453327995, 37.374595069744714 ], [ 127.142257361599874, 37.3746057752927 ], [ 127.141867172932052, 37.374720586690295 ], [ 127.14146864212799, 37.374902837650993 ], [ 127.141036735995911, 37.375144369429364 ], [ 127.140825641953342, 37.375281243310688 ], [ 127.140604298068254, 37.375469025166119 ], [ 127.140604142497196, 37.375469150593474 ], [ 127.140561861580295, 37.37550477509793 ], [ 127.139765017218195, 37.376183899783946 ], [ 127.139667180810292, 37.376270501358121 ] ] } },
{ "type": "Feature", "properties": { "LINK_ID": "2060003200", "ROAD_NO": "57", "ROAD_NAME": "서현로", "MAX_SPD": 60, "LENGTH": 213.67708671113701, "collDate": "2026-08-16 19:00:00.0", "routeId": "1050000572", "routeNm": "서현로", "linkId": "2060003200", "startNodeId": "2060001400", "startNodeNm": "서당삼거리", "endNodeId": "2060001500", "endNodeNm": "리틀예꼬어린이집", "spd": "37", "vol": "0", "trvlTime": "21", "linkDelayTime": "0", "congGrade": "2" }, "geometry": { "type": "LineString", "coordinates": [ [ 127.139574505391465, 37.376349379265562 ], [ 127.138995922781945, 37.376856274695555 ], [ 127.137977141940496, 37.377792024080598 ] ] } },
{ "type": "Feature", "properties": { "LINK_ID": "2060003300", "ROAD_NO": "57", "ROAD_NAME": "서현로", "MAX_SPD": 60, "LENGTH": 455.01329966792002, "collDate": "2026-08-16 19:00:00.0", "routeId": "1050000572", "routeNm": "서현로", "linkId": "2060003300", "startNodeId": "2060001600", "startNodeNm": "서당사거리", "endNodeId": "2060001500", "endNodeNm": "리틀예꼬어린이집", "spd": "43", "vol": "0", "trvlTime": "39", "linkDelayTime": "0", "congGrade": "2" }, "geometry": { "type": "LineString", "coordinates": [ [ 127.136046481264074, 37.379329192757744 ], [ 127.136450767455926, 37.37896318117167 ], [ 127.136451673816993, 37.378962399839189 ], [ 127.137778453392443, 37.377808300852664 ], [ 127.137874868199646, 37.377721110691255 ], [ 127.138894173777572, 37.376784868225556 ], [ 127.138895235607237, 37.376783930814319 ], [ 127.139474759940271, 37.376276207194024 ] ] } },
{ "type": "Feature", "properties": { "LINK_ID": "2060003400", "ROAD_NO": "57", "ROAD_NAME": "서현로", "MAX_SPD": 60, "LENGTH": 227.94886769826499, "collDate": "2026-08-16 19:00:00.0", "routeId": "1050000572", "routeNm": "서현로", "linkId": "2060003400", "startNodeId": "2060001500", "startNodeNm": "리틀예꼬어린이집", "endNodeId": "2060001600", "endNodeNm": "서당사거리", "spd": "37", "vol": "0", "trvlTime": "23", "linkDelayTime": "0", "congGrade": "2" }, "geometry": { "type": "LineString", "coordinates": [ [ 127.137878293997005, 37.377881396751057 ], [ 127.136551986205788, 37.379035086793401 ], [ 127.136147419806079, 37.379401318619799 ] ] } },
{ "type": "Feature", "properties": { "LINK_ID": "2060003500", "ROAD_NO": "57", "ROAD_NAME": "서현로", "MAX_SPD": 60, "LENGTH": 250.04242268174599, "collDate": "2026-08-16 19:00:00.0", "routeId": "1050000572", "routeNm": "서현로", "linkId": "2060003500", "startNodeId": "2060001900", "startNodeNm": "안골입구사거리", "endNodeId": "2060001600", "endNodeNm": "서당사거리", "spd": "39", "vol": "0", "trvlTime": "24", "linkDelayTime": "0", "congGrade": "2" }, "geometry": { "type": "LineString", "coordinates": [ [ 127.132192114409278, 37.382768084783912 ], [ 127.132667891776052, 37.382367368476352 ], [ 127.133915110530708, 37.381237931744899 ], [ 127.13391551752639, 37.381237587093032 ], [ 127.134078796154441, 37.381092414077031 ] ] } },
{ "type": "Feature", "properties": { "LINK_ID": "2060003600", "ROAD_NO": "57", "ROAD_NAME": "서현로", "MAX_SPD": 60, "LENGTH": 250.053642983213, "collDate": "2026-08-16 19:00:00.0", "routeId": "1050000572", "routeNm": "서현로", "linkId": "2060003600", "startNodeId": "2060001600", "startNodeNm": "서당사거리", "endNodeId": "2060001900", "endNodeNm": "안골입구사거리", "spd": "18", "vol": "0", "trvlTime": "51", "linkDelayTime": "0", "congGrade": "3" }, "geometry": { "type": "LineString", "coordinates": [ [ 127.136057790660587, 37.379482445197574 ], [ 127.135250610961407, 37.380212399435656 ], [ 127.135250422684621, 37.380212556429115 ], [ 127.135250235591926, 37.380212744056003 ], [ 127.134179639546517, 37.381164639964226 ] ] } },
{ "type": "Feature", "properties": { "LINK_ID": "2060003900", "ROAD_NO": "57", "ROAD_NAME": "서현로", "MAX_SPD": 60, "LENGTH": 170.67215153554801, "collDate": "2026-08-16 19:00:00.0", "routeId": "1050000572", "routeNm": "서현로", "linkId": "2060003900", "startNodeId": "2060002000", "startNodeNm": "새마을연수원입구삼거리", "endNodeId": "2060001900", "endNodeNm": "안골입구사거리", "spd": "24", "vol": "0", "trvlTime": "26", "linkDelayTime": "0", "congGrade": "2" }, "geometry": { "type": "LineString", "coordinates": [ [ 127.13059411615275, 37.383787980308156 ], [ 127.130941204939717, 37.383644337382378 ], [ 127.131688141557873, 37.383202681441368 ], [ 127.132099229924293, 37.382846858299182 ] ] } },
{ "type": "Feature", "properties": { "LINK_ID": "2060004000", "ROAD_NO": "57", "ROAD_NAME": "서현로", "MAX_SPD": 60, "LENGTH": 174.692238095128, "collDate": "2026-08-16 19:00:00.0", "routeId": "1050000572", "routeNm": "서현로", "linkId": "2060004000", "startNodeId": "2060001900", "startNodeNm": "안골입구사거리", "endNodeId": "2060002000", "endNodeNm": "새마을연수원입구삼거리", "spd": "30", "vol": "0", "trvlTime": "21", "linkDelayTime": "0", "congGrade": "2" }, "geometry": { "type": "LineString", "coordinates": [ [ 127.132197635185364, 37.382921202775428 ], [ 127.131783423318936, 37.38327974344697 ], [ 127.131783236154789, 37.383279899532567 ], [ 127.131783047863109, 37.383280056520441 ], [ 127.131782861828142, 37.383280212604781 ], [ 127.131782673534872, 37.383280368691651 ], [ 127.131782486370753, 37.383280524777248 ], [ 127.131782298077496, 37.383280680864104 ], [ 127.131782110914926, 37.38328083785072 ], [ 127.13178192374923, 37.383280993035306 ], [ 127.131781736586689, 37.383281150021929 ], [ 127.131781548293404, 37.383281306108778 ], [ 127.131781361130862, 37.383281463095393 ], [ 127.131781172782411, 37.383281587646493 ], [ 127.131780955131561, 37.383281743766084 ], [ 127.13178076683829, 37.383281899852946 ], [ 127.131780579674157, 37.383282055938523 ], [ 127.131780392511587, 37.383282212925138 ], [ 127.131780173676418, 37.383282337510217 ], [ 127.131779986512285, 37.383282493595821 ], [ 127.131779798219014, 37.383282649682663 ], [ 127.13177957944059, 37.383282806704521 ], [ 127.131779392221262, 37.383282931254357 ], [ 127.131779205057114, 37.383283087339954 ], [ 127.131778986277126, 37.38328324346076 ], [ 127.131778797928661, 37.383283368011867 ], [ 127.131778579150236, 37.383283525033718 ], [ 127.131778393115226, 37.383283681118051 ], [ 127.131778173152469, 37.383283806605384 ], [ 127.131777985986773, 37.383283961789957 ], [ 127.131777767153153, 37.38328408727606 ], [ 127.131777548373137, 37.383284243396872 ], [ 127.131777361155372, 37.383284368847725 ], [ 127.13177714237537, 37.383284524968559 ], [ 127.131776954026904, 37.383284649519638 ], [ 127.131776736377603, 37.383284806540225 ], [ 127.131776517542406, 37.383284931125303 ], [ 127.131776329249121, 37.383285087212144 ], [ 127.131776110413924, 37.383285211797194 ], [ 127.131775892709442, 37.38328533728204 ], [ 127.131775672745107, 37.38328546186834 ], [ 127.131775453966654, 37.383285618890191 ], [ 127.13177523626058, 37.383285743473998 ], [ 127.13177504904283, 37.383285868924851 ], [ 127.13177482913369, 37.383286025046921 ], [ 127.131774611427588, 37.383286149630713 ], [ 127.131774392593982, 37.383286275116816 ], [ 127.131774173758757, 37.383286399701866 ], [ 127.131773954925123, 37.383286525187955 ], [ 127.131017518037865, 37.383733774930604 ], [ 127.131017298072507, 37.383733900416509 ], [ 127.13101707923478, 37.383734025000187 ], [ 127.131016861526135, 37.383734149582587 ], [ 127.131016642689957, 37.383734275067248 ], [ 127.131016422723022, 37.383734399652162 ], [ 127.131016205015982, 37.38373452513558 ], [ 127.131015986178227, 37.383734649719244 ], [ 127.131015767342021, 37.383734775203919 ], [ 127.131015548504266, 37.383734899787562 ], [ 127.13101532966806, 37.383735025272237 ], [ 127.131015110830262, 37.383735149855887 ], [ 127.131014891939202, 37.383735243804807 ], [ 127.131014642614531, 37.383735368422236 ], [ 127.131014423778325, 37.383735493906904 ], [ 127.131014204940556, 37.383735618490547 ], [ 127.13101398610435, 37.383735743975222 ], [ 127.131013735595644, 37.38373583705814 ], [ 127.13101351788859, 37.383735962541557 ], [ 127.131013299050835, 37.383736087125207 ], [ 127.131013048545256, 37.383736182010168 ], [ 127.131012829707501, 37.383736306593796 ], [ 127.131012610869703, 37.383736431177468 ], [ 127.131012391978643, 37.383736525126366 ], [ 127.131012142653944, 37.383736649743788 ], [ 127.131011923817738, 37.383736775228464 ], [ 127.131011673309033, 37.383736868311374 ], [ 127.131011454417944, 37.383736962260301 ], [ 127.131011203964121, 37.383737086878959 ], [ 127.13101098620217, 37.383737180826628 ], [ 127.131010735748333, 37.383737305445287 ], [ 127.131010516858836, 37.38373740029521 ], [ 127.131010299150176, 37.383737524877588 ], [ 127.131010048643049, 37.383737618861545 ], [ 127.131009798134343, 37.383737711944455 ], [ 127.131009580427261, 37.383737837427859 ], [ 127.131009329918555, 37.383737930510769 ], [ 127.131009111029044, 37.383738025360714 ], [ 127.131008860520339, 37.38373811844361 ], [ 127.131008611197217, 37.38373824396205 ], [ 127.131008392304551, 37.383738337009923 ], [ 127.1306564973452, 37.383883960618654 ] ] } },
{ "type": "Feature", "properties": { "LINK_ID": "2060004100", "ROAD_NO": "57", "ROAD_NAME": "서현로", "MAX_SPD": 60, "LENGTH": 421.54240797027899, "collDate": "2026-08-16 19:00:00.0", "routeId": "1050000572", "routeNm": "서현로", "linkId": "2060004100", "startNodeId": "2060002100", "startNodeNm": "이매사거리", "endNodeId": "2060002000", "endNodeNm": "새마을연수원입구삼거리", "spd": "24", "vol": "0", "trvlTime": "64", "linkDelayTime": "0", "congGrade": "2" }, "geometry": { "type": "LineString", "coordinates": [ [ 127.126838994705523, 37.386101755533488 ], [ 127.126924391920014, 37.386024305633491 ], [ 127.126925517211333, 37.38602333762811 ], [ 127.128209797953332, 37.384914899486752 ], [ 127.12821045417023, 37.38491433743792 ], [ 127.128963048478681, 37.384282930856308 ], [ 127.128965892355893, 37.384280681504151 ], [ 127.128968892269043, 37.384278556322982 ], [ 127.128972048273624, 37.384276587749547 ], [ 127.128975329881044, 37.384274774916044 ], [ 127.12897873596367, 37.384273118724728 ], [ 127.128982267703137, 37.384271649809101 ], [ 127.129651204533886, 37.384009618893266 ], [ 127.12965498595112, 37.384008243390191 ], [ 127.12965886028266, 37.384007056098973 ], [ 127.12966286032507, 37.384006086717427 ], [ 127.130493620850118, 37.38382113089051 ] ] } },
{ "type": "Feature", "properties": { "LINK_ID": "2060004200", "ROAD_NO": "57", "ROAD_NAME": "서현로", "MAX_SPD": 60, "LENGTH": 417.55556805089702, "collDate": "2026-08-16 19:00:00.0", "routeId": "1050000572", "routeNm": "서현로", "linkId": "2060004200", "startNodeId": "2060002000", "startNodeNm": "새마을연수원입구삼거리", "endNodeId": "2060002100", "endNodeNm": "이매사거리", "spd": "30", "vol": "0", "trvlTime": "51", "linkDelayTime": "0", "congGrade": "2" }, "geometry": { "type": "LineString", "coordinates": [ [ 127.130530037235147, 37.383925282533923 ], [ 127.129705267615265, 37.38410886858901 ], [ 127.129052891636746, 37.384364430409612 ], [ 127.128308954599476, 37.384988556004217 ], [ 127.127025579532855, 37.38609624368349 ], [ 127.126918623370358, 37.386193236080778 ] ] } },
{ "type": "Feature", "properties": { "LINK_ID": "2060004301", "ROAD_NO": "23", "ROAD_NAME": "대왕판교로", "MAX_SPD": 40, "LENGTH": 235.183659644382, "collDate": "2026-08-16 19:00:00.0", "routeId": "1050000234", "routeNm": "밤고개로/대왕판교로/신수로", "linkId": "2060004301", "startNodeId": "2060062800", "startNodeNm": "백현고가도로", "endNodeId": "2060062400", "endNodeNm": "백현1교차로", "spd": "15", "vol": "0", "trvlTime": "57", "linkDelayTime": "0", "congGrade": "3" }, "geometry": { "type": "LineString", "coordinates": [ [ 127.102420884009717, 37.383781711712878 ], [ 127.102331592480667, 37.383586245506955 ], [ 127.102132834706623, 37.381681827144114 ] ] } },
{ "type": "Feature", "properties": { "LINK_ID": "2060004302", "ROAD_NO": "23", "ROAD_NAME": "대왕판교로", "MAX_SPD": 60, "LENGTH": 255.61377276882601, "collDate": "2026-08-16 19:00:00.0", "routeId": "1050000234", "routeNm": "밤고개로/대왕판교로/신수로", "linkId": "2060004302", "startNodeId": "2060002400", "startNodeNm": "판교파출소삼거리", "endNodeId": "2060062800", "endNodeNm": "백현고가도로", "spd": "47", "vol": "0", "trvlTime": "20", "linkDelayTime": "0", "congGrade": "2" }, "geometry": { "type": "LineString", "coordinates": [ [ 127.101535452831499, 37.388310213260475 ], [ 127.101555148910307, 37.388249413747161 ], [ 127.101728485235981, 37.387730920723847 ], [ 127.101949515316036, 37.387146453937817 ], [ 127.101997412248679, 37.386992871107708 ], [ 127.102024013781616, 37.386901150146507 ], [ 127.102090404880542, 37.386589744333733 ], [ 127.1021832211282, 37.386070067082983 ] ] } },
{ "type": "Feature", "properties": { "LINK_ID": "2060004401", "ROAD_NO": "23", "ROAD_NAME": "대왕판교로", "MAX_SPD": 40, "LENGTH": 239.87839677919499, "collDate": "2026-08-16 19:00:00.0", "routeId": "1050000234", "routeNm": "밤고개로/대왕판교로/신수로", "linkId": "2060004401", "startNodeId": "2060062400", "startNodeNm": "백현1교차로", "endNodeId": "2060062800", "endNodeNm": "백현고가도로", "spd": "41", "vol": "0", "trvlTime": "22", "linkDelayTime": "0", "congGrade": "1" }, "geometry": { "type": "LineString", "coordinates": [ [ 127.102422569288365, 37.38162343830372 ], [ 127.102625849427341, 37.383574270341178 ], [ 127.102578831954148, 37.383774582350938 ] ] } },
{ "type": "Feature", "properties": { "LINK_ID": "2060004402", "ROAD_NO": "23", "ROAD_NAME": "대왕판교로", "MAX_SPD": 60, "LENGTH": 258.76872376899001, "collDate": "2026-08-16 19:00:00.0", "routeId": "1050000234", "routeNm": "밤고개로/대왕판교로/신수로", "linkId": "2060004402", "startNodeId": "2060062800", "startNodeNm": "백현고가도로", "endNodeId": "2060002400", "endNodeNm": "판교파출소삼거리", "spd": "32", "vol": "0", "trvlTime": "30", "linkDelayTime": "0", "congGrade": "2" }, "geometry": { "type": "LineString", "coordinates": [ [ 127.102578831954148, 37.383774582350938 ], [ 127.102605264860543, 37.383984497220652 ], [ 127.102618373035554, 37.384170824706317 ], [ 127.102618633962635, 37.384362292859656 ], [ 127.102610317522604, 37.384546931483932 ], [ 127.102593435438038, 37.38473670435603 ], [ 127.102567980517634, 37.384923066172803 ], [ 127.102536100584672, 37.385111143691475 ], [ 127.102372398162217, 37.386039565600676 ], [ 127.102362517519154, 37.386091646342273 ] ] } },
{ "type": "Feature", "properties": { "LINK_ID": "2060004500", "ROAD_NO": "57", "ROAD_NAME": "서현로", "MAX_SPD": 60, "LENGTH": 216.52306777785299, "collDate": "2026-08-16 19:00:00.0", "routeId": "1050000572", "routeNm": "서현로", "linkId": "2060004500", "startNodeId": "2060002200", "startNodeNm": "한신아파트삼거리", "endNodeId": "2060002100", "endNodeNm": "이매사거리", "spd": "38", "vol": "0", "trvlTime": "21", "linkDelayTime": "0", "congGrade": "2" }, "geometry": { "type": "LineString", "coordinates": [ [ 127.125036000364105, 37.38773233108612 ], [ 127.125708704515517, 37.387126431573869 ], [ 127.126653869948569, 37.386269619368029 ] ] } },
{ "type": "Feature", "properties": { "LINK_ID": "2060004600", "ROAD_NO": "57", "ROAD_NAME": "서현로", "MAX_SPD": 60, "LENGTH": 213.91979102612501, "collDate": "2026-08-16 19:00:00.0", "routeId": "1050000572", "routeNm": "서현로", "linkId": "2060004600", "startNodeId": "2060002100", "startNodeNm": "이매사거리", "endNodeId": "2060002200", "endNodeNm": "한신아파트삼거리", "spd": "26", "vol": "0", "trvlTime": "30", "linkDelayTime": "0", "congGrade": "2" }, "geometry": { "type": "LineString", "coordinates": [ [ 127.126735877452077, 37.386358924530072 ], [ 127.125810329849273, 37.387197931386595 ], [ 127.125810204716146, 37.387198055860871 ], [ 127.125137427220722, 37.387804028050937 ] ] } },
{ "type": "Feature", "properties": { "LINK_ID": "2060004700", "ROAD_NO": "57", "ROAD_NAME": "서현로", "MAX_SPD": 60, "LENGTH": 158.47590853175601, "collDate": "2026-08-16 19:00:00.0", "routeId": "1050000572", "routeNm": "서현로", "linkId": "2060004700", "startNodeId": "2060002500", "startNodeNm": "금강어린이집", "endNodeId": "2060002200", "endNodeNm": "한신아파트삼거리", "spd": "30", "vol": "0", "trvlTime": "20", "linkDelayTime": "0", "congGrade": "2" }, "geometry": { "type": "LineString", "coordinates": [ [ 127.123766720083083, 37.38888712663293 ], [ 127.124352048930589, 37.388348962560158 ], [ 127.124352485317445, 37.388348587275864 ], [ 127.124946200312777, 37.387813286289493 ] ] } },
{ "type": "Feature", "properties": { "LINK_ID": "2060004800", "ROAD_NO": "57", "ROAD_NAME": "서현로", "MAX_SPD": 60, "LENGTH": 158.69592708388001, "collDate": "2026-08-16 19:00:00.0", "routeId": "1050000572", "routeNm": "서현로", "linkId": "2060004800", "startNodeId": "2060002200", "startNodeNm": "한신아파트삼거리", "endNodeId": "2060002500", "endNodeNm": "금강어린이집", "spd": "39", "vol": "0", "trvlTime": "15", "linkDelayTime": "0", "congGrade": "2" }, "geometry": { "type": "LineString", "coordinates": [ [ 127.125047672848979, 37.387884940142861 ], [ 127.124454174201986, 37.388420055735303 ], [ 127.123866559528906, 37.388960275716904 ] ] } },
{ "type": "Feature", "properties": { "LINK_ID": "2060005300", "ROAD_NO": "57", "ROAD_NAME": "서현로", "MAX_SPD": 60, "LENGTH": 157.28149718199899, "collDate": "2026-08-16 19:00:00.0", "routeId": "1050000572", "routeNm": "서현로", "linkId": "2060005300", "startNodeId": "2060002700", "startNodeNm": "양현사거리", "endNodeId": "2060002500", "endNodeNm": "금강어린이집", "spd": "30", "vol": "0", "trvlTime": "19", "linkDelayTime": "0", "congGrade": "2" }, "geometry": { "type": "LineString", "coordinates": [ [ 127.122472082865286, 37.39000854545381 ], [ 127.122507735987881, 37.389984618899014 ], [ 127.122839142048207, 37.389711837465335 ], [ 127.123364953838177, 37.389256774722128 ], [ 127.123677853179657, 37.388968838708863 ] ] } },
{ "type": "Feature", "properties": { "LINK_ID": "2060005400", "ROAD_NO": "57", "ROAD_NAME": "서현로", "MAX_SPD": 60, "LENGTH": 159.85543557885799, "collDate": "2026-08-16 19:00:00.0", "routeId": "1050000572", "routeNm": "서현로", "linkId": "2060005400", "startNodeId": "2060002500", "startNodeNm": "금강어린이집", "endNodeId": "2060002700", "endNodeNm": "양현사거리", "spd": "39", "vol": "0", "trvlTime": "15", "linkDelayTime": "0", "congGrade": "2" }, "geometry": { "type": "LineString", "coordinates": [ [ 127.123777776428852, 37.389041965617153 ], [ 127.123466673504453, 37.389328243086403 ], [ 127.123466548365428, 37.389328368459182 ], [ 127.123466392735722, 37.389328492962768 ], [ 127.123466267596697, 37.389328618335554 ], [ 127.123466142457644, 37.389328743708326 ], [ 127.123465985698715, 37.389328868213099 ], [ 127.123465860559691, 37.389328993585885 ], [ 127.123465704929984, 37.389329118089456 ], [ 127.123465579790945, 37.389329243462242 ], [ 127.123465422981752, 37.389329337332306 ], [ 127.123465297842728, 37.389329462705085 ], [ 127.122936986102928, 37.389786650395557 ], [ 127.122602642310824, 37.39006183727146 ], [ 127.122602548736481, 37.390061931074811 ], [ 127.122602423493547, 37.390061994276216 ], [ 127.122602328788503, 37.390062087179707 ], [ 127.122602236293517, 37.39006215034717 ], [ 127.122602142719217, 37.390062244150506 ], [ 127.122602017524699, 37.390062337085624 ], [ 127.122601923950356, 37.390062430888968 ], [ 127.122601829196896, 37.390062494058746 ], [ 127.122601735621089, 37.390062586961086 ], [ 127.122601610428049, 37.390062680797207 ], [ 127.12260151680384, 37.390062743965842 ], [ 127.122601392740023, 37.390062837800791 ], [ 127.122601299112858, 37.390062899167376 ], [ 127.122601204410742, 37.390062993872917 ], [ 127.122601080295581, 37.390063056172139 ], [ 127.122600985590552, 37.390063149075637 ], [ 127.122600892017687, 37.390063243779991 ], [ 127.122600766773274, 37.390063306080407 ], [ 127.122600673198932, 37.390063399883729 ], [ 127.122600579573245, 37.390063462151332 ], [ 127.122600455509428, 37.390063555986295 ], [ 127.122600360805848, 37.390063649790797 ], [ 127.12260023556145, 37.390063712091205 ], [ 127.122600141987121, 37.390063805894542 ], [ 127.122600016744173, 37.390063869095947 ], [ 127.122599923168366, 37.390063961998273 ], [ 127.122599799053205, 37.390064024297494 ], [ 127.122599705480312, 37.390064119001856 ], [ 127.122599610725402, 37.390064181270645 ], [ 127.122599485530884, 37.390064274205734 ], [ 127.122599391906647, 37.390064337374376 ], [ 127.122599266713578, 37.39006443121049 ], [ 127.122599142598418, 37.390064493509726 ], [ 127.122599049024075, 37.390064587313041 ], [ 127.122598955398402, 37.390064649580658 ], [ 127.122598830206798, 37.390064744317804 ], [ 127.122598735450396, 37.390064805685562 ], [ 127.122598610257327, 37.39006489952169 ], [ 127.122598516633118, 37.390064962690317 ], [ 127.122598392567824, 37.390065055624241 ], [ 127.122598267324875, 37.39006511882566 ], [ 127.122598173750518, 37.39006521262899 ], [ 127.122598048506106, 37.390065274929391 ], [ 127.122597954931763, 37.390065368732728 ], [ 127.122597829687351, 37.390065431033115 ], [ 127.122597736063142, 37.390065494201743 ], [ 127.122597610868596, 37.390065587136846 ], [ 127.122550516041173, 37.390097191103372 ] ] } },
{ "type": "Feature", "properties": { "LINK_ID": "2060005701", "ROAD_NO": "57", "ROAD_NAME": "서현로", "MAX_SPD": 60, "LENGTH": 34.216274369852002, "collDate": "2026-08-16 19:00:00.0", "routeId": "1050000572", "routeNm": "서현로", "linkId": "2060005701", "startNodeId": "2060002700", "startNodeNm": "양현사거리", "endNodeId": "2060002701", "endNodeNm": "양현교", "spd": "22", "vol": "0", "trvlTime": "6", "linkDelayTime": "0", "congGrade": "3" }, "geometry": { "type": "LineString", "coordinates": [ [ 127.122446199778736, 37.390166819033922 ], [ 127.122222830065908, 37.39031527536504 ], [ 127.122220330244588, 37.390316869154212 ], [ 127.122146547198369, 37.390361350329592 ] ] } },
{ "type": "Feature", "properties": { "LINK_ID": "2060005702", "ROAD_NO": "57", "ROAD_NAME": "서현로", "MAX_SPD": 60, "LENGTH": 130.022289692144, "collDate": "2026-08-16 19:00:00.0", "routeId": "1050000572", "routeNm": "서현로", "linkId": "2060005702", "startNodeId": "2060002701", "startNodeNm": "양현교", "endNodeId": "2060003101", "endNodeNm": "양현교", "spd": "22", "vol": "0", "trvlTime": "22", "linkDelayTime": "0", "congGrade": "3" }, "geometry": { "type": "LineString", "coordinates": [ [ 127.122146547198369, 37.390361350329592 ], [ 127.120975004655534, 37.391067532158303 ] ] } },
{ "type": "Feature", "properties": { "LINK_ID": "2060005703", "ROAD_NO": "57", "ROAD_NAME": "서현로", "MAX_SPD": 60, "LENGTH": 66.936608410920002, "collDate": "2026-08-16 19:00:00.0", "routeId": "1050000572", "routeNm": "서현로", "linkId": "2060005703", "startNodeId": "2060003101", "startNodeNm": "양현교", "endNodeId": "2060003100", "endNodeNm": "매송사거리", "spd": "22", "vol": "0", "trvlTime": "11", "linkDelayTime": "0", "congGrade": "3" }, "geometry": { "type": "LineString", "coordinates": [ [ 127.120975004655534, 37.391067532158303 ], [ 127.120860892142886, 37.391136337861596 ], [ 127.120858736136043, 37.391137587079911 ], [ 127.120357889798939, 37.391415689769879 ] ] } },
{ "type": "Feature", "properties": { "LINK_ID": "2060005801", "ROAD_NO": "57", "ROAD_NAME": "서현로", "MAX_SPD": 60, "LENGTH": 34.612793676153998, "collDate": "2026-08-16 19:00:00.0", "routeId": "1050000572", "routeNm": "서현로", "linkId": "2060005801", "startNodeId": "2060002701", "startNodeNm": "양현교", "endNodeId": "2060002700", "endNodeNm": "양현사거리", "spd": "13", "vol": "0", "trvlTime": "10", "linkDelayTime": "0", "congGrade": "3" }, "geometry": { "type": "LineString", "coordinates": [ [ 127.122064851448357, 37.390275074077095 ], [ 127.122137361351221, 37.39023136856612 ], [ 127.122367850996568, 37.390078164356908 ] ] } },
{ "type": "Feature", "properties": { "LINK_ID": "2060005802", "ROAD_NO": "57", "ROAD_NAME": "서현로", "MAX_SPD": 60, "LENGTH": 130.02205636564, "collDate": "2026-08-16 19:00:00.0", "routeId": "1050000572", "routeNm": "서현로", "linkId": "2060005802", "startNodeId": "2060003101", "startNodeNm": "양현교", "endNodeId": "2060002701", "endNodeNm": "양현교", "spd": "13", "vol": "0", "trvlTime": "37", "linkDelayTime": "0", "congGrade": "3" }, "geometry": { "type": "LineString", "coordinates": [ [ 127.120893330740898, 37.390981274075635 ], [ 127.122064851448357, 37.390275074077095 ] ] } },
{ "type": "Feature", "properties": { "LINK_ID": "2060005803", "ROAD_NO": "57", "ROAD_NAME": "서현로", "MAX_SPD": 60, "LENGTH": 62.733216082013001, "collDate": "2026-08-16 19:00:00.0", "routeId": "1050000572", "routeNm": "서현로", "linkId": "2060005803", "startNodeId": "2060003100", "startNodeNm": "매송사거리", "endNodeId": "2060003101", "endNodeNm": "양현교", "spd": "13", "vol": "0", "trvlTime": "18", "linkDelayTime": "0", "congGrade": "3" }, "geometry": { "type": "LineString", "coordinates": [ [ 127.120315113299355, 37.391307727014613 ], [ 127.120780267097047, 37.391049431045538 ], [ 127.120893330740898, 37.390981274075635 ] ] } },
{ "type": "Feature", "properties": { "LINK_ID": "2060005901", "ROAD_NO": "57", "ROAD_NAME": "안양판교로", "MAX_SPD": 60, "LENGTH": 238.62235270065301, "collDate": "2026-08-16 19:00:00.0", "routeId": "1050000571", "routeNm": "안양판교로/관악대로", "linkId": "2060005901", "startNodeId": "2060064200", "startNodeNm": "운중교차로", "endNodeId": "2060002800", "endNodeNm": "운중IC", "spd": "29", "vol": "0", "trvlTime": "30", "linkDelayTime": "0", "congGrade": "2" }, "geometry": { "type": "LineString", "coordinates": [ [ 127.063260859794099, 37.391161740569729 ], [ 127.062966671472097, 37.391120592905089 ], [ 127.062016486003486, 37.391005024401849 ], [ 127.062016298520973, 37.391004992964376 ], [ 127.06186576679525, 37.390975305629091 ], [ 127.061004610813626, 37.390805462439907 ], [ 127.060866985729589, 37.390782275259731 ], [ 127.060619277200416, 37.39074605699674 ] ] } },
{ "type": "Feature", "properties": { "LINK_ID": "2060006001", "ROAD_NO": "57", "ROAD_NAME": "안양판교로", "MAX_SPD": 60, "LENGTH": 250.055997141457, "collDate": "2026-08-16 19:00:00.0", "routeId": "1050000571", "routeNm": "안양판교로/관악대로", "linkId": "2060006001", "startNodeId": "2060002800", "startNodeNm": "운중IC", "endNodeId": "2060064200", "endNodeNm": "운중교차로", "spd": "60", "vol": "0", "trvlTime": "15", "linkDelayTime": "0", "congGrade": "1" }, "geometry": { "type": "LineString", "coordinates": [ [ 127.060518407306205, 37.390621391809979 ], [ 127.060892298981585, 37.390676055980194 ], [ 127.060892516952578, 37.390676087403754 ], [ 127.060892704433073, 37.390676117941972 ], [ 127.060892891915017, 37.39067615028226 ], [ 127.060893111015275, 37.390676181705231 ], [ 127.060893298496481, 37.390676213144481 ], [ 127.060893517596014, 37.39067624366642 ], [ 127.060893703947997, 37.390676275106259 ], [ 127.060893892558454, 37.39067630654494 ], [ 127.060894110529446, 37.3906763379685 ], [ 127.061033767230796, 37.390699868259702 ], [ 127.061033923093092, 37.390699899715045 ], [ 127.061034110574425, 37.390699931154089 ], [ 127.061034329699652, 37.390699993211541 ], [ 127.06103451715542, 37.390699993114794 ], [ 127.061034673018426, 37.390700025471176 ], [ 127.061034892143653, 37.390700087528629 ], [ 127.061035079624986, 37.390700118967658 ], [ 127.061035267106348, 37.390700150406687 ], [ 127.061035422968615, 37.390700181862051 ], [ 127.061035642068276, 37.39070021238372 ], [ 127.061035829549638, 37.390700243822756 ], [ 127.061036017030958, 37.390700275261779 ], [ 127.061898266307622, 37.390870337502946 ], [ 127.062048735727117, 37.39090002483016 ], [ 127.063290407336197, 37.39103739084532 ] ] } },
{ "type": "Feature", "properties": { "LINK_ID": "2060007102", "ROAD_NO": "57", "ROAD_NAME": "안양판교로", "MAX_SPD": 60, "LENGTH": 257.81887666553399, "collDate": "2026-08-16 19:00:00.0", "routeId": "1050000571", "routeNm": "안양판교로/관악대로", "linkId": "2060007102", "startNodeId": "2060002800", "startNodeNm": "운중IC", "endNodeId": "2060002801", "endNodeNm": "장모밥상", "spd": "29", "vol": "0", "trvlTime": "33", "linkDelayTime": "0", "congGrade": "2" }, "geometry": { "type": "LineString", "coordinates": [ [ 127.060436332931133, 37.39071930646498 ], [ 127.059812454514756, 37.390628055487774 ], [ 127.058230891281397, 37.390437149577153 ], [ 127.057559624201616, 37.39036349141238 ] ] } },
{ "type": "Feature", "properties": { "LINK_ID": "2060007201", "ROAD_NO": "57", "ROAD_NAME": "안양판교로", "MAX_SPD": 60, "LENGTH": 444.75180226752599, "collDate": "2026-08-16 19:00:00.0", "routeId": "1050000571", "routeNm": "안양판교로/관악대로", "linkId": "2060007201", "startNodeId": "2260004500", "startNodeNm": "성남시분당구-의왕시", "endNodeId": "2060002801", "endNodeNm": "장모밥상", "spd": "60", "vol": "0", "trvlTime": "26", "linkDelayTime": "0", "congGrade": "1" }, "geometry": { "type": "LineString", "coordinates": [ [ 127.038213248299584, 37.393317245788602 ], [ 127.038424985894608, 37.39328136928853 ], [ 127.038425704059591, 37.393281243813036 ], [ 127.038426423354323, 37.393281119238203 ], [ 127.038427111044541, 37.393281025308418 ], [ 127.038538422754172, 37.393265119376451 ], [ 127.038774830093502, 37.393224431212623 ], [ 127.038775486146406, 37.393224305755382 ], [ 127.038776142216008, 37.393224212734943 ], [ 127.038776798285156, 37.393224118813471 ], [ 127.039047486483128, 37.393184212658667 ], [ 127.039048236266225, 37.393184087168954 ], [ 127.039048954446073, 37.393183994126503 ], [ 127.039145955039899, 37.393171493706994 ], [ 127.039400423173674, 37.3931321498453 ], [ 127.039858048757864, 37.393058525312227 ], [ 127.039858548982551, 37.393058431437275 ], [ 127.039859079697536, 37.393058336651052 ], [ 127.04008948586177, 37.393024180293047 ], [ 127.040191266688623, 37.39300808772181 ], [ 127.040418361356387, 37.392969493411805 ], [ 127.040663141962796, 37.392919149559781 ], [ 127.04066379912264, 37.392918993456917 ], [ 127.040664485660443, 37.392918867978715 ], [ 127.040665142837312, 37.392918743411627 ], [ 127.040900517113982, 37.39287636914262 ], [ 127.041148173274962, 37.392829962561422 ], [ 127.041148829320463, 37.392829837091014 ], [ 127.041149485366461, 37.392829712521618 ], [ 127.041150142558493, 37.392829618586589 ], [ 127.04166689140817, 37.392745462341566 ], [ 127.041904173134668, 37.392703212445895 ], [ 127.042127236019724, 37.392661337460453 ], [ 127.042183142303855, 37.392649368170495 ], [ 127.042183579283673, 37.392649275209308 ], [ 127.042183985772411, 37.39264918135796 ], [ 127.04239873584919, 37.392605556336513 ], [ 127.042444580051352, 37.392595399783325 ], [ 127.042445361425493, 37.392595243625969 ], [ 127.042446141670368, 37.392595087469005 ], [ 127.042446923043983, 37.392594930410631 ], [ 127.042447704418635, 37.392594775154286 ], [ 127.042448485810539, 37.392594650532679 ], [ 127.042449267201931, 37.392594525010061 ], [ 127.042450080213698, 37.392594400377092 ], [ 127.04245086047581, 37.392594274854872 ], [ 127.042451673504857, 37.392594180856669 ], [ 127.042452454896733, 37.392594056235033 ], [ 127.042505985902636, 37.392587555950463 ], [ 127.042506736821622, 37.392587462875234 ], [ 127.042507517118679, 37.39258739952318 ], [ 127.042508266908357, 37.39258730644832 ], [ 127.042509016714845, 37.392587243107215 ], [ 127.042509798142191, 37.392587181556785 ], [ 127.042510547966486, 37.392587149751421 ], [ 127.042511298902738, 37.392587087310915 ], [ 127.042512080347421, 37.392587056395229 ], [ 127.042512830171688, 37.392587024589872 ], [ 127.042513610487063, 37.39258699367457 ], [ 127.042514391931689, 37.392586962758863 ], [ 127.042515141773791, 37.392586962489275 ], [ 127.042515892745683, 37.392586963120301 ], [ 127.042570923589238, 37.392586743294721 ], [ 127.042623236617416, 37.392581181359937 ], [ 127.042767110498275, 37.392553650029946 ], [ 127.042767548605624, 37.392553556165147 ], [ 127.042959955274128, 37.392517837466862 ], [ 127.042960485963903, 37.392517712031925 ], [ 127.042961079911805, 37.392517619010832 ], [ 127.04307623589898, 37.392497837517503 ], [ 127.043076923576223, 37.392497743560661 ], [ 127.043077610106664, 37.392497618969458 ], [ 127.043078330532978, 37.392497525000671 ], [ 127.043079017080956, 37.392497431044227 ], [ 127.043125022576234, 37.392491133272763 ] ] } },
{ "type": "Feature", "properties": { "LINK_ID": "2060007202", "ROAD_NO": "57", "ROAD_NAME": "안양판교로", "MAX_SPD": 60, "LENGTH": 247.07154933451599, "collDate": "2026-08-16 19:00:00.0", "routeId": "1050000571", "routeNm": "안양판교로/관악대로", "linkId": "2060007202", "startNodeId": "2060002801", "startNodeNm": "장모밥상", "endNodeId": "2060002800", "endNodeNm": "운중IC", "spd": "60", "vol": "0", "trvlTime": "15", "linkDelayTime": "0", "congGrade": "1" }, "geometry": { "type": "LineString", "coordinates": [ [ 127.057578081772363, 37.390256369349807 ], [ 127.058249797881558, 37.390330087048973 ], [ 127.058250266567512, 37.390330149889685 ], [ 127.058250704739436, 37.390330181209649 ], [ 127.059833766697366, 37.390521275315983 ], [ 127.059834454484488, 37.390521368674328 ], [ 127.059835142271567, 37.390521462032694 ], [ 127.059835830059399, 37.390521556292057 ], [ 127.060335430294046, 37.390594630731826 ] ] } },
{ "type": "Feature", "properties": { "LINK_ID": "2060007300", "ROAD_NO": "1", "ROAD_NAME": "경부고속도로", "MAX_SPD": 110, "LENGTH": 56.701589449789999, "collDate": "2026-08-16 19:05:01.0", "routeId": "1010000011", "routeNm": "경부고속도로", "linkId": "2060007300", "startNodeId": "2060002900", "startNodeNm": "판교IC남측", "endNodeId": "2060004100", "endNodeNm": "판교IC", "spd": "92", "vol": "34", "trvlTime": "3", "linkDelayTime": "0", "congGrade": "1" }, "geometry": { "type": "LineString", "coordinates": [ [ 127.101883415273775, 37.391139544621879 ], [ 127.101801734318585, 37.391646264432957 ] ] } },
{ "type": "Feature", "properties": { "LINK_ID": "2060007400", "ROAD_NO": "1", "ROAD_NAME": "경부고속도로", "MAX_SPD": 110, "LENGTH": 146.76016832961099, "collDate": "2026-08-16 19:05:01.0", "routeId": "1010000011", "routeNm": "경부고속도로", "linkId": "2060007400", "startNodeId": "2060004100", "startNodeNm": "판교IC", "endNodeId": "2060002900", "endNodeNm": "판교IC남측", "spd": "91", "vol": "72", "trvlTime": "6", "linkDelayTime": "0", "congGrade": "1" }, "geometry": { "type": "LineString", "coordinates": [ [ 127.101322542461119, 37.393395835366285 ], [ 127.10139292395634, 37.392771525308198 ], [ 127.101503943087863, 37.392081678673769 ] ] } },
{ "type": "Feature", "properties": { "LINK_ID": "2060009700", "ROAD_NO": "1", "ROAD_NAME": "경부고속도로", "MAX_SPD": 60, "LENGTH": 426.37410468321002, "collDate": "2026-08-16 18:55:00.0", "routeId": "1010001001", "routeNm": "수도권 제1순환고속도로", "linkId": "2060009700", "startNodeId": "2060004900", "startNodeNm": "판교JC남측", "endNodeId": "2060060200", "endNodeNm": "-", "spd": "60", "vol": "0", "trvlTime": "24", "linkDelayTime": "0", "congGrade": "1" }, "geometry": { "type": "LineString", "coordinates": [ [ 127.098202436252478, 37.402153748260453 ], [ 127.098927736015426, 37.401184649207515 ], [ 127.099037516917178, 37.400928962007995 ], [ 127.09917292372279, 37.400671962042431 ], [ 127.099241642056668, 37.400531431614709 ], [ 127.099301173682704, 37.400376399718283 ], [ 127.099336361750744, 37.400244212005013 ], [ 127.099409454081751, 37.399922837464807 ], [ 127.099438173032553, 37.399667025144886 ], [ 127.099442579774575, 37.399508805735515 ], [ 127.099436798680344, 37.399307244058974 ], [ 127.099411767339802, 37.399085993227828 ], [ 127.099394671064445, 37.398833050400647 ], [ 127.099399779960251, 37.398536027153646 ] ] } },
{ "type": "Feature", "properties": { "LINK_ID": "2060010200", "ROAD_NO": "1", "ROAD_NAME": "경부고속도로", "MAX_SPD": 110, "LENGTH": 510.67155652796998, "collDate": "2026-08-16 19:05:01.0", "routeId": "1010000011", "routeNm": "경부고속도로", "linkId": "2060010200", "startNodeId": "2060004900", "startNodeNm": "판교JC남측", "endNodeId": "2060004100", "endNodeNm": "판교IC", "spd": "91", "vol": "72", "trvlTime": "21", "linkDelayTime": "0", "congGrade": "1" }, "geometry": { "type": "LineString", "coordinates": [ [ 127.098202436252478, 37.402153748260453 ], [ 127.098772182212812, 37.40168266354226 ], [ 127.099329891951882, 37.401004442158147 ], [ 127.09952057068962, 37.400750732735347 ], [ 127.09988171495938, 37.400148036228259 ], [ 127.100099185596861, 37.399592904442464 ], [ 127.100259805283045, 37.398961048012339 ], [ 127.100372515651372, 37.398440940595322 ], [ 127.100451009099189, 37.398028155639153 ] ] } },
{ "type": "Feature", "properties": { "LINK_ID": "2060010300", "ROAD_NO": "1", "ROAD_NAME": "경부고속도로", "MAX_SPD": 110, "LENGTH": 519.59355035417695, "collDate": "2026-08-16 19:05:01.0", "routeId": "1010000011", "routeNm": "경부고속도로", "linkId": "2060010300", "startNodeId": "2060004100", "startNodeNm": "판교IC", "endNodeId": "2060004900", "endNodeNm": "판교JC남측", "spd": "92", "vol": "34", "trvlTime": "21", "linkDelayTime": "0", "congGrade": "1" }, "geometry": { "type": "LineString", "coordinates": [ [ 127.101457686557879, 37.393414921654717 ], [ 127.100755798141762, 37.397335680411587 ], [ 127.100692579195339, 37.397641181426792 ], [ 127.100617881370411, 37.398048305434152 ] ] } },
{ "type": "Feature", "properties": { "LINK_ID": "2060010600", "ROAD_NO": "100", "ROAD_NAME": "수도권제1순환고속도로", "MAX_SPD": 60, "LENGTH": 588.25676080328401, "collDate": "2026-08-16 19:00:00.0", "routeId": "1010000011", "routeNm": "경부고속도로", "linkId": "2060010600", "startNodeId": "2060004900", "startNodeNm": "판교JC남측", "endNodeId": "2040000200", "endNodeNm": "판교JC", "spd": "60", "vol": "0", "trvlTime": "36", "linkDelayTime": "0", "congGrade": "1" }, "geometry": { "type": "LineString", "coordinates": [ [ 127.098409657108064, 37.402283285320877 ], [ 127.097890422869582, 37.402780056179473 ], [ 127.097852298395196, 37.402816181722137 ], [ 127.097214891977941, 37.403420868842765 ], [ 127.096990954795302, 37.403786899516447 ], [ 127.096758547917787, 37.404563992996259 ], [ 127.096865548491721, 37.405357180786041 ], [ 127.096993204694314, 37.405542868309205 ], [ 127.097184610491325, 37.405948149499444 ], [ 127.097369486868885, 37.406159055956785 ], [ 127.097543048400681, 37.406341555981399 ], [ 127.097705110579156, 37.406500774780547 ], [ 127.097826829220949, 37.406607930661416 ], [ 127.097862891694021, 37.406638400346843 ], [ 127.0979113911756, 37.406679399855037 ], [ 127.098006173062387, 37.406750962331543 ], [ 127.098133236678052, 37.406830505150339 ] ] } },
{ "type": "Feature", "properties": { "LINK_ID": "2060010700", "ROAD_NO": "1", "ROAD_NAME": "경부고속도로", "MAX_SPD": 60, "LENGTH": 607.74421894941497, "collDate": "2026-08-16 19:00:00.0", "routeId": "1010001001", "routeNm": "수도권 제1순환고속도로", "linkId": "2060010700", "startNodeId": "2040000200", "startNodeNm": "판교JC", "endNodeId": "2060004900", "endNodeNm": "판교JC남측", "spd": "60", "vol": "0", "trvlTime": "35", "linkDelayTime": "0", "congGrade": "1" }, "geometry": { "type": "LineString", "coordinates": [ [ 127.098062872335007, 37.406990779844527 ], [ 127.09778898611107, 37.406998493777969 ], [ 127.097596110488311, 37.406980649862462 ], [ 127.097359985576205, 37.406970774734646 ], [ 127.097025954124092, 37.406965556701422 ], [ 127.096772517254664, 37.406993212177483 ], [ 127.096611142440878, 37.40699914942072 ], [ 127.096229392071308, 37.40705849376549 ], [ 127.095847955017874, 37.407117774453035 ], [ 127.095211703534176, 37.407219931686861 ], [ 127.094745079799097, 37.40718652548636 ], [ 127.094086705153259, 37.40694290003519 ], [ 127.093563892221368, 37.406506994144948 ], [ 127.093203079930774, 37.406092711646181 ], [ 127.093011642114277, 37.405676462221351 ], [ 127.093012922809635, 37.405627930462146 ], [ 127.093026798299192, 37.405105274626045 ], [ 127.09302948466717, 37.405004072695782 ] ] } },
{ "type": "Feature", "properties": { "LINK_ID": "2060010800", "ROAD_NO": "100", "ROAD_NAME": "수도권제1순환고속도로", "MAX_SPD": 100, "LENGTH": 808.24323155974503, "collDate": "2026-08-16 19:05:01.0", "routeId": "1010001001", "routeNm": "수도권 제1순환고속도로", "linkId": "2060010800", "startNodeId": "2040000100", "startNodeNm": "판교JC", "endNodeId": "2040000200", "endNodeNm": "판교JC", "spd": "95", "vol": "37", "trvlTime": "31", "linkDelayTime": "0", "congGrade": "1" }, "geometry": { "type": "LineString", "coordinates": [ [ 127.089699723699383, 37.404045732509779 ], [ 127.090745424353599, 37.404435774762781 ], [ 127.090936954285397, 37.404501056111052 ], [ 127.09113036118157, 37.404565899607668 ], [ 127.091324580182544, 37.4046295564169 ], [ 127.091518392257996, 37.404692680718192 ], [ 127.091712141765072, 37.404754244182129 ], [ 127.091904891454803, 37.404816274833493 ], [ 127.092096329293128, 37.404878525139573 ], [ 127.092286078971156, 37.404940835919845 ], [ 127.092474860437463, 37.405002680423493 ], [ 127.092576235837072, 37.405035837930953 ], [ 127.092662454528622, 37.405064025489168 ], [ 127.092845267388483, 37.405121305904238 ], [ 127.093029829971144, 37.405181243570169 ], [ 127.093213673304021, 37.405240212016423 ], [ 127.093396204446947, 37.405298244151496 ], [ 127.093577329910772, 37.405356462726743 ], [ 127.09375739130148, 37.40541436831252 ], [ 127.09393604786689, 37.405472244104779 ], [ 127.094113392331082, 37.405529275513771 ], [ 127.094287830179255, 37.405585712498592 ], [ 127.094289267459715, 37.405586181684981 ], [ 127.094463766916988, 37.405642900379725 ], [ 127.094636986467123, 37.405699243214251 ], [ 127.094809391728248, 37.405755431471789 ], [ 127.094981266967579, 37.405811181106202 ], [ 127.09515292423599, 37.405866744154316 ], [ 127.09532442398536, 37.40592258729685 ], [ 127.095495579339669, 37.405978306127267 ], [ 127.095666672865676, 37.406034056295034 ], [ 127.095838204207681, 37.406089275158791 ], [ 127.096009954561865, 37.406144212476875 ], [ 127.096181641755251, 37.406199024354429 ], [ 127.096353579336949, 37.406254243940083 ], [ 127.096525079289933, 37.406309743849576 ], [ 127.096696517610638, 37.406366306763744 ], [ 127.09686792355302, 37.406422962260244 ], [ 127.097039580017025, 37.406479243378598 ], [ 127.097211641457676, 37.406534931042906 ], [ 127.097384079877131, 37.406590212686602 ], [ 127.097556986396427, 37.406644806213613 ], [ 127.097658516946225, 37.406677461860653 ], [ 127.097729610841341, 37.406700306146419 ], [ 127.097902548907442, 37.406757056182656 ], [ 127.098133236678052, 37.406830505150339 ] ] } },
{ "type": "Feature", "properties": { "LINK_ID": "2060010900", "ROAD_NO": "100", "ROAD_NAME": "수도권제1순환고속도로", "MAX_SPD": 100, "LENGTH": 809.97969531270996, "collDate": "2026-08-16 19:05:01.0", "routeId": "1010001001", "routeNm": "수도권 제1순환고속도로", "linkId": "2060010900", "startNodeId": "2040000200", "startNodeNm": "판교JC", "endNodeId": "2040000100", "endNodeNm": "판교JC", "spd": "97", "vol": "34", "trvlTime": "31", "linkDelayTime": "0", "congGrade": "1" }, "geometry": { "type": "LineString", "coordinates": [ [ 127.098062872335007, 37.406990779844527 ], [ 127.097310736403429, 37.406743899693993 ], [ 127.094354953923002, 37.40576868138664 ], [ 127.09264139198568, 37.40520327486103 ], [ 127.090439017490823, 37.404476524812402 ], [ 127.089617824777307, 37.404184934729969 ] ] } },
{ "type": "Feature", "properties": { "LINK_ID": "2060011200", "ROAD_NO": "100", "ROAD_NAME": "수도권제1순환고속도로", "MAX_SPD": 40, "LENGTH": 608.12434930463201, "collDate": "2026-08-16 19:00:00.0", "routeId": "1010001001", "routeNm": "수도권 제1순환고속도로", "linkId": "2060011200", "startNodeId": "2060004900", "startNodeNm": "판교JC남측", "endNodeId": "2040000100", "endNodeNm": "판교JC", "spd": "40", "vol": "0", "trvlTime": "33", "linkDelayTime": "0", "congGrade": "1" }, "geometry": { "type": "LineString", "coordinates": [ [ 127.098409657108064, 37.402283285320877 ], [ 127.097223579762868, 37.403413087694169 ], [ 127.096990954795302, 37.403786899516447 ], [ 127.096758547917787, 37.404563992996259 ], [ 127.096865548491721, 37.405357180786041 ], [ 127.096696799374627, 37.405948369247383 ], [ 127.096330079366922, 37.406359305814874 ], [ 127.095933267609581, 37.406596368767772 ], [ 127.095484924081418, 37.406728805916146 ], [ 127.095362660907185, 37.406764921504241 ] ] } },
{ "type": "Feature", "properties": { "LINK_ID": "2060011300", "ROAD_NO": "1", "ROAD_NAME": "경부고속도로", "MAX_SPD": 60, "LENGTH": 834.01879511406503, "collDate": "2026-08-16 19:00:00.0", "routeId": "1010001001", "routeNm": "수도권 제1순환고속도로", "linkId": "2060011300", "startNodeId": "2040000100", "startNodeNm": "판교JC", "endNodeId": "2060004900", "endNodeNm": "판교JC남측", "spd": "60", "vol": "0", "trvlTime": "47", "linkDelayTime": "0", "congGrade": "1" }, "geometry": { "type": "LineString", "coordinates": [ [ 127.089699723699383, 37.404045732509779 ], [ 127.090199767330446, 37.404088055999523 ], [ 127.091588392067848, 37.404279056341508 ], [ 127.091699923960945, 37.404281244070717 ], [ 127.091954361382477, 37.404286212017176 ], [ 127.092157641848715, 37.404271368017689 ], [ 127.0923592361126, 37.404256650227744 ], [ 127.092760422619236, 37.404120618159858 ], [ 127.09317951690862, 37.403907587426509 ], [ 127.093562517214579, 37.403728056680585 ], [ 127.093847829122268, 37.403631118628859 ], [ 127.094236892276967, 37.403567618811081 ], [ 127.094550049228758, 37.403590306088454 ], [ 127.095490142683616, 37.403608743239957 ], [ 127.095892174076312, 37.40360843138923 ], [ 127.096428048402146, 37.403485806381966 ], [ 127.097550454567099, 37.402637243357646 ], [ 127.098202436252478, 37.402153748260453 ] ] } },
{ "type": "Feature", "properties": { "LINK_ID": "2060013800", "ROAD_NO": "61", "ROAD_NAME": "분당수서로", "MAX_SPD": 50, "LENGTH": 458.77237927197302, "collDate": "2026-08-16 19:00:00.0", "routeId": "1020000651", "routeNm": "분당수서로", "linkId": "2060013800", "startNodeId": "2450042800", "startNodeNm": "농수산물센터사거리", "endNodeId": "2060006000", "endNodeNm": "대게전문점", "spd": "43", "vol": "0", "trvlTime": "39", "linkDelayTime": "0", "congGrade": "1" }, "geometry": { "type": "LineString", "coordinates": [ [ 127.108920156123546, 37.335869711130741 ], [ 127.106470829883321, 37.337496275049716 ], [ 127.104800533264978, 37.338361883262252 ] ] } },
{ "type": "Feature", "properties": { "LINK_ID": "2060013900", "ROAD_NO": "61", "ROAD_NAME": "분당수서로", "MAX_SPD": 50, "LENGTH": 453.28452169281297, "collDate": "2026-08-16 19:00:00.0", "routeId": "1020000651", "routeNm": "분당수서로", "linkId": "2060013900", "startNodeId": "2060006000", "startNodeNm": "대게전문점", "endNodeId": "2450042800", "endNodeNm": "농수산물센터사거리", "spd": "22", "vol": "0", "trvlTime": "75", "linkDelayTime": "0", "congGrade": "2" }, "geometry": { "type": "LineString", "coordinates": [ [ 127.104726817056019, 37.338271195766232 ], [ 127.106392860904336, 37.337407806323746 ], [ 127.108798237511593, 37.33581003810864 ] ] } },
{ "type": "Feature", "properties": { "LINK_ID": "2060016400", "ROAD_NO": "61", "ROAD_NAME": "분당수서로", "MAX_SPD": 50, "LENGTH": 152.57517371582401, "collDate": "2026-08-16 19:00:00.0", "routeId": "1020000651", "routeNm": "분당수서로", "linkId": "2060016400", "startNodeId": "2060006200", "startNodeNm": "오리유통센터", "endNodeId": "2060006000", "endNodeNm": "대게전문점", "spd": "22", "vol": "0", "trvlTime": "25", "linkDelayTime": "0", "congGrade": "2" }, "geometry": { "type": "LineString", "coordinates": [ [ 127.104411442024244, 37.33964050970534 ], [ 127.104423328938509, 37.338464712793645 ], [ 127.104612036615634, 37.338334853628332 ] ] } },
{ "type": "Feature", "properties": { "LINK_ID": "2060016500", "ROAD_NO": "61", "ROAD_NAME": "분당수서로", "MAX_SPD": 50, "LENGTH": 141.69332341088199, "collDate": "2026-08-16 19:00:00.0", "routeId": "1020000651", "routeNm": "분당수서로", "linkId": "2060016500", "startNodeId": "2060006000", "startNodeNm": "대게전문점", "endNodeId": "2060006200", "endNodeNm": "오리유통센터", "spd": "43", "vol": "0", "trvlTime": "12", "linkDelayTime": "0", "congGrade": "1" }, "geometry": { "type": "LineString", "coordinates": [ [ 127.10470044431213, 37.338416758130073 ], [ 127.104558235526042, 37.338514618853971 ], [ 127.104546848060394, 37.339641382331038 ] ] } },
{ "type": "Feature", "properties": { "LINK_ID": "2060017200", "ROAD_NO": "61", "ROAD_NAME": "분당수서로", "MAX_SPD": 50, "LENGTH": 313.70975672741099, "collDate": "2026-08-16 19:00:00.0", "routeId": "1020000651", "routeNm": "분당수서로", "linkId": "2060017200", "startNodeId": "2060007600", "startNodeNm": "경기고속삼거리", "endNodeId": "2060006200", "endNodeNm": "오리유통센터", "spd": "47", "vol": "0", "trvlTime": "25", "linkDelayTime": "0", "congGrade": "1" }, "geometry": { "type": "LineString", "coordinates": [ [ 127.104398241384274, 37.342575197447545 ], [ 127.104404485591175, 37.342318150494634 ], [ 127.104403892197709, 37.342196024534232 ], [ 127.104398798405583, 37.341132399250483 ], [ 127.10440923596488, 37.339865587675305 ], [ 127.10441037067649, 37.339748668122681 ] ] } },
{ "type": "Feature", "properties": { "LINK_ID": "2060017300", "ROAD_NO": "61", "ROAD_NAME": "분당수서로", "MAX_SPD": 50, "LENGTH": 313.849465616923, "collDate": "2026-08-16 19:00:00.0", "routeId": "1020000651", "routeNm": "분당수서로", "linkId": "2060017300", "startNodeId": "2060006200", "startNodeNm": "오리유통센터", "endNodeId": "2060007600", "endNodeNm": "경기고속삼거리", "spd": "42", "vol": "0", "trvlTime": "27", "linkDelayTime": "0", "congGrade": "1" }, "geometry": { "type": "LineString", "coordinates": [ [ 127.104545776761029, 37.339749505806672 ], [ 127.104544642332641, 37.339866369130718 ], [ 127.104534205053696, 37.341132556302185 ], [ 127.104539329316509, 37.342195618408283 ], [ 127.104539891934394, 37.342318994123403 ], [ 127.104533617235205, 37.342577293696529 ] ] } },
{ "type": "Feature", "properties": { "LINK_ID": "2060021800", "ROAD_NO": "61", "ROAD_NAME": "분당수서로", "MAX_SPD": 90, "LENGTH": 178.56414808959099, "collDate": "2026-08-16 19:00:00.0", "routeId": "1020000651", "routeNm": "분당수서로", "linkId": "2060021800", "startNodeId": "2060008600", "startNodeNm": "속성변화점", "endNodeId": "2060007600", "endNodeNm": "경기고속삼거리", "spd": "37", "vol": "0", "trvlTime": "18", "linkDelayTime": "0", "congGrade": "2" }, "geometry": { "type": "LineString", "coordinates": [ [ 127.104162397240245, 37.344272768478092 ], [ 127.104181570891683, 37.344174877212019 ], [ 127.104296943808663, 37.343549562840494 ], [ 127.104321667280615, 37.342843645256906 ], [ 127.104395050019718, 37.342682380543025 ] ] } },
{ "type": "Feature", "properties": { "LINK_ID": "2060021900", "ROAD_NO": "61", "ROAD_NAME": "분당수서로", "MAX_SPD": 50, "LENGTH": 181.624364056372, "collDate": "2026-08-16 19:00:00.0", "routeId": "1020000651", "routeNm": "분당수서로", "linkId": "2060021900", "startNodeId": "2060007600", "startNodeNm": "경기고속삼거리", "endNodeId": "2060008600", "endNodeNm": "속성변화점", "spd": "50", "vol": "0", "trvlTime": "10", "linkDelayTime": "0", "congGrade": "1" }, "geometry": { "type": "LineString", "coordinates": [ [ 127.104530431494467, 37.342685404461221 ], [ 127.104592407542455, 37.342849699739993 ], [ 127.104567215899735, 37.343568391851527 ], [ 127.104449370008339, 37.344207365571215 ], [ 127.104429972900292, 37.344306226090161 ] ] } },
{ "type": "Feature", "properties": { "LINK_ID": "2060022000", "ROAD_NO": "61", "ROAD_NAME": "분당수서로", "MAX_SPD": 80, "LENGTH": 594.55568826520403, "collDate": "2026-08-16 19:00:00.0", "routeId": "1020000651", "routeNm": "분당수서로", "linkId": "2060022000", "startNodeId": "2060012300", "startNodeNm": "티맥스타워", "endNodeId": "2060007600", "endNodeNm": "경기고속삼거리", "spd": "72", "vol": "0", "trvlTime": "30", "linkDelayTime": "0", "congGrade": "1" }, "geometry": { "type": "LineString", "coordinates": [ [ 127.10426654082697, 37.353384138895535 ], [ 127.104200102889493, 37.350095916764559 ], [ 127.104186301031788, 37.349390473915676 ], [ 127.104017961124811, 37.348172466207181 ], [ 127.103989520222726, 37.348036818611256 ] ] } },
{ "type": "Feature", "properties": { "LINK_ID": "2060022100", "ROAD_NO": "61", "ROAD_NAME": "분당수서로", "MAX_SPD": 50, "LENGTH": 596.35334257667, "collDate": "2026-08-16 19:00:00.0", "routeId": "1020000651", "routeNm": "분당수서로", "linkId": "2060022100", "startNodeId": "2060007600", "startNodeNm": "경기고속삼거리", "endNodeId": "2060012300", "endNodeNm": "티맥스타워", "spd": "73", "vol": "0", "trvlTime": "30", "linkDelayTime": "0", "congGrade": "1" }, "geometry": { "type": "LineString", "coordinates": [ [ 127.104530431494467, 37.342685404461221 ], [ 127.104499661413868, 37.34356368960038 ], [ 127.104382414010288, 37.344199250526735 ], [ 127.104363087405318, 37.344297851019803 ], [ 127.104089876257106, 37.345691025526591 ], [ 127.103982803920005, 37.346517040935808 ], [ 127.103973434361748, 37.347305232504574 ], [ 127.104123099660086, 37.348018967539403 ] ] } },
{ "type": "Feature", "properties": { "LINK_ID": "2060033600", "ROAD_NO": "61", "ROAD_NAME": "분당수서로", "MAX_SPD": 60, "LENGTH": 362.234400755347, "collDate": "2026-08-16 19:00:00.0", "routeId": "1020000651", "routeNm": "분당수서로", "linkId": "2060033600", "startNodeId": "2060012300", "startNodeNm": "티맥스타워", "endNodeId": "2060011200", "endNodeNm": "금곡육교", "spd": "11", "vol": "0", "trvlTime": "119", "linkDelayTime": "0", "congGrade": "3" }, "geometry": { "type": "LineString", "coordinates": [ [ 127.10426654082697, 37.353384138895535 ], [ 127.104195592680995, 37.353225146469796 ], [ 127.104133082062603, 37.350130495177694 ] ] } },
{ "type": "Feature", "properties": { "LINK_ID": "2060033700", "ROAD_NO": "61", "ROAD_NAME": "분당수서로", "MAX_SPD": 60, "LENGTH": 361.92734398033798, "collDate": "2026-08-16 19:00:00.0", "routeId": "1020000651", "routeNm": "분당수서로", "linkId": "2060033700", "startNodeId": "2060011200", "startNodeNm": "금곡육교", "endNodeId": "2060012300", "endNodeNm": "티맥스타워", "spd": "48", "vol": "0", "trvlTime": "28", "linkDelayTime": "0", "congGrade": "1" }, "geometry": { "type": "LineString", "coordinates": [ [ 127.10440396311354, 37.350129777479808 ], [ 127.104466453681979, 37.353221653088738 ], [ 127.10440195173112, 37.353382395188554 ] ] } },
{ "type": "Feature", "properties": { "LINK_ID": "2060037000", "ROAD_NO": "61", "ROAD_NAME": "분당수서로", "MAX_SPD": 80, "LENGTH": 343.46930357888601, "collDate": "2026-08-16 19:00:00.0", "routeId": "1020000651", "routeNm": "분당수서로", "linkId": "2060037000", "startNodeId": "2060012300", "startNodeNm": "티맥스타워", "endNodeId": "2060012700", "endNodeNm": "신세계빌라", "spd": "61", "vol": "0", "trvlTime": "21", "linkDelayTime": "0", "congGrade": "2" }, "geometry": { "type": "LineString", "coordinates": [ [ 127.104402484856237, 37.353490665942012 ], [ 127.104365138712879, 37.356585274630753 ] ] } },
{ "type": "Feature", "properties": { "LINK_ID": "2060037100", "ROAD_NO": "61", "ROAD_NAME": "분당수서로", "MAX_SPD": 80, "LENGTH": 343.46623940809201, "collDate": "2026-08-16 19:00:00.0", "routeId": "1020000651", "routeNm": "분당수서로", "linkId": "2060037100", "startNodeId": "2060012700", "startNodeNm": "신세계빌라", "endNodeId": "2060012300", "endNodeNm": "티맥스타워", "spd": "30", "vol": "0", "trvlTime": "42", "linkDelayTime": "0", "congGrade": "3" }, "geometry": { "type": "LineString", "coordinates": [ [ 127.104246360887643, 37.356584761659612 ], [ 127.104267336800547, 37.353490082272643 ] ] } },
{ "type": "Feature", "properties": { "LINK_ID": "2060038000", "ROAD_NO": "61", "ROAD_NAME": "분당수서로", "MAX_SPD": 60, "LENGTH": 352.52759917481001, "collDate": "2026-08-16 19:00:00.0", "routeId": "1020000651", "routeNm": "분당수서로", "linkId": "2060038000", "startNodeId": "2060012700", "startNodeNm": "신세계빌라", "endNodeId": "2060013200", "endNodeNm": "GS주유소금곡", "spd": "38", "vol": "0", "trvlTime": "34", "linkDelayTime": "0", "congGrade": "2" }, "geometry": { "type": "LineString", "coordinates": [ [ 127.104363902431174, 37.356693400451988 ], [ 127.104329601163229, 37.359869650700595 ] ] } },
{ "type": "Feature", "properties": { "LINK_ID": "2060038100", "ROAD_NO": "61", "ROAD_NAME": "분당수서로", "MAX_SPD": 60, "LENGTH": 352.52759916839699, "collDate": "2026-08-16 19:00:00.0", "routeId": "1020000651", "routeNm": "분당수서로", "linkId": "2060038100", "startNodeId": "2060013200", "startNodeNm": "GS주유소금곡", "endNodeId": "2060012700", "endNodeNm": "신세계빌라", "spd": "54", "vol": "0", "trvlTime": "24", "linkDelayTime": "0", "congGrade": "1" }, "geometry": { "type": "LineString", "coordinates": [ [ 127.104211070797433, 37.359868834443695 ], [ 127.104245401083446, 37.356692584386899 ] ] } },
{ "type": "Feature", "properties": { "LINK_ID": "2060038200", "ROAD_NO": "61", "ROAD_NAME": "분당수서로", "MAX_SPD": 80, "LENGTH": 530.63611855257602, "collDate": "2026-08-16 19:00:00.0", "routeId": "1020000651", "routeNm": "분당수서로", "linkId": "2060038200", "startNodeId": "2060018100", "startNodeNm": "정자지하차도", "endNodeId": "2060012700", "endNodeNm": "신세계빌라", "spd": "67", "vol": "0", "trvlTime": "29", "linkDelayTime": "0", "congGrade": "1" }, "geometry": { "type": "LineString", "coordinates": [ [ 127.104651552171845, 37.366189320707413 ], [ 127.10459114208949, 37.366060712417834 ], [ 127.104600622439165, 37.365971539823924 ], [ 127.104685548448728, 37.365172712570946 ], [ 127.104674892846617, 37.364808493809889 ], [ 127.104612110449139, 37.364373805908578 ], [ 127.104297142201716, 37.362913712813402 ], [ 127.104176360850673, 37.362242119142131 ], [ 127.104141830353157, 37.36193761870787 ], [ 127.104136742736031, 37.361452693946383 ] ] } },
{ "type": "Feature", "properties": { "LINK_ID": "2060038300", "ROAD_NO": "61", "ROAD_NAME": "분당수서로", "MAX_SPD": 80, "LENGTH": 529.23152291790495, "collDate": "2026-08-16 19:00:00.0", "routeId": "1020000651", "routeNm": "분당수서로", "linkId": "2060038300", "startNodeId": "2060012700", "startNodeNm": "신세계빌라", "endNodeId": "2060018100", "endNodeNm": "정자지하차도", "spd": "74", "vol": "0", "trvlTime": "26", "linkDelayTime": "0", "congGrade": "1" }, "geometry": { "type": "LineString", "coordinates": [ [ 127.104363902431174, 37.356693400451988 ], [ 127.104450041587725, 37.356854483120976 ], [ 127.104419329317324, 37.359924337431281 ], [ 127.104416079574463, 37.360317899927921 ], [ 127.104414766616486, 37.360529618117305 ], [ 127.104439898036077, 37.361447527421923 ] ] } },
{ "type": "Feature", "properties": { "LINK_ID": "2060040200", "ROAD_NO": "61", "ROAD_NAME": "분당수서로", "MAX_SPD": 60, "LENGTH": 385.55823388283, "collDate": "2026-08-16 19:00:00.0", "routeId": "1020000651", "routeNm": "분당수서로", "linkId": "2060040200", "startNodeId": "2060013200", "startNodeNm": "GS주유소금곡", "endNodeId": "2060015800", "endNodeNm": "분당정자로서단", "spd": "36", "vol": "0", "trvlTime": "39", "linkDelayTime": "0", "congGrade": "2" }, "geometry": { "type": "LineString", "coordinates": [ [ 127.104328432338704, 37.359977774216219 ], [ 127.104325547653559, 37.360244368599915 ], [ 127.104324704827917, 37.360322931696246 ], [ 127.104323986055761, 37.360389181246312 ], [ 127.10431942363526, 37.360811743520287 ], [ 127.104336173213284, 37.361960868733803 ], [ 127.104370016817384, 37.362259494120138 ], [ 127.104490204558189, 37.362927493919557 ], [ 127.104599896243869, 37.363436092548049 ] ] } },
{ "type": "Feature", "properties": { "LINK_ID": "2060040300", "ROAD_NO": "61", "ROAD_NAME": "분당수서로", "MAX_SPD": 60, "LENGTH": 387.233667511524, "collDate": "2026-08-16 19:00:00.0", "routeId": "1020000651", "routeNm": "분당수서로", "linkId": "2060040300", "startNodeId": "2060015800", "startNodeNm": "분당정자로서단", "endNodeId": "2060013200", "endNodeNm": "GS주유소금곡", "spd": "18", "vol": "0", "trvlTime": "78", "linkDelayTime": "0", "congGrade": "3" }, "geometry": { "type": "LineString", "coordinates": [ [ 127.104488643501043, 37.363451381406364 ], [ 127.104378673641804, 37.362941555602085 ], [ 127.104257861042157, 37.362269962946293 ], [ 127.104223329029921, 37.361965431002872 ], [ 127.104206549116739, 37.360811899777872 ], [ 127.104211048396564, 37.36039546274543 ], [ 127.104211861592631, 37.360318243108267 ], [ 127.104210678198129, 37.359978035254812 ] ] } },
{ "type": "Feature", "properties": { "LINK_ID": "2060044200", "ROAD_NO": "57", "ROAD_NAME": "서현로", "MAX_SPD": 60, "LENGTH": 219.407496239463, "collDate": "2026-08-16 19:00:00.0", "routeId": "1050000573", "routeNm": "태재로/서현로", "linkId": "2060044200", "startNodeId": "2060000600", "startNodeNm": "분당동199-1", "endNodeId": "2060014400", "endNodeNm": "성남시분당구-광주시", "spd": "35", "vol": "0", "trvlTime": "23", "linkDelayTime": "0", "congGrade": "2" }, "geometry": { "type": "LineString", "coordinates": [ [ 127.149314691137249, 37.363015201926771 ], [ 127.14929476726725, 37.362127337307498 ], [ 127.149396736535095, 37.361619055791664 ], [ 127.149604610868622, 37.361215117876469 ], [ 127.149660235163068, 37.361142337374062 ], [ 127.149694285148826, 37.36109776072697 ] ] } },
{ "type": "Feature", "properties": { "LINK_ID": "2060044300", "ROAD_NO": "57", "ROAD_NAME": "서현로", "MAX_SPD": 60, "LENGTH": 219.269122949272, "collDate": "2026-08-16 19:00:00.0", "routeId": "1050000573", "routeNm": "태재로/서현로", "linkId": "2060044300", "startNodeId": "2060014400", "startNodeNm": "성남시분당구-광주시", "endNodeId": "2060000600", "endNodeNm": "분당동199-1", "spd": "43", "vol": "0", "trvlTime": "19", "linkDelayTime": "0", "congGrade": "2" }, "geometry": { "type": "LineString", "coordinates": [ [ 127.149808301143096, 37.361150470144793 ], [ 127.149775860278339, 37.361198650246415 ], [ 127.149725829457026, 37.361264119100461 ], [ 127.149528017531466, 37.36164852466807 ], [ 127.149430424073188, 37.362134993224473 ], [ 127.149451421930294, 37.363070891744805 ] ] } },
{ "type": "Feature", "properties": { "LINK_ID": "2060048600", "ROAD_NO": "61", "ROAD_NAME": "분당수서로", "MAX_SPD": 60, "LENGTH": 297.27356005258702, "collDate": "2026-08-16 19:00:00.0", "routeId": "1020000651", "routeNm": "분당수서로", "linkId": "2060048600", "startNodeId": "2060015800", "startNodeNm": "분당정자로서단", "endNodeId": "2060018100", "endNodeNm": "정자지하차도", "spd": "18", "vol": "0", "trvlTime": "60", "linkDelayTime": "0", "congGrade": "3" }, "geometry": { "type": "LineString", "coordinates": [ [ 127.10462299914397, 37.363543182683337 ], [ 127.10462386109721, 37.363547181176692 ], [ 127.10480542330572, 37.364388837798558 ], [ 127.104869173282523, 37.364830118448673 ], [ 127.104880016671771, 37.36520124339053 ], [ 127.104859955299077, 37.365608306111888 ], [ 127.104763472009694, 37.366200927962446 ] ] } },
{ "type": "Feature", "properties": { "LINK_ID": "2060048700", "ROAD_NO": "61", "ROAD_NAME": "분당수서로", "MAX_SPD": 60, "LENGTH": 294.27692457758502, "collDate": "2026-08-16 19:00:00.0", "routeId": "1020000651", "routeNm": "분당수서로", "linkId": "2060048700", "startNodeId": "2060018100", "startNodeNm": "정자지하차도", "endNodeId": "2060015800", "endNodeNm": "분당정자로서단", "spd": "33", "vol": "0", "trvlTime": "33", "linkDelayTime": "0", "congGrade": "2" }, "geometry": { "type": "LineString", "coordinates": [ [ 127.104651552171845, 37.366189320707413 ], [ 127.104747360848179, 37.365600712914841 ], [ 127.104767080178732, 37.365200525345493 ], [ 127.104756423092056, 37.364836337229967 ], [ 127.104693642459722, 37.364401650273734 ], [ 127.10451286092696, 37.36356365005841 ], [ 127.104511741252551, 37.363558452544325 ] ] } },
{ "type": "Feature", "properties": { "LINK_ID": "2060055201", "ROAD_NO": "61", "ROAD_NAME": "분당수서로", "MAX_SPD": 60, "LENGTH": 42.171321412296997, "collDate": "2026-08-16 19:00:00.0", "routeId": "1020000651", "routeNm": "분당수서로", "linkId": "2060055201", "startNodeId": "2060018100", "startNodeNm": "정자지하차도", "endNodeId": "2060018101", "endNodeNm": "정자동94-10", "spd": "18", "vol": "0", "trvlTime": "9", "linkDelayTime": "0", "congGrade": "3" }, "geometry": { "type": "LineString", "coordinates": [ [ 127.104763472009694, 37.366200927962446 ], [ 127.10470215733497, 37.366577737674668 ] ] } },
{ "type": "Feature", "properties": { "LINK_ID": "2060055202", "ROAD_NO": "61", "ROAD_NAME": "분당수서로", "MAX_SPD": 60, "LENGTH": 197.525686817501, "collDate": "2026-08-16 19:00:00.0", "routeId": "1020000651", "routeNm": "분당수서로", "linkId": "2060055202", "startNodeId": "2060018101", "startNodeNm": "정자동94-10", "endNodeId": "2060019700", "endNodeNm": "신한은행백궁지점", "spd": "18", "vol": "0", "trvlTime": "40", "linkDelayTime": "0", "congGrade": "3" }, "geometry": { "type": "LineString", "coordinates": [ [ 127.104684647746225, 37.366685340316153 ], [ 127.104680173125516, 37.366712837827244 ], [ 127.104361299098528, 37.368124243439503 ], [ 127.104323503665924, 37.368440668318279 ] ] } },
{ "type": "Feature", "properties": { "LINK_ID": "2060055301", "ROAD_NO": "61", "ROAD_NAME": "분당수서로", "MAX_SPD": 80, "LENGTH": 197.86742806408799, "collDate": "2026-08-16 19:00:00.0", "routeId": "1020000651", "routeNm": "분당수서로", "linkId": "2060055301", "startNodeId": "2060019700", "startNodeNm": "신한은행백궁지점", "endNodeId": "2060018101", "endNodeNm": "정자동94-10", "spd": "33", "vol": "0", "trvlTime": "22", "linkDelayTime": "0", "congGrade": "2" }, "geometry": { "type": "LineString", "coordinates": [ [ 127.104211109403892, 37.368432114092982 ], [ 127.1042493605093, 37.368111962058663 ], [ 127.104568579897204, 37.366699024694228 ], [ 127.104572697393522, 37.366673730856171 ] ] } },
{ "type": "Feature", "properties": { "LINK_ID": "2060055302", "ROAD_NO": "61", "ROAD_NAME": "분당수서로", "MAX_SPD": 80, "LENGTH": 42.171429313028, "collDate": "2026-08-16 19:00:00.0", "routeId": "1020000651", "routeNm": "분당수서로", "linkId": "2060055302", "startNodeId": "2060018101", "startNodeNm": "정자동94-10", "endNodeId": "2060018100", "endNodeNm": "정자지하차도", "spd": "33", "vol": "0", "trvlTime": "5", "linkDelayTime": "0", "congGrade": "2" }, "geometry": { "type": "LineString", "coordinates": [ [ 127.104590213492429, 37.366566128911806 ], [ 127.104651552171845, 37.366189320707413 ] ] } },
{ "type": "Feature", "properties": { "LINK_ID": "2060061200", "ROAD_NO": "61", "ROAD_NAME": "분당수서로", "MAX_SPD": 80, "LENGTH": 165.05066657667399, "collDate": "2026-08-16 19:00:00.0", "routeId": "1020000651", "routeNm": "분당수서로", "linkId": "2060061200", "startNodeId": "2060019700", "startNodeNm": "신한은행백궁지점", "endNodeId": "2060022500", "endNodeNm": "백현지하차도", "spd": "31", "vol": "0", "trvlTime": "20", "linkDelayTime": "0", "congGrade": "3" }, "geometry": { "type": "LineString", "coordinates": [ [ 127.104311167750495, 37.36854875931018 ], [ 127.104273517101376, 37.369823399536763 ], [ 127.104272996393036, 37.370035552757528 ] ] } },
{ "type": "Feature", "properties": { "LINK_ID": "2060061300", "ROAD_NO": "61", "ROAD_NAME": "분당수서로", "MAX_SPD": 80, "LENGTH": 165.36099472040601, "collDate": "2026-08-16 19:00:00.0", "routeId": "1020000651", "routeNm": "분당수서로", "linkId": "2060061300", "startNodeId": "2060022500", "startNodeNm": "백현지하차도", "endNodeId": "2060019700", "endNodeNm": "신한은행백궁지점", "spd": "54", "vol": "0", "trvlTime": "12", "linkDelayTime": "0", "congGrade": "2" }, "geometry": { "type": "LineString", "coordinates": [ [ 127.104169984970696, 37.370036095743075 ], [ 127.104160641945413, 37.369822243866146 ], [ 127.104198322286138, 37.368546636006997 ] ] } },
{ "type": "Feature", "properties": { "LINK_ID": "2060071700", "ROAD_NO": "61", "ROAD_NAME": "분당수서로", "MAX_SPD": 60, "LENGTH": 263.90383756034998, "collDate": "2026-08-16 19:00:00.0", "routeId": "1020000651", "routeNm": "분당수서로", "linkId": "2060071700", "startNodeId": "2060025300", "startNodeNm": "궁내교", "endNodeId": "2060022500", "endNodeNm": "백현지하차도", "spd": "54", "vol": "0", "trvlTime": "18", "linkDelayTime": "0", "congGrade": "1" }, "geometry": { "type": "LineString", "coordinates": [ [ 127.104087265793567, 37.37240511415078 ], [ 127.104087309956469, 37.372392466335818 ], [ 127.104091881887541, 37.370252022474745 ], [ 127.104169984970696, 37.370036095743075 ] ] } },
{ "type": "Feature", "properties": { "LINK_ID": "2060071800", "ROAD_NO": "61", "ROAD_NAME": "분당수서로", "MAX_SPD": 60, "LENGTH": 263.759089322053, "collDate": "2026-08-16 19:00:00.0", "routeId": "1020000651", "routeNm": "분당수서로", "linkId": "2060071800", "startNodeId": "2060022500", "startNodeNm": "백현지하차도", "endNodeId": "2060025300", "endNodeNm": "궁내교", "spd": "31", "vol": "0", "trvlTime": "31", "linkDelayTime": "0", "congGrade": "2" }, "geometry": { "type": "LineString", "coordinates": [ [ 127.104272996393036, 37.370035552757528 ], [ 127.104340169656737, 37.370256224816117 ], [ 127.104334693749522, 37.372398195131652 ], [ 127.104334675431872, 37.372405664144551 ] ] } },
{ "type": "Feature", "properties": { "LINK_ID": "2060071900", "ROAD_NO": "61", "ROAD_NAME": "분당수서로", "MAX_SPD": 80, "LENGTH": 760.09741761641499, "collDate": "2026-08-16 19:00:00.0", "routeId": "1020000651", "routeNm": "분당수서로", "linkId": "2060071900", "startNodeId": "2060032900", "startNodeNm": "백현지하차도", "endNodeId": "2060022500", "endNodeNm": "백현지하차도", "spd": "71", "vol": "0", "trvlTime": "39", "linkDelayTime": "0", "congGrade": "1" }, "geometry": { "type": "LineString", "coordinates": [ [ 127.111624858935301, 37.381447039270213 ], [ 127.111502911500509, 37.381309932724129 ], [ 127.110746870695138, 37.380499494580235 ], [ 127.110253058771903, 37.379809577869793 ], [ 127.109039743788557, 37.378538414305517 ], [ 127.108370403370998, 37.377921726066532 ], [ 127.108206807492394, 37.377797058756165 ], [ 127.108005004789263, 37.37764161558492 ], [ 127.107028044893767, 37.376885038597827 ], [ 127.106342785706687, 37.376509808767175 ], [ 127.106210575017343, 37.376446394526191 ], [ 127.106018396631313, 37.376343280512849 ] ] } },
{ "type": "Feature", "properties": { "LINK_ID": "2060072000", "ROAD_NO": "61", "ROAD_NAME": "분당수서로", "MAX_SPD": 80, "LENGTH": 751.30921708151095, "collDate": "2026-08-16 19:00:00.0", "routeId": "1020000651", "routeNm": "분당수서로", "linkId": "2060072000", "startNodeId": "2060022500", "startNodeNm": "백현지하차도", "endNodeId": "2060032900", "endNodeNm": "백현지하차도", "spd": "70", "vol": "0", "trvlTime": "39", "linkDelayTime": "0", "congGrade": "1" }, "geometry": { "type": "LineString", "coordinates": [ [ 127.104272996393036, 37.370035552757528 ], [ 127.104278559752416, 37.370067864961797 ], [ 127.104294613179889, 37.374159059673488 ], [ 127.104390555105013, 37.374488423084401 ], [ 127.104711104678344, 37.375228540672509 ], [ 127.104900362560755, 37.375463860290417 ], [ 127.104963104652953, 37.375518151734141 ], [ 127.105269037981799, 37.375782706310197 ], [ 127.105818353716259, 37.376132777770763 ], [ 127.106078251118859, 37.376272240173385 ] ] } },
{ "type": "Feature", "properties": { "LINK_ID": "2060081000", "ROAD_NO": "61", "ROAD_NAME": "분당수서로", "MAX_SPD": 60, "LENGTH": 829.714487551351, "collDate": "2026-08-16 19:00:00.0", "routeId": "1020000651", "routeNm": "분당수서로", "linkId": "2060081000", "startNodeId": "2060030600", "startNodeNm": "백현사거리", "endNodeId": "2060025300", "endNodeNm": "궁내교", "spd": "40", "vol": "0", "trvlTime": "75", "linkDelayTime": "0", "congGrade": "2" }, "geometry": { "type": "LineString", "coordinates": [ [ 127.108812780877358, 37.378400052649695 ], [ 127.108811258823806, 37.378398720003233 ], [ 127.108193182861442, 37.377857382188232 ], [ 127.107216983373476, 37.377098941877328 ], [ 127.10697810141501, 37.37693419052146 ], [ 127.106167910111793, 37.376499483359396 ], [ 127.105708040565489, 37.37625277756996 ], [ 127.105141755774937, 37.375891831807778 ], [ 127.104817175657928, 37.375611193023694 ], [ 127.104775464451322, 37.37557512862498 ], [ 127.104516603581672, 37.375236431794576 ], [ 127.104193735097354, 37.374495826465498 ], [ 127.104102154724004, 37.374178253472564 ], [ 127.104084588831427, 37.373070465850404 ], [ 127.104086623297704, 37.372574507371944 ], [ 127.104086866165474, 37.372513236410484 ] ] } },
{ "type": "Feature", "properties": { "LINK_ID": "2060081100", "ROAD_NO": "61", "ROAD_NAME": "분당수서로", "MAX_SPD": 60, "LENGTH": 812.149318796839, "collDate": "2026-08-16 19:00:00.0", "routeId": "1020000651", "routeNm": "분당수서로", "linkId": "2060081100", "startNodeId": "2060025300", "startNodeNm": "궁내교", "endNodeId": "2060030600", "endNodeNm": "백현사거리", "spd": "15", "vol": "0", "trvlTime": "195", "linkDelayTime": "0", "congGrade": "3" }, "geometry": { "type": "LineString", "coordinates": [ [ 127.104334775555685, 37.372513862057936 ], [ 127.104335036792705, 37.372570889826918 ], [ 127.104332977139379, 37.373069491037818 ], [ 127.104350160643008, 37.374154514562761 ], [ 127.104432768308243, 37.37444087837833 ], [ 127.104742461930712, 37.375151303189988 ], [ 127.10497468750593, 37.375455100356128 ], [ 127.10500875843195, 37.375484538124951 ], [ 127.105311498395068, 37.37574631306363 ], [ 127.105855089349291, 37.376092804276112 ], [ 127.106312062507797, 37.376337972253317 ], [ 127.107129181472018, 37.376776390693657 ], [ 127.107384989632081, 37.376952827085745 ], [ 127.108453090797269, 37.377782645636884 ], [ 127.108974731521187, 37.378263417646174 ], [ 127.108977122545326, 37.378265621320843 ] ] } },
{ "type": "Feature", "properties": { "LINK_ID": "2060097400", "ROAD_NO": "61", "ROAD_NAME": "분당수서로", "MAX_SPD": 60, "LENGTH": 412.97221451553202, "collDate": "2026-08-16 19:00:00.0", "routeId": "1020000651", "routeNm": "분당수서로", "linkId": "2060097400", "startNodeId": "2060030600", "startNodeNm": "백현사거리", "endNodeId": "2060032900", "endNodeNm": "백현지하차도", "spd": "24", "vol": "0", "trvlTime": "62", "linkDelayTime": "0", "congGrade": "2" }, "geometry": { "type": "LineString", "coordinates": [ [ 127.109066186526121, 37.37834771937019 ], [ 127.109066613299518, 37.378348113026199 ], [ 127.109184289409214, 37.378456567959418 ], [ 127.110386494851767, 37.379743609263365 ], [ 127.110816033212544, 37.380338061809923 ], [ 127.110877927968247, 37.380410887625231 ], [ 127.110939391835075, 37.380478556350326 ], [ 127.111493737997904, 37.381060892979995 ], [ 127.111614690190422, 37.381191560181421 ], [ 127.111708297593296, 37.381398705811506 ] ] } },
{ "type": "Feature", "properties": { "LINK_ID": "2060097500", "ROAD_NO": "61", "ROAD_NAME": "분당수서로", "MAX_SPD": 60, "LENGTH": 409.64164572861199, "collDate": "2026-08-16 19:00:00.0", "routeId": "1020000651", "routeNm": "분당수서로", "linkId": "2060097500", "startNodeId": "2060032900", "startNodeNm": "백현지하차도", "endNodeId": "2060030600", "endNodeNm": "백현사거리", "spd": "27", "vol": "0", "trvlTime": "55", "linkDelayTime": "0", "congGrade": "2" }, "geometry": { "type": "LineString", "coordinates": [ [ 127.111624858935301, 37.381447039270213 ], [ 127.111401685717567, 37.381306031485998 ], [ 127.11135093945515, 37.381250797554209 ], [ 127.110704497746468, 37.380520912847196 ], [ 127.110211474656367, 37.379832097179467 ], [ 127.109006682778926, 37.378569895034126 ], [ 127.108904047854523, 37.378479999111278 ] ] } },
{ "type": "Feature", "properties": { "LINK_ID": "2060107600", "ROAD_NO": "61", "ROAD_NAME": "분당수서로", "MAX_SPD": 60, "LENGTH": 195.018607997608, "collDate": "2026-08-16 19:00:00.0", "routeId": "1020000651", "routeNm": "분당수서로", "linkId": "2060107600", "startNodeId": "2060035500", "startNodeNm": "수내사거리", "endNodeId": "2060034100", "endNodeNm": "초림지하차도", "spd": "37", "vol": "0", "trvlTime": "19", "linkDelayTime": "0", "congGrade": "2" }, "geometry": { "type": "LineString", "coordinates": [ [ 127.113895421195608, 37.38405413896573 ], [ 127.113787347893421, 37.383930666224863 ], [ 127.113271262324332, 37.383340924633714 ], [ 127.112782516294729, 37.382808979573817 ], [ 127.112680292528637, 37.38259643935654 ] ] } },
{ "type": "Feature", "properties": { "LINK_ID": "2060107700", "ROAD_NO": "61", "ROAD_NAME": "분당수서로", "MAX_SPD": 60, "LENGTH": 189.00838695802, "collDate": "2026-08-16 19:00:00.0", "routeId": "1020000651", "routeNm": "분당수서로", "linkId": "2060107700", "startNodeId": "2060034100", "startNodeNm": "초림지하차도", "endNodeId": "2060035500", "endNodeNm": "수내사거리", "spd": "24", "vol": "0", "trvlTime": "29", "linkDelayTime": "0", "congGrade": "2" }, "geometry": { "type": "LineString", "coordinates": [ [ 127.112783402974031, 37.382532819545887 ], [ 127.112988707866251, 37.382676029897212 ], [ 127.112999390757224, 37.382687570533108 ], [ 127.113668678420638, 37.383444988157471 ], [ 127.113986444618334, 37.383828024526679 ], [ 127.114045198610086, 37.383898832087105 ] ] } },
{ "type": "Feature", "properties": { "LINK_ID": "2060107800", "ROAD_NO": "61", "ROAD_NAME": "분당수서로", "MAX_SPD": 80, "LENGTH": 353.33422960518698, "collDate": "2026-08-16 19:00:00.0", "routeId": "1020000651", "routeNm": "분당수서로", "linkId": "2060107800", "startNodeId": "2060036200", "startNodeNm": "초림지하차도", "endNodeId": "2060034100", "endNodeNm": "초림지하차도", "spd": "77", "vol": "0", "trvlTime": "17", "linkDelayTime": "0", "congGrade": "1" }, "geometry": { "type": "LineString", "coordinates": [ [ 127.11497910604804, 37.385198052994838 ], [ 127.114889133517039, 37.385094340278471 ], [ 127.11393895755495, 37.384042471506795 ], [ 127.112752171327983, 37.382668318254034 ], [ 127.112680292528637, 37.38259643935654 ] ] } },
{ "type": "Feature", "properties": { "LINK_ID": "2060107900", "ROAD_NO": "61", "ROAD_NAME": "분당수서로", "MAX_SPD": 80, "LENGTH": 353.81007069923601, "collDate": "2026-08-16 19:00:00.0", "routeId": "1020000651", "routeNm": "분당수서로", "linkId": "2060107900", "startNodeId": "2060034100", "startNodeNm": "초림지하차도", "endNodeId": "2060036200", "endNodeNm": "초림지하차도", "spd": "76", "vol": "0", "trvlTime": "17", "linkDelayTime": "0", "congGrade": "1" }, "geometry": { "type": "LineString", "coordinates": [ [ 127.112783402974031, 37.382532819545887 ], [ 127.112867549678015, 37.382615804662358 ], [ 127.115006847858908, 37.385033552759168 ], [ 127.115095378721449, 37.385132390184175 ] ] } },
{ "type": "Feature", "properties": { "LINK_ID": "2060109600", "ROAD_NO": "-", "ROAD_NAME": "수내로", "MAX_SPD": 50, "LENGTH": 92.497142570468995, "collDate": "2026-08-16 19:00:00.0", "routeId": "1020000501", "routeNm": "분당내곡로", "linkId": "2060109600", "startNodeId": "2060034700", "startNodeNm": "수내교", "endNodeId": "2060035500", "endNodeNm": "수내사거리", "spd": "33", "vol": "0", "trvlTime": "11", "linkDelayTime": "0", "congGrade": "2" }, "geometry": { "type": "LineString", "coordinates": [ [ 127.114813617670109, 37.383363299902634 ], [ 127.114438705098635, 37.383718275586553 ], [ 127.114119823083243, 37.383985768953799 ] ] } },
{ "type": "Feature", "properties": { "LINK_ID": "2060109700", "ROAD_NO": "-", "ROAD_NAME": "수내로", "MAX_SPD": 50, "LENGTH": 89.344152619083999, "collDate": "2026-08-16 19:00:00.0", "routeId": "1020000501", "routeNm": "분당내곡로", "linkId": "2060109700", "startNodeId": "2060035500", "startNodeNm": "수내사거리", "endNodeId": "2060034700", "endNodeNm": "수내교", "spd": "35", "vol": "0", "trvlTime": "10", "linkDelayTime": "0", "congGrade": "2" }, "geometry": { "type": "LineString", "coordinates": [ [ 127.114045198610086, 37.383898832087105 ], [ 127.114337361212293, 37.383646431396329 ], [ 127.114710015704773, 37.383293619869256 ] ] } },
{ "type": "Feature", "properties": { "LINK_ID": "2060112000", "ROAD_NO": "61", "ROAD_NAME": "분당수서로", "MAX_SPD": 60, "LENGTH": 154.20254180484599, "collDate": "2026-08-16 19:00:00.0", "routeId": "1020000651", "routeNm": "분당수서로", "linkId": "2060112000", "startNodeId": "2060035500", "startNodeNm": "수내사거리", "endNodeId": "2060036200", "endNodeNm": "초림지하차도", "spd": "18", "vol": "0", "trvlTime": "31", "linkDelayTime": "0", "congGrade": "3" }, "geometry": { "type": "LineString", "coordinates": [ [ 127.114119823083243, 37.383985768953799 ], [ 127.114185110008563, 37.384057853333005 ], [ 127.114987935519324, 37.384943802785052 ], [ 127.115095378721449, 37.385132390184175 ] ] } },
{ "type": "Feature", "properties": { "LINK_ID": "2060112100", "ROAD_NO": "61", "ROAD_NAME": "분당수서로", "MAX_SPD": 60, "LENGTH": 148.382771777735, "collDate": "2026-08-16 19:00:00.0", "routeId": "1020000651", "routeNm": "분당수서로", "linkId": "2060112100", "startNodeId": "2060036200", "startNodeNm": "초림지하차도", "endNodeId": "2060035500", "endNodeNm": "수내사거리", "spd": "16", "vol": "0", "trvlTime": "34", "linkDelayTime": "0", "congGrade": "3" }, "geometry": { "type": "LineString", "coordinates": [ [ 127.11497910604804, 37.385198052994838 ], [ 127.114756780888598, 37.385038434368987 ], [ 127.11400359747141, 37.384177790674642 ], [ 127.113968727384432, 37.384137950115722 ] ] } },
{ "type": "Feature", "properties": { "LINK_ID": "2060112202", "ROAD_NO": "51", "ROAD_NAME": "분당내곡간도시고속화도로", "MAX_SPD": 80, "LENGTH": 762.43179068635004, "collDate": "2026-08-16 19:00:00.0", "routeId": "1020000501", "routeNm": "분당내곡로", "linkId": "2060112202", "startNodeId": "2060109100", "startNodeNm": "광장지하차도", "endNodeId": "2060063200", "endNodeNm": "광장지하차도", "spd": "60", "vol": "0", "trvlTime": "46", "linkDelayTime": "0", "congGrade": "2" }, "geometry": { "type": "LineString", "coordinates": [ [ 127.111571249728058, 37.406047743013083 ], [ 127.111742966167839, 37.40584195295412 ], [ 127.111907568933617, 37.405601495220814 ], [ 127.112093587612506, 37.405294265772021 ], [ 127.112208028825833, 37.405084369093593 ], [ 127.112374897048298, 37.404761899472888 ], [ 127.112489295034493, 37.404523396053349 ], [ 127.112665454338199, 37.404021643843834 ], [ 127.11283425744783, 37.403397840718938 ], [ 127.112883920355429, 37.403037339181637 ], [ 127.112914512529855, 37.402713092157995 ], [ 127.112928358298731, 37.402381232162838 ], [ 127.112874117754231, 37.399761672348902 ], [ 127.112880365623184, 37.399386574359376 ] ] } },
{ "type": "Feature", "properties": { "LINK_ID": "2060112204", "ROAD_NO": "51", "ROAD_NAME": "분당내곡간도시고속화도로", "MAX_SPD": 80, "LENGTH": 20.522802379622998, "collDate": "2026-08-16 19:00:00.0", "routeId": "1020000501", "routeNm": "분당내곡로", "linkId": "2060112204", "startNodeId": "2060063200", "startNodeNm": "광장지하차도", "endNodeId": "2060035501", "endNodeNm": "백현동541-1", "spd": "60", "vol": "0", "trvlTime": "2", "linkDelayTime": "0", "congGrade": "2" }, "geometry": { "type": "LineString", "coordinates": [ [ 127.113019271318706, 37.385523805724034 ], [ 127.11302237255228, 37.385513614688023 ], [ 127.113081445422736, 37.38534567668156 ] ] } },
{ "type": "Feature", "properties": { "LINK_ID": "2060112205", "ROAD_NO": "51", "ROAD_NAME": "분당내곡간도시고속화도로", "MAX_SPD": 80, "LENGTH": 12.425901573814, "collDate": "2026-08-16 19:00:00.0", "routeId": "1020000501", "routeNm": "분당내곡로", "linkId": "2060112205", "startNodeId": "2060035501", "startNodeNm": "백현동541-1", "endNodeId": "2060035500", "endNodeNm": "수내사거리", "spd": "60", "vol": "0", "trvlTime": "1", "linkDelayTime": "0", "congGrade": "2" }, "geometry": { "type": "LineString", "coordinates": [ [ 127.113081445422736, 37.38534567668156 ], [ 127.113127394798056, 37.385239890427272 ] ] } },
{ "type": "Feature", "properties": { "LINK_ID": "2060112302", "ROAD_NO": "51", "ROAD_NAME": "분당내곡간도시고속화도로", "MAX_SPD": 80, "LENGTH": 768.81669035976302, "collDate": "2026-08-16 19:00:00.0", "routeId": "1020000501", "routeNm": "분당내곡로", "linkId": "2060112302", "startNodeId": "2060063200", "startNodeNm": "광장지하차도", "endNodeId": "2060109100", "endNodeNm": "광장지하차도", "spd": "34", "vol": "0", "trvlTime": "82", "linkDelayTime": "0", "congGrade": "2" }, "geometry": { "type": "LineString", "coordinates": [ [ 127.113130806281418, 37.385545632756262 ], [ 127.113068345033113, 37.385762047694946 ], [ 127.113006575187597, 37.386010038561196 ], [ 127.112983060173548, 37.386267529270647 ], [ 127.112981001649018, 37.386488763024865 ], [ 127.113023148970342, 37.387993493153175 ], [ 127.113027525878962, 37.391776968000912 ], [ 127.113025038411948, 37.392461255199926 ] ] } },
{ "type": "Feature", "properties": { "LINK_ID": "2060112305", "ROAD_NO": "51", "ROAD_NAME": "분당내곡간도시고속화도로", "MAX_SPD": 80, "LENGTH": 20.187836204191001, "collDate": "2026-08-16 19:00:00.0", "routeId": "1020000501", "routeNm": "분당내곡로", "linkId": "2060112305", "startNodeId": "2060035501", "startNodeNm": "백현동541-1", "endNodeId": "2060063200", "endNodeNm": "광장지하차도", "spd": "34", "vol": "0", "trvlTime": "3", "linkDelayTime": "0", "congGrade": "2" }, "geometry": { "type": "LineString", "coordinates": [ [ 127.113190901637481, 37.385370191428606 ], [ 127.113139991533217, 37.385514924934107 ], [ 127.113130806281418, 37.385545632756262 ] ] } },
{ "type": "Feature", "properties": { "LINK_ID": "2060114800", "ROAD_NO": "61", "ROAD_NAME": "분당수서로", "MAX_SPD": 80, "LENGTH": 39.414696036576998, "collDate": "2026-08-16 19:00:00.0", "routeId": "1020000651", "routeNm": "분당수서로", "linkId": "2060114800", "startNodeId": "2060036200", "startNodeNm": "초림지하차도", "endNodeId": "2060036400", "endNodeNm": "서현지하차도", "spd": "18", "vol": "0", "trvlTime": "8", "linkDelayTime": "0", "congGrade": "3" }, "geometry": { "type": "LineString", "coordinates": [ [ 127.115095378721449, 37.385132390184175 ], [ 127.115343022419012, 37.385427470312756 ] ] } },
{ "type": "Feature", "properties": { "LINK_ID": "2060114900", "ROAD_NO": "61", "ROAD_NAME": "분당수서로", "MAX_SPD": 80, "LENGTH": 39.353578475665003, "collDate": "2026-08-16 19:00:00.0", "routeId": "1020000651", "routeNm": "분당수서로", "linkId": "2060114900", "startNodeId": "2060036400", "startNodeNm": "서현지하차도", "endNodeId": "2060036200", "endNodeNm": "초림지하차도", "spd": "16", "vol": "0", "trvlTime": "9", "linkDelayTime": "0", "congGrade": "3" }, "geometry": { "type": "LineString", "coordinates": [ [ 127.115233635506641, 37.385488707116778 ], [ 127.11497910604804, 37.385198052994838 ] ] } },
{ "type": "Feature", "properties": { "LINK_ID": "2060115400", "ROAD_NO": "61", "ROAD_NAME": "분당수서로", "MAX_SPD": 60, "LENGTH": 188.583573579502, "collDate": "2026-08-16 19:00:00.0", "routeId": "1020000651", "routeNm": "분당수서로", "linkId": "2060115400", "startNodeId": "2060037800", "startNodeNm": "서현교사거리", "endNodeId": "2060036400", "endNodeNm": "서현지하차도", "spd": "16", "vol": "0", "trvlTime": "43", "linkDelayTime": "0", "congGrade": "3" }, "geometry": { "type": "LineString", "coordinates": [ [ 127.116409465407386, 37.386873138388729 ], [ 127.116338056153893, 37.386794746398614 ], [ 127.115333150262913, 37.385691441882393 ], [ 127.11520793002353, 37.385553957413073 ], [ 127.115233635506641, 37.385488707116778 ] ] } },
{ "type": "Feature", "properties": { "LINK_ID": "2060115500", "ROAD_NO": "61", "ROAD_NAME": "분당수서로", "MAX_SPD": 60, "LENGTH": 179.719425164103, "collDate": "2026-08-16 19:00:00.0", "routeId": "1020000651", "routeNm": "분당수서로", "linkId": "2060115500", "startNodeId": "2060036400", "startNodeNm": "서현지하차도", "endNodeId": "2060037800", "endNodeNm": "서현교사거리", "spd": "18", "vol": "0", "trvlTime": "36", "linkDelayTime": "0", "congGrade": "3" }, "geometry": { "type": "LineString", "coordinates": [ [ 127.115343022419012, 37.385427470312756 ], [ 127.115459264778082, 37.385463927141309 ], [ 127.115560994698612, 37.385577765348394 ], [ 127.116534711218549, 37.38666735536286 ], [ 127.116564975883207, 37.38670121888763 ] ] } },
{ "type": "Feature", "properties": { "LINK_ID": "2060115600", "ROAD_NO": "61", "ROAD_NAME": "분당수서로", "MAX_SPD": 80, "LENGTH": 429.27127122214603, "collDate": "2026-08-16 19:00:00.0", "routeId": "1020000651", "routeNm": "분당수서로", "linkId": "2060115600", "startNodeId": "2060039000", "startNodeNm": "서현지하차도", "endNodeId": "2060036400", "endNodeNm": "서현지하차도", "spd": "77", "vol": "0", "trvlTime": "21", "linkDelayTime": "0", "congGrade": "1" }, "geometry": { "type": "LineString", "coordinates": [ [ 127.118132209285505, 37.388588718640321 ], [ 127.117377951547297, 37.387791453845139 ], [ 127.116480173940928, 37.386843524838731 ], [ 127.115384863636322, 37.385652617236879 ], [ 127.115233635506641, 37.385488707116778 ] ] } },
{ "type": "Feature", "properties": { "LINK_ID": "2060115700", "ROAD_NO": "61", "ROAD_NAME": "분당수서로", "MAX_SPD": 80, "LENGTH": 428.62828423886401, "collDate": "2026-08-16 19:00:00.0", "routeId": "1020000651", "routeNm": "분당수서로", "linkId": "2060115700", "startNodeId": "2060036400", "startNodeNm": "서현지하차도", "endNodeId": "2060039000", "endNodeNm": "서현지하차도", "spd": "72", "vol": "0", "trvlTime": "22", "linkDelayTime": "0", "congGrade": "1" }, "geometry": { "type": "LineString", "coordinates": [ [ 127.115343022419012, 37.385427470312756 ], [ 127.115462391914306, 37.385554799479756 ], [ 127.116572702823802, 37.386786218708089 ], [ 127.117623088256011, 37.387884184110725 ], [ 127.118253146678214, 37.388512524274958 ] ] } },
{ "type": "Feature", "properties": { "LINK_ID": "2060120000", "ROAD_NO": "61", "ROAD_NAME": "분당수서로", "MAX_SPD": 60, "LENGTH": 240.675433407469, "collDate": "2026-08-16 19:00:00.0", "routeId": "1020000651", "routeNm": "분당수서로", "linkId": "2060120000", "startNodeId": "2060037800", "startNodeNm": "서현교사거리", "endNodeId": "2060039000", "endNodeNm": "서현지하차도", "spd": "27", "vol": "0", "trvlTime": "33", "linkDelayTime": "0", "congGrade": "2" }, "geometry": { "type": "LineString", "coordinates": [ [ 127.116646903848803, 37.386790242187644 ], [ 127.116672109621732, 37.386816454513536 ], [ 127.117309610914177, 37.387479192017096 ], [ 127.118125779840142, 37.388296831559067 ], [ 127.118264049740688, 37.388435348269368 ], [ 127.118253146678214, 37.388512524274958 ] ] } },
{ "type": "Feature", "properties": { "LINK_ID": "2060120100", "ROAD_NO": "61", "ROAD_NAME": "분당수서로", "MAX_SPD": 60, "LENGTH": 236.77523766096701, "collDate": "2026-08-16 19:00:00.0", "routeId": "1020000651", "routeNm": "분당수서로", "linkId": "2060120100", "startNodeId": "2060039000", "startNodeNm": "서현지하차도", "endNodeId": "2060037800", "endNodeNm": "서현교사거리", "spd": "32", "vol": "0", "trvlTime": "27", "linkDelayTime": "0", "congGrade": "2" }, "geometry": { "type": "LineString", "coordinates": [ [ 127.118132209285505, 37.388588718640321 ], [ 127.117917261086248, 37.388456475386548 ], [ 127.116933934487975, 37.387448970759657 ], [ 127.116478679639187, 37.386949120790334 ], [ 127.116462520147664, 37.386931381147967 ] ] } },
{ "type": "Feature", "properties": { "LINK_ID": "2060123200", "ROAD_NO": "61", "ROAD_NAME": "분당수서로", "MAX_SPD": 80, "LENGTH": 99.440317054453999, "collDate": "2026-08-16 19:00:00.0", "routeId": "1020000651", "routeNm": "분당수서로", "linkId": "2060123200", "startNodeId": "2060039000", "startNodeNm": "서현지하차도", "endNodeId": "2060039500", "endNodeNm": "매송지하차도", "spd": "40", "vol": "0", "trvlTime": "9", "linkDelayTime": "0", "congGrade": "2" }, "geometry": { "type": "LineString", "coordinates": [ [ 127.118253146678214, 37.388512524274958 ], [ 127.118582548557697, 37.38885880639188 ], [ 127.118819829749455, 37.389121868636991 ], [ 127.11892141421049, 37.389232485618592 ] ] } },
{ "type": "Feature", "properties": { "LINK_ID": "2060123300", "ROAD_NO": "61", "ROAD_NAME": "분당수서로", "MAX_SPD": 80, "LENGTH": 98.603730979972994, "collDate": "2026-08-16 19:00:00.0", "routeId": "1020000651", "routeNm": "분당수서로", "linkId": "2060123300", "startNodeId": "2060039500", "startNodeNm": "매송지하차도", "endNodeId": "2060039000", "endNodeNm": "서현지하차도", "spd": "39", "vol": "0", "trvlTime": "10", "linkDelayTime": "0", "congGrade": "2" }, "geometry": { "type": "LineString", "coordinates": [ [ 127.118816624619726, 37.389289503112821 ], [ 127.118132209285505, 37.388588718640321 ] ] } },
{ "type": "Feature", "properties": { "LINK_ID": "2060124800", "ROAD_NO": "61", "ROAD_NAME": "분당수서로", "MAX_SPD": 60, "LENGTH": 264.89024794909602, "collDate": "2026-08-16 19:00:00.0", "routeId": "1020000651", "routeNm": "분당수서로", "linkId": "2060124800", "startNodeId": "2060003100", "startNodeNm": "매송사거리", "endNodeId": "2060039500", "endNodeNm": "매송지하차도", "spd": "27", "vol": "0", "trvlTime": "36", "linkDelayTime": "0", "congGrade": "2" }, "geometry": { "type": "LineString", "coordinates": [ [ 127.120082829379299, 37.391442262173577 ], [ 127.120066805038732, 37.391387273270006 ], [ 127.120048980441311, 37.391326166921388 ], [ 127.119492120458048, 37.390345821302319 ], [ 127.118893685732175, 37.389506618024065 ], [ 127.118816624619726, 37.389289503112821 ] ] } },
{ "type": "Feature", "properties": { "LINK_ID": "2060124900", "ROAD_NO": "61", "ROAD_NAME": "분당수서로", "MAX_SPD": 60, "LENGTH": 263.31954994767699, "collDate": "2026-08-16 19:00:00.0", "routeId": "1020000651", "routeNm": "분당수서로", "linkId": "2060124900", "startNodeId": "2060039500", "startNodeNm": "매송지하차도", "endNodeId": "2060003100", "endNodeNm": "매송사거리", "spd": "27", "vol": "0", "trvlTime": "36", "linkDelayTime": "0", "congGrade": "2" }, "geometry": { "type": "LineString", "coordinates": [ [ 127.11892141421049, 37.389232485618592 ], [ 127.11907045897307, 37.389324227680838 ], [ 127.119118158210995, 37.389388999904106 ], [ 127.119445941105297, 37.389834102548313 ], [ 127.119966113152586, 37.390617607819721 ], [ 127.120148736010108, 37.39095825571647 ], [ 127.120315113299355, 37.391307727014613 ] ] } },
{ "type": "Feature", "properties": { "LINK_ID": "2060125000", "ROAD_NO": "61", "ROAD_NAME": "분당수서로", "MAX_SPD": 60, "LENGTH": 685.62106158156405, "collDate": "2026-08-16 19:00:00.0", "routeId": "1020000651", "routeNm": "분당수서로", "linkId": "2060125000", "startNodeId": "2060041700", "startNodeNm": "매송지하차도", "endNodeId": "2060039500", "endNodeNm": "매송지하차도", "spd": "60", "vol": "0", "trvlTime": "33", "linkDelayTime": "0", "congGrade": "1" }, "geometry": { "type": "LineString", "coordinates": [ [ 127.120432493171066, 37.395168335828536 ], [ 127.120452985968811, 37.394967819172514 ], [ 127.120475285331025, 37.394716563682138 ], [ 127.120556750475203, 37.393842194918648 ], [ 127.120568540567717, 37.393573699112537 ], [ 127.12058336135307, 37.393336776515177 ], [ 127.120562182335846, 37.393172304847049 ], [ 127.120453758339877, 37.392636024350828 ], [ 127.120287942722186, 37.391826846461072 ], [ 127.120127176730065, 37.391284795465168 ], [ 127.119887419141861, 37.390826126523201 ], [ 127.119544673770235, 37.390272853852544 ], [ 127.118957793005237, 37.389467667622938 ], [ 127.118816624619726, 37.389289503112821 ] ] } },
{ "type": "Feature", "properties": { "LINK_ID": "2060125100", "ROAD_NO": "61", "ROAD_NAME": "분당수서로", "MAX_SPD": 60, "LENGTH": 692.07862449178197, "collDate": "2026-08-16 19:00:00.0", "routeId": "1020000651", "routeNm": "분당수서로", "linkId": "2060125100", "startNodeId": "2060039500", "startNodeNm": "매송지하차도", "endNodeId": "2060041700", "endNodeNm": "매송지하차도", "spd": "60", "vol": "0", "trvlTime": "35", "linkDelayTime": "0", "congGrade": "1" }, "geometry": { "type": "LineString", "coordinates": [ [ 127.11892141421049, 37.389232485618592 ], [ 127.119047323963287, 37.389403210279582 ], [ 127.119469494602356, 37.389967783275871 ], [ 127.119946995333819, 37.390712827428381 ], [ 127.120250166927164, 37.391278551619109 ], [ 127.120519137582008, 37.392414249553497 ], [ 127.120663847148933, 37.393219880527688 ], [ 127.120672956655071, 37.393310461776622 ], [ 127.120660156247851, 37.393551476567865 ], [ 127.120633061259028, 37.393872215728074 ], [ 127.120549457661852, 37.394720249855297 ], [ 127.12050012098301, 37.395172835803706 ] ] } },
{ "type": "Feature", "properties": { "LINK_ID": "2060127800", "ROAD_NO": "61", "ROAD_NAME": "분당수서로", "MAX_SPD": 60, "LENGTH": 364.112498554002, "collDate": "2026-08-16 19:00:00.0", "routeId": "1020000651", "routeNm": "분당수서로", "linkId": "2060127800", "startNodeId": "2060003100", "startNodeNm": "매송사거리", "endNodeId": "2060041500", "endNodeNm": "매송지하차도", "spd": "42", "vol": "0", "trvlTime": "32", "linkDelayTime": "0", "congGrade": "2" }, "geometry": { "type": "LineString", "coordinates": [ [ 127.120357889798939, 37.391415689769879 ], [ 127.120620766965075, 37.392440370177503 ], [ 127.120702246711559, 37.392943302388446 ], [ 127.120731878365049, 37.393300501204287 ], [ 127.120725230595042, 37.393569714408301 ], [ 127.120717691774445, 37.393875552343182 ], [ 127.120639607907364, 37.394667650860022 ] ] } },
{ "type": "Feature", "properties": { "LINK_ID": "2060127900", "ROAD_NO": "61", "ROAD_NAME": "분당수서로", "MAX_SPD": 60, "LENGTH": 345.38922277146497, "collDate": "2026-08-16 19:00:00.0", "routeId": "1020000651", "routeNm": "분당수서로", "linkId": "2060127900", "startNodeId": "2060041500", "startNodeNm": "매송지하차도", "endNodeId": "2060003100", "endNodeNm": "매송사거리", "spd": "27", "vol": "0", "trvlTime": "47", "linkDelayTime": "0", "congGrade": "2" }, "geometry": { "type": "LineString", "coordinates": [ [ 127.120414263706905, 37.394654284877937 ], [ 127.120490203030798, 37.393839292977916 ], [ 127.120503750657662, 37.393566636270222 ], [ 127.120515726242218, 37.393325032167411 ], [ 127.120222068522352, 37.391919824149724 ], [ 127.120121116492186, 37.391573551253231 ] ] } },
{ "type": "Feature", "properties": { "LINK_ID": "2060130600", "ROAD_NO": "61", "ROAD_NAME": "분당수서로", "MAX_SPD": 60, "LENGTH": 46.077392010798, "collDate": "2026-08-16 19:00:00.0", "routeId": "1020000651", "routeNm": "분당수서로", "linkId": "2060130600", "startNodeId": "2060041500", "startNodeNm": "매송지하차도", "endNodeId": "2060041700", "endNodeNm": "매송지하차도", "spd": "42", "vol": "0", "trvlTime": "4", "linkDelayTime": "0", "congGrade": "2" }, "geometry": { "type": "LineString", "coordinates": [ [ 127.120628770518167, 37.394775748741736 ], [ 127.120609642945439, 37.394962889643985 ], [ 127.12050012098301, 37.395172835803706 ] ] } },
{ "type": "Feature", "properties": { "LINK_ID": "2060130700", "ROAD_NO": "61", "ROAD_NAME": "분당수서로", "MAX_SPD": 60, "LENGTH": 45.490522414834999, "collDate": "2026-08-16 19:00:00.0", "routeId": "1020000651", "routeNm": "분당수서로", "linkId": "2060130700", "startNodeId": "2060041700", "startNodeNm": "매송지하차도", "endNodeId": "2060041500", "endNodeNm": "매송지하차도", "spd": "27", "vol": "0", "trvlTime": "7", "linkDelayTime": "0", "congGrade": "2" }, "geometry": { "type": "LineString", "coordinates": [ [ 127.120432493171066, 37.395168335828536 ], [ 127.120385431670883, 37.394963728851152 ], [ 127.120387194564074, 37.394944808218327 ], [ 127.120404187361487, 37.394762428857064 ] ] } },
{ "type": "Feature", "properties": { "LINK_ID": "2060131000", "ROAD_NO": "61", "ROAD_NAME": "분당수서로", "MAX_SPD": 60, "LENGTH": 375.96148334494598, "collDate": "2026-08-16 19:00:00.0", "routeId": "1020000651", "routeNm": "분당수서로", "linkId": "2060131000", "startNodeId": "2060041700", "startNodeNm": "매송지하차도", "endNodeId": "2060041900", "endNodeNm": "방아교입구", "spd": "60", "vol": "0", "trvlTime": "20", "linkDelayTime": "0", "congGrade": "1" }, "geometry": { "type": "LineString", "coordinates": [ [ 127.12050012098301, 37.395172835803706 ], [ 127.120504173602683, 37.395329868687966 ], [ 127.120407547911753, 37.396077587937512 ], [ 127.120331266849519, 37.396747775048418 ], [ 127.12021229846934, 37.397414524794847 ], [ 127.120211923281317, 37.397416493907762 ], [ 127.120127610701388, 37.398381149823862 ], [ 127.120104951076513, 37.398543481127859 ] ] } },
{ "type": "Feature", "properties": { "LINK_ID": "2060131100", "ROAD_NO": "61", "ROAD_NAME": "분당수서로", "MAX_SPD": 60, "LENGTH": 375.66846247478202, "collDate": "2026-08-16 19:00:00.0", "routeId": "1020000651", "routeNm": "분당수서로", "linkId": "2060131100", "startNodeId": "2060041900", "startNodeNm": "방아교입구", "endNodeId": "2060041700", "endNodeNm": "매송지하차도", "spd": "60", "vol": "0", "trvlTime": "21", "linkDelayTime": "0", "congGrade": "1" }, "geometry": { "type": "LineString", "coordinates": [ [ 127.120029110856009, 37.398536621557106 ], [ 127.120084766730145, 37.398151618559503 ], [ 127.120152642028145, 37.397407743072918 ], [ 127.120163298745084, 37.397291118464494 ], [ 127.12028245406654, 37.396635899834941 ], [ 127.120432493171066, 37.395168335828536 ] ] } },
{ "type": "Feature", "properties": { "LINK_ID": "2060131400", "ROAD_NO": "61", "ROAD_NAME": "분당수서로", "MAX_SPD": 60, "LENGTH": 72.183269081690995, "collDate": "2026-08-16 19:00:00.0", "routeId": "1020000651", "routeNm": "분당수서로", "linkId": "2060131400", "startNodeId": "2060041900", "startNodeNm": "방아교입구", "endNodeId": "2060042600", "endNodeNm": "매송2교", "spd": "60", "vol": "0", "trvlTime": "4", "linkDelayTime": "0", "congGrade": "1" }, "geometry": { "type": "LineString", "coordinates": [ [ 127.120104951076513, 37.398543481127859 ], [ 127.12002233052074, 37.39913499420134 ], [ 127.120014664002099, 37.3991898659309 ] ] } },
{ "type": "Feature", "properties": { "LINK_ID": "2060131500", "ROAD_NO": "61", "ROAD_NAME": "분당수서로", "MAX_SPD": 60, "LENGTH": 73.216826632771003, "collDate": "2026-08-16 19:00:00.0", "routeId": "1020000651", "routeNm": "분당수서로", "linkId": "2060131500", "startNodeId": "2060042600", "startNodeNm": "매송2교", "endNodeId": "2060041900", "endNodeNm": "방아교입구", "spd": "60", "vol": "0", "trvlTime": "4", "linkDelayTime": "0", "congGrade": "1" }, "geometry": { "type": "LineString", "coordinates": [ [ 127.11993434243162, 37.39919197314984 ], [ 127.119943642163904, 37.399127868582127 ], [ 127.120029110856009, 37.398536621557106 ] ] } },
{ "type": "Feature", "properties": { "LINK_ID": "2060134000", "ROAD_NO": "61", "ROAD_NAME": "분당수서로", "MAX_SPD": 60, "LENGTH": 444.113186913932, "collDate": "2026-08-16 19:00:00.0", "routeId": "1020000651", "routeNm": "분당수서로", "linkId": "2060134000", "startNodeId": "2060043200", "startNodeNm": "벌말지하차도", "endNodeId": "2060042600", "endNodeNm": "매송2교", "spd": "60", "vol": "0", "trvlTime": "24", "linkDelayTime": "0", "congGrade": "1" }, "geometry": { "type": "LineString", "coordinates": [ [ 127.119389476451218, 37.403169802130812 ], [ 127.11944154864193, 37.402816618739692 ], [ 127.119490955017056, 37.402447743291894 ], [ 127.119611704847884, 37.401546306885571 ], [ 127.11980908030533, 37.4000587434249 ], [ 127.119920049054812, 37.399291149184535 ], [ 127.11993434243162, 37.39919197314984 ] ] } },
{ "type": "Feature", "properties": { "LINK_ID": "2060134100", "ROAD_NO": "61", "ROAD_NAME": "분당수서로", "MAX_SPD": 60, "LENGTH": 433.073870014514, "collDate": "2026-08-16 19:00:00.0", "routeId": "1020000651", "routeNm": "분당수서로", "linkId": "2060134100", "startNodeId": "2060042600", "startNodeNm": "매송2교", "endNodeId": "2060043200", "endNodeNm": "벌말지하차도", "spd": "60", "vol": "0", "trvlTime": "23", "linkDelayTime": "0", "congGrade": "1" }, "geometry": { "type": "LineString", "coordinates": [ [ 127.119999522489209, 37.399298461823534 ], [ 127.119899547946403, 37.400018305811095 ], [ 127.119842735797675, 37.400501055591207 ], [ 127.119740173257028, 37.401456025235944 ], [ 127.119670267462539, 37.401849712278597 ], [ 127.119608516431157, 37.402271056841165 ], [ 127.119573860642191, 37.402510274098397 ], [ 127.119529454703468, 37.402816618207282 ], [ 127.119480973343428, 37.403178018627464 ] ] } },
{ "type": "Feature", "properties": { "LINK_ID": "2060135600", "ROAD_NO": "61", "ROAD_NAME": "분당수서로", "MAX_SPD": 40, "LENGTH": 246.77652070790199, "collDate": "2026-08-16 19:00:00.0", "routeId": "1020000651", "routeNm": "분당수서로", "linkId": "2060135600", "startNodeId": "2060044900", "startNodeNm": "벌말사거리", "endNodeId": "2060043200", "endNodeNm": "벌말지하차도", "spd": "34", "vol": "0", "trvlTime": "27", "linkDelayTime": "0", "congGrade": "1" }, "geometry": { "type": "LineString", "coordinates": [ [ 127.118997408574572, 37.405365138667456 ], [ 127.119290476038984, 37.403378251083893 ], [ 127.119389476451218, 37.403169802130812 ] ] } },
{ "type": "Feature", "properties": { "LINK_ID": "2060135700", "ROAD_NO": "61", "ROAD_NAME": "분당수서로", "MAX_SPD": 40, "LENGTH": 247.983340222061, "collDate": "2026-08-16 19:00:00.0", "routeId": "1020000651", "routeNm": "분당수서로", "linkId": "2060135700", "startNodeId": "2060043200", "startNodeNm": "벌말지하차도", "endNodeId": "2060044900", "endNodeNm": "벌말사거리", "spd": "30", "vol": "0", "trvlTime": "30", "linkDelayTime": "0", "congGrade": "2" }, "geometry": { "type": "LineString", "coordinates": [ [ 127.119480973343428, 37.403178018627464 ], [ 127.11952005870792, 37.403394731590041 ], [ 127.119251257392179, 37.405398725212152 ] ] } },
{ "type": "Feature", "properties": { "LINK_ID": "2060135800", "ROAD_NO": "61", "ROAD_NAME": "분당수서로", "MAX_SPD": 80, "LENGTH": 597.755453183084, "collDate": "2026-08-16 19:00:00.0", "routeId": "1020000651", "routeNm": "분당수서로", "linkId": "2060135800", "startNodeId": "2060047700", "startNodeNm": "벌말지하차도", "endNodeId": "2060043200", "endNodeNm": "벌말지하차도", "spd": "67", "vol": "0", "trvlTime": "33", "linkDelayTime": "0", "congGrade": "1" }, "geometry": { "type": "LineString", "coordinates": [ [ 127.118609361678921, 37.408519551037898 ], [ 127.118631777265193, 37.408352563192111 ], [ 127.118675833434395, 37.40802420814331 ], [ 127.118689207031707, 37.407907615386499 ], [ 127.119044463989994, 37.405499078091495 ], [ 127.119052637063746, 37.405448522637016 ], [ 127.119061121949784, 37.405395881907104 ], [ 127.119389476451218, 37.403169802130812 ] ] } },
{ "type": "Feature", "properties": { "LINK_ID": "2060135900", "ROAD_NO": "61", "ROAD_NAME": "분당수서로", "MAX_SPD": 60, "LENGTH": 597.67965634948905, "collDate": "2026-08-16 19:00:00.0", "routeId": "1020000651", "routeNm": "분당수서로", "linkId": "2060135900", "startNodeId": "2060043200", "startNodeNm": "벌말지하차도", "endNodeId": "2060047700", "endNodeNm": "벌말지하차도", "spd": "60", "vol": "0", "trvlTime": "30", "linkDelayTime": "0", "congGrade": "1" }, "geometry": { "type": "LineString", "coordinates": [ [ 127.119480973343428, 37.403178018627464 ], [ 127.119181257313571, 37.405412401812626 ], [ 127.119173706598005, 37.405460772576326 ], [ 127.119165349468872, 37.405514161031562 ], [ 127.118829160546852, 37.40803735319377 ], [ 127.118784709872813, 37.408368673950406 ], [ 127.118784709925436, 37.408368707288091 ], [ 127.118762726047166, 37.408532643326993 ] ] } },
{ "type": "Feature", "properties": { "LINK_ID": "2060141600", "ROAD_NO": "61", "ROAD_NAME": "분당수서로", "MAX_SPD": 40, "LENGTH": 313.65861170231301, "collDate": "2026-08-16 19:00:00.0", "routeId": "1020000651", "routeNm": "분당수서로", "linkId": "2060141600", "startNodeId": "2060044900", "startNodeNm": "벌말사거리", "endNodeId": "2060047400", "endNodeNm": "벌말지하차도삼거리", "spd": "46", "vol": "0", "trvlTime": "25", "linkDelayTime": "0", "congGrade": "1" }, "geometry": { "type": "LineString", "coordinates": [ [ 127.119234730352076, 37.405507136561603 ], [ 127.119232653397631, 37.405520391309906 ], [ 127.118896530327689, 37.408043102448495 ], [ 127.118859729977345, 37.408317381462723 ] ] } },
{ "type": "Feature", "properties": { "LINK_ID": "2060141700", "ROAD_NO": "61", "ROAD_NAME": "분당수서로", "MAX_SPD": 40, "LENGTH": 315.25085192479702, "collDate": "2026-08-16 19:00:00.0", "routeId": "1020000651", "routeNm": "분당수서로", "linkId": "2060141700", "startNodeId": "2060047400", "startNodeNm": "벌말지하차도삼거리", "endNodeId": "2060044900", "endNodeNm": "벌말사거리", "spd": "33", "vol": "0", "trvlTime": "35", "linkDelayTime": "0", "congGrade": "1" }, "geometry": { "type": "LineString", "coordinates": [ [ 127.118571630790129, 37.408292779766498 ], [ 127.118608388658998, 37.408018870604032 ], [ 127.118621795800536, 37.407901995801843 ], [ 127.118977226098991, 37.405492445784596 ], [ 127.118980661191358, 37.405471162826458 ] ] } },
{ "type": "Feature", "properties": { "LINK_ID": "2060149400", "ROAD_NO": "61", "ROAD_NAME": "분당수서로", "MAX_SPD": 40, "LENGTH": 13.943522433429001, "collDate": "2026-08-16 19:00:00.0", "routeId": "1020000651", "routeNm": "분당수서로", "linkId": "2060149400", "startNodeId": "2060047400", "startNodeNm": "벌말지하차도삼거리", "endNodeId": "2060047700", "endNodeNm": "벌말지하차도", "spd": "46", "vol": "0", "trvlTime": "2", "linkDelayTime": "0", "congGrade": "1" }, "geometry": { "type": "LineString", "coordinates": [ [ 127.118843398915871, 37.408424742711006 ], [ 127.118762726047166, 37.408532643326993 ] ] } },
{ "type": "Feature", "properties": { "LINK_ID": "2060150000", "ROAD_NO": "61", "ROAD_NAME": "분당수서로", "MAX_SPD": 80, "LENGTH": 990.52498215401499, "collDate": "2026-08-16 19:00:00.0", "routeId": "1020000651", "routeNm": "분당수서로", "linkId": "2060150000", "startNodeId": "2040004600", "startNodeNm": "탄천교", "endNodeId": "2060047700", "endNodeNm": "벌말지하차도", "spd": "71", "vol": "0", "trvlTime": "51", "linkDelayTime": "0", "congGrade": "1" }, "geometry": { "type": "LineString", "coordinates": [ [ 127.117817735799548, 37.417394368506073 ], [ 127.117758798557716, 37.417149806464103 ], [ 127.117684986065399, 37.416730274831103 ], [ 127.117661767181815, 37.41657127540882 ], [ 127.11764386057321, 37.416232118366842 ], [ 127.117670892361588, 37.415642681220874 ], [ 127.117748485766384, 37.415105431118043 ], [ 127.117793454336422, 37.414701962439452 ], [ 127.117894735791126, 37.413861900295956 ], [ 127.11797767359117, 37.413350056889684 ], [ 127.118155454741569, 37.412067337425832 ], [ 127.118251174053938, 37.411234806379056 ], [ 127.118260829441837, 37.411150681173879 ], [ 127.118298111486268, 37.410826618442428 ], [ 127.118420641876313, 37.409886462323875 ], [ 127.118535391925775, 37.409070712991692 ], [ 127.118609361678921, 37.408519551037898 ] ] } },
{ "type": "Feature", "properties": { "LINK_ID": "2060150100", "ROAD_NO": "61", "ROAD_NAME": "분당수서로", "MAX_SPD": 80, "LENGTH": 986.21809530431801, "collDate": "2026-08-16 19:00:00.0", "routeId": "1020000651", "routeNm": "분당수서로", "linkId": "2060150100", "startNodeId": "2060047700", "startNodeNm": "벌말지하차도", "endNodeId": "2040004600", "endNodeNm": "탄천교", "spd": "75", "vol": "0", "trvlTime": "48", "linkDelayTime": "0", "congGrade": "1" }, "geometry": { "type": "LineString", "coordinates": [ [ 127.118762726047166, 37.408532643326993 ], [ 127.118697298503449, 37.40902068183243 ], [ 127.118582204596791, 37.409836400136548 ], [ 127.118460017432014, 37.410776556986121 ], [ 127.118396204790699, 37.411330118809296 ], [ 127.118386516724811, 37.411414212519929 ], [ 127.118317017799669, 37.41201727471455 ], [ 127.118139611400935, 37.413299430918897 ], [ 127.118056641801971, 37.413811868245496 ], [ 127.11795501656124, 37.414651930876445 ], [ 127.117910423038154, 37.415054837009635 ], [ 127.117832829711915, 37.4155920872224 ], [ 127.117805798962209, 37.416182087545018 ], [ 127.117823704027785, 37.416521243665358 ], [ 127.117846548396727, 37.416679649659173 ], [ 127.117920360411176, 37.41709977496582 ], [ 127.117985449963939, 37.417368568890012 ] ] } },
{ "type": "Feature", "properties": { "LINK_ID": "2060176600", "ROAD_NO": "171", "ROAD_NAME": "용인서울고속도로", "MAX_SPD": 40, "LENGTH": 319.18282395155597, "collDate": "2026-08-16 19:00:00.0", "routeId": "1010001711", "routeNm": "용인서울고속도로", "linkId": "2060176600", "startNodeId": "2060055700", "startNodeNm": "고기JCT", "endNodeId": "2060055500", "endNodeNm": "서분당(고기)IC", "spd": "40", "vol": "0", "trvlTime": "23", "linkDelayTime": "0", "congGrade": "1" }, "geometry": { "type": "LineString", "coordinates": [ [ 127.062582621048307, 37.363621897847082 ], [ 127.062509743722003, 37.363070399026363 ], [ 127.062475241755436, 37.36295582375044 ], [ 127.062446722117301, 37.362888204125028 ], [ 127.062418294390028, 37.362838814020563 ], [ 127.062379533302689, 37.362778449444384 ], [ 127.062328613988839, 37.362710340628219 ], [ 127.062282126827142, 37.362668507006248 ], [ 127.062210586241036, 37.362607293741334 ], [ 127.062142590478302, 37.362562726845859 ], [ 127.062062342925159, 37.362521443375087 ], [ 127.061845122729139, 37.362432651012128 ], [ 127.061704022898724, 37.362377908921758 ], [ 127.061603764784024, 37.362333517120852 ], [ 127.061542487803422, 37.36229651230267 ], [ 127.061490087399449, 37.362254658917017 ], [ 127.061437926569226, 37.362211671891373 ], [ 127.061402856809906, 37.362180516367921 ], [ 127.061373456960638, 37.362144953671901 ], [ 127.061354247612897, 37.362114267447581 ], [ 127.061337164821722, 37.362086156153651 ], [ 127.061320560734501, 37.362049807419474 ], [ 127.061310777713373, 37.362021265250043 ], [ 127.061306542875357, 37.362001069121092 ], [ 127.061300723691687, 37.361971795064157 ], [ 127.061293010168598, 37.36190621059675 ], [ 127.061291049408624, 37.361845140897266 ], [ 127.061294844376462, 37.361760327051336 ], [ 127.061308111995544, 37.361701419131677 ], [ 127.061328928041704, 37.361646735816798 ], [ 127.061359693437694, 37.361583730856537 ], [ 127.061379875654808, 37.361550616648245 ], [ 127.061398689153108, 37.361523721135164 ], [ 127.061434598586146, 37.361477505927013 ], [ 127.061480839914907, 37.361433948774199 ], [ 127.061542578139452, 37.361386988470805 ], [ 127.061614797470654, 37.361341609384581 ], [ 127.06167251666399, 37.361310830851217 ], [ 127.061685268719501, 37.361304679561904 ] ] } },
{ "type": "Feature", "properties": { "LINK_ID": "2060176700", "ROAD_NO": "171", "ROAD_NAME": "용인서울고속도로", "MAX_SPD": 40, "LENGTH": 623.45087126735405, "collDate": "2026-08-16 19:00:00.0", "routeId": "1010001711", "routeNm": "용인서울고속도로", "linkId": "2060176700", "startNodeId": "2060055500", "startNodeNm": "서분당(고기)IC", "endNodeId": "2060055700", "endNodeNm": "고기JCT", "spd": "40", "vol": "0", "trvlTime": "39", "linkDelayTime": "0", "congGrade": "1" }, "geometry": { "type": "LineString", "coordinates": [ [ 127.067445528836913, 37.3612692316946 ], [ 127.067244245568219, 37.361376237527942 ], [ 127.067027652832422, 37.361442715703198 ], [ 127.066890726857196, 37.361472231572833 ], [ 127.066744549960944, 37.361490073390598 ], [ 127.066615124928177, 37.36149551286757 ], [ 127.066510405766209, 37.361494022930508 ], [ 127.066360340616683, 37.361481830720351 ], [ 127.066249805631486, 37.361463423426663 ], [ 127.066171287342442, 37.361446419042956 ], [ 127.06599723138477, 37.361400385497618 ], [ 127.065729364294981, 37.361330737482859 ], [ 127.065302988020306, 37.361244376824551 ], [ 127.064913599884548, 37.361186231625844 ], [ 127.064620311836194, 37.361168286974262 ], [ 127.064367561909279, 37.361149240112148 ], [ 127.06424841954879, 37.361166522614347 ], [ 127.064085550283934, 37.361194249074629 ], [ 127.063914457302943, 37.361233703019124 ], [ 127.063823957741846, 37.361266350147275 ], [ 127.063749277679548, 37.361295483685595 ], [ 127.063667470135044, 37.361337852597181 ], [ 127.063605441672365, 37.361375012792131 ], [ 127.063543419494223, 37.361418360304441 ], [ 127.063448562203732, 37.36149376322355 ], [ 127.06338434033205, 37.361556560502279 ], [ 127.063299513838018, 37.361655366609298 ], [ 127.063227008743752, 37.361754853552107 ], [ 127.063161632278224, 37.36187492961664 ], [ 127.063113939239813, 37.361979596754921 ], [ 127.063034105592124, 37.362176639880865 ], [ 127.062969478893208, 37.362372094450599 ], [ 127.062727623461029, 37.363629547717821 ] ] } },
{ "type": "Feature", "properties": { "LINK_ID": "2060176800", "ROAD_NO": "171", "ROAD_NAME": "용인서울고속도로", "MAX_SPD": 40, "LENGTH": 517.58583643047598, "collDate": "2026-08-16 19:00:00.0", "routeId": "1010001711", "routeNm": "용인서울고속도로", "linkId": "2060176800", "startNodeId": "2060055500", "startNodeNm": "서분당(고기)IC", "endNodeId": "2450016400", "endNodeNm": "서분당IC", "spd": "40", "vol": "0", "trvlTime": "38", "linkDelayTime": "0", "congGrade": "1" }, "geometry": { "type": "LineString", "coordinates": [ [ 127.067445528836913, 37.3612692316946 ], [ 127.06724424669703, 37.36137623752731 ], [ 127.067217107715592, 37.361384567200417 ], [ 127.067027652832422, 37.361442715703198 ], [ 127.066890726857196, 37.361472231572833 ], [ 127.06674454996012, 37.36149007248958 ], [ 127.066615124928177, 37.36149551286757 ], [ 127.066510406895034, 37.361494022929875 ], [ 127.066360341745508, 37.361481830719718 ], [ 127.066249805631486, 37.361463423426663 ], [ 127.066171286213617, 37.361446419043588 ], [ 127.06599723138477, 37.361400385497618 ], [ 127.065729364294185, 37.361330736581849 ], [ 127.065302988020306, 37.361244376824551 ], [ 127.064913599884548, 37.361186231625844 ], [ 127.06462031183699, 37.361168287875294 ], [ 127.064367561909279, 37.361149240112148 ], [ 127.064208952236726, 37.361143120041007 ], [ 127.063142800393422, 37.3611988530565 ], [ 127.062743258583509, 37.361219737029053 ], [ 127.062359383749524, 37.361249334237797 ], [ 127.062202701406235, 37.361267068759361 ], [ 127.062144332163484, 37.361275817778505 ], [ 127.06205653796691, 37.361293897028794 ], [ 127.061994844852421, 37.361308762088335 ], [ 127.061925625102418, 37.361330868106599 ], [ 127.061864955532641, 37.361350951311863 ], [ 127.061789251425779, 37.361380853625391 ], [ 127.061755328724445, 37.361397216896712 ] ] } },
{ "type": "Feature", "properties": { "LINK_ID": "2060176900", "ROAD_NO": "171", "ROAD_NAME": "용인서울고속도로", "MAX_SPD": 40, "LENGTH": 508.02594170306298, "collDate": "2026-08-16 19:00:00.0", "routeId": "1010001711", "routeNm": "용인서울고속도로", "linkId": "2060176900", "startNodeId": "2450016400", "startNodeNm": "서분당IC", "endNodeId": "2060055500", "endNodeNm": "서분당(고기)IC", "spd": "40", "vol": "0", "trvlTime": "32", "linkDelayTime": "0", "congGrade": "1" }, "geometry": { "type": "LineString", "coordinates": [ [ 127.063179692297069, 37.359326068664622 ], [ 127.063317648311966, 37.359824089278582 ], [ 127.06333799169137, 37.360051490490264 ], [ 127.063359604068893, 37.360171602080676 ], [ 127.063386461823498, 37.360265964899014 ], [ 127.063415246749059, 37.360337814509016 ], [ 127.063440064839938, 37.36039188266264 ], [ 127.063459692262711, 37.360427943861666 ], [ 127.063507345663837, 37.360504359640572 ], [ 127.063533518363812, 37.360540934501969 ], [ 127.063564190514086, 37.360578878303059 ], [ 127.063615782087794, 37.360638750861256 ], [ 127.063684943090436, 37.360704755340137 ], [ 127.06375353456724, 37.36075788710837 ], [ 127.063797241084458, 37.360789009352537 ], [ 127.063866686254926, 37.360834339500045 ], [ 127.063916231564733, 37.360863415918359 ], [ 127.063985479124568, 37.360900521525721 ], [ 127.064123950007286, 37.360953966656787 ], [ 127.064226723450545, 37.360987258816188 ], [ 127.06462183200253, 37.361059940326513 ], [ 127.064931282755296, 37.36107887354077 ], [ 127.065332129244794, 37.361138730613213 ], [ 127.065767040269165, 37.361226819999523 ], [ 127.066039510236664, 37.361297664627735 ], [ 127.066210353766749, 37.361342849340318 ], [ 127.066281400053384, 37.361358235135704 ], [ 127.066381087669626, 37.361374835621589 ], [ 127.066518485293798, 37.361385998748858 ], [ 127.066612768300587, 37.361387339579785 ], [ 127.066730718065642, 37.36138238232202 ], [ 127.066862744368152, 37.36136626768058 ], [ 127.066985575129948, 37.361339789980185 ], [ 127.067130951069643, 37.361295170224381 ], [ 127.067182153620351, 37.361279454739858 ], [ 127.067362939991497, 37.361185019652162 ] ] } },
{ "type": "Feature", "properties": { "LINK_ID": "2060177000", "ROAD_NO": "171", "ROAD_NAME": "용인서울고속도로", "MAX_SPD": 100, "LENGTH": 613.63902538835703, "collDate": "2026-08-16 19:04:00.0", "routeId": "1010001711", "routeNm": "용인서울고속도로", "linkId": "2060177000", "startNodeId": "2060056200", "startNodeNm": "서판교IC", "endNodeId": "2060056500", "endNodeNm": "서판교IC", "spd": "94", "vol": "17", "trvlTime": "24", "linkDelayTime": "0", "congGrade": "1" }, "geometry": { "type": "LineString", "coordinates": [ [ 127.069559594227272, 37.385848074544718 ], [ 127.069914215124015, 37.387504728422577 ], [ 127.069954594245345, 37.387747705973979 ], [ 127.070131825359908, 37.388814184297566 ], [ 127.070409650500423, 37.390502163826909 ], [ 127.070537671482668, 37.391320805336917 ] ] } },
{ "type": "Feature", "properties": { "LINK_ID": "2060177100", "ROAD_NO": "171", "ROAD_NAME": "용인서울고속도로", "MAX_SPD": 100, "LENGTH": 479.83353251719399, "collDate": "2026-08-16 19:04:00.0", "routeId": "1010001711", "routeNm": "용인서울고속도로", "linkId": "2060177100", "startNodeId": "2060055700", "startNodeNm": "고기JCT", "endNodeId": "2450016400", "endNodeNm": "서분당IC", "spd": "89", "vol": "33", "trvlTime": "20", "linkDelayTime": "0", "congGrade": "1" }, "geometry": { "type": "LineString", "coordinates": [ [ 127.062582621048307, 37.363621897847082 ], [ 127.062583643628898, 37.363610668818481 ], [ 127.062631252690338, 37.3630890824166 ], [ 127.06265405076195, 37.362839321898285 ], [ 127.062739166905388, 37.361807177361328 ], [ 127.062886585991876, 37.360638175783187 ], [ 127.063052852151174, 37.359315324471595 ] ] } },
{ "type": "Feature", "properties": { "LINK_ID": "2060177400", "ROAD_NO": "171", "ROAD_NAME": "용인서울고속도로", "MAX_SPD": 100, "LENGTH": 479.373669912411, "collDate": "2026-08-16 19:04:00.0", "routeId": "1010001711", "routeNm": "용인서울고속도로", "linkId": "2060177400", "startNodeId": "2450016400", "startNodeNm": "서분당IC", "endNodeId": "2060055700", "endNodeNm": "고기JCT", "spd": "95", "vol": "21", "trvlTime": "19", "linkDelayTime": "0", "congGrade": "1" }, "geometry": { "type": "LineString", "coordinates": [ [ 127.063179692297069, 37.359326068664622 ], [ 127.062938575190415, 37.361197756324351 ], [ 127.062922810296982, 37.361342499410682 ], [ 127.062885011400368, 37.361689423071297 ], [ 127.06280193689858, 37.362692777035534 ], [ 127.062789152830462, 37.362847177493713 ], [ 127.062768208775751, 37.36307663151144 ], [ 127.062727623461029, 37.363629547717821 ] ] } },
{ "type": "Feature", "properties": { "LINK_ID": "2060177500", "ROAD_NO": "171", "ROAD_NAME": "용인서울고속도로", "MAX_SPD": 100, "LENGTH": 612.41311503644295, "collDate": "2026-08-16 19:04:00.0", "routeId": "1010001711", "routeNm": "용인서울고속도로", "linkId": "2060177500", "startNodeId": "2060056500", "startNodeNm": "서판교IC", "endNodeId": "2060056200", "endNodeNm": "서판교IC", "spd": "89", "vol": "36", "trvlTime": "25", "linkDelayTime": "0", "congGrade": "1" }, "geometry": { "type": "LineString", "coordinates": [ [ 127.070405205309825, 37.391331215403575 ], [ 127.07027523978131, 37.390515911393578 ], [ 127.069997483467816, 37.388828329762504 ], [ 127.06982042114484, 37.387762853077376 ], [ 127.069779888009748, 37.387518940309455 ], [ 127.069671067978618, 37.387033534985669 ], [ 127.06942776176308, 37.385869538200986 ] ] } },
{ "type": "Feature", "properties": { "LINK_ID": "2060177600", "ROAD_NO": "171", "ROAD_NAME": "용인서울고속도로", "MAX_SPD": 50, "LENGTH": 322.05151775225301, "collDate": "2026-08-16 19:00:00.0", "routeId": "1010001711", "routeNm": "용인서울고속도로", "linkId": "2060177600", "startNodeId": "2060056500", "startNodeNm": "서판교IC", "endNodeId": "2060056400", "endNodeNm": "서판교IC앞", "spd": "41", "vol": "0", "trvlTime": "29", "linkDelayTime": "0", "congGrade": "1" }, "geometry": { "type": "LineString", "coordinates": [ [ 127.070405205309825, 37.391331215403575 ], [ 127.070248560865238, 37.391028602819958 ], [ 127.070176682961744, 37.390854621088799 ], [ 127.070140023024194, 37.390740876116659 ], [ 127.070086836464711, 37.390529935898527 ], [ 127.070067392017805, 37.390437830466169 ], [ 127.070049134473066, 37.390344528668919 ], [ 127.070008687220124, 37.390084770650198 ], [ 127.069930170329727, 37.38959536170929 ], [ 127.069797798578733, 37.388950463415284 ], [ 127.069768581417719, 37.388854657769272 ], [ 127.069660883490911, 37.38850150043654 ] ] } },
{ "type": "Feature", "properties": { "LINK_ID": "2060177700", "ROAD_NO": "171", "ROAD_NAME": "용인서울고속도로", "MAX_SPD": 40, "LENGTH": 342.89015566182502, "collDate": "2026-08-16 19:00:00.0", "routeId": "1010001711", "routeNm": "용인서울고속도로", "linkId": "2060177700", "startNodeId": "2060056300", "startNodeNm": "서판교IC앞", "endNodeId": "2060056500", "endNodeNm": "서판교IC", "spd": "40", "vol": "0", "trvlTime": "23", "linkDelayTime": "0", "congGrade": "1" }, "geometry": { "type": "LineString", "coordinates": [ [ 127.070373591468226, 37.388252875448117 ], [ 127.070312984271041, 37.388539496281865 ], [ 127.070319906155618, 37.388606953558202 ], [ 127.070327087878397, 37.388676940751289 ], [ 127.070378689957863, 37.388971732865933 ], [ 127.070439586993956, 37.389447411458313 ], [ 127.070447114611184, 37.389532047257156 ], [ 127.07051230455356, 37.389913433880061 ], [ 127.070577018042954, 37.390332753782403 ], [ 127.070589670421811, 37.39042821859546 ], [ 127.070606488507309, 37.390586159632456 ], [ 127.070612223530716, 37.390721739394237 ], [ 127.070608740699655, 37.390879234824069 ], [ 127.070537671482668, 37.391320805336917 ] ] } },
{ "type": "Feature", "properties": { "LINK_ID": "2060177800", "ROAD_NO": "171", "ROAD_NAME": "용인서울고속도로", "MAX_SPD": 40, "LENGTH": 293.33749278600601, "collDate": "2026-08-16 19:00:00.0", "routeId": "1010001711", "routeNm": "용인서울고속도로", "linkId": "2060177800", "startNodeId": "2060056400", "startNodeNm": "서판교IC앞", "endNodeId": "2060056200", "endNodeNm": "서판교IC", "spd": "40", "vol": "0", "trvlTime": "23", "linkDelayTime": "0", "congGrade": "1" }, "geometry": { "type": "LineString", "coordinates": [ [ 127.069660883490911, 37.38850150043654 ], [ 127.069603091489029, 37.388152481753544 ], [ 127.069512279113127, 37.387614462203551 ], [ 127.069472809745818, 37.387340073391975 ], [ 127.069448310881043, 37.387083302480619 ], [ 127.069436978473846, 37.386833756336387 ], [ 127.06941838259533, 37.386582339414936 ], [ 127.06942776176308, 37.385869538200986 ] ] } },
{ "type": "Feature", "properties": { "LINK_ID": "2060178000", "ROAD_NO": "171", "ROAD_NAME": "용인서울고속도로", "MAX_SPD": 50, "LENGTH": 278.55472022454802, "collDate": "2026-08-16 19:00:00.0", "routeId": "1010001711", "routeNm": "용인서울고속도로", "linkId": "2060178000", "startNodeId": "2060056200", "startNodeNm": "서판교IC", "endNodeId": "2060056300", "endNodeNm": "서판교IC앞", "spd": "23", "vol": "0", "trvlTime": "44", "linkDelayTime": "0", "congGrade": "2" }, "geometry": { "type": "LineString", "coordinates": [ [ 127.069559594227272, 37.385848074544718 ], [ 127.069915272454836, 37.386447175218358 ], [ 127.069993792414692, 37.386618015045265 ], [ 127.070285951451964, 37.387647542783256 ], [ 127.070373591468226, 37.388252875448117 ] ] } },
{ "type": "Feature", "properties": { "LINK_ID": "2060178100", "ROAD_NO": "171", "ROAD_NAME": "용인서울고속도로", "MAX_SPD": 100, "LENGTH": 388.812334729226, "collDate": "2026-08-16 19:04:00.0", "routeId": "1010001711", "routeNm": "용인서울고속도로", "linkId": "2060178100", "startNodeId": "2060055800", "startNodeNm": "대장동산37-15", "endNodeId": "2060055700", "endNodeNm": "고기JCT", "spd": "89", "vol": "33", "trvlTime": "16", "linkDelayTime": "0", "congGrade": "1" }, "geometry": { "type": "LineString", "coordinates": [ [ 127.062458347116134, 37.367120070400752 ], [ 127.062412980199781, 37.366155308656815 ], [ 127.062435799237207, 37.365468380148215 ], [ 127.062453370723333, 37.365018224301515 ], [ 127.062486843812522, 37.364517160120094 ], [ 127.062564794496069, 37.36381774556299 ], [ 127.062582621048307, 37.363621897847082 ] ] } },
{ "type": "Feature", "properties": { "LINK_ID": "2060178200", "ROAD_NO": "171", "ROAD_NAME": "용인서울고속도로", "MAX_SPD": 100, "LENGTH": 472.11714827340103, "collDate": "2026-08-16 19:04:00.0", "routeId": "1010001711", "routeNm": "용인서울고속도로", "linkId": "2060178200", "startNodeId": "2060056600", "startNodeNm": "속성변화점", "endNodeId": "2060056500", "endNodeNm": "서판교IC", "spd": "89", "vol": "40", "trvlTime": "20", "linkDelayTime": "0", "congGrade": "1" }, "geometry": { "type": "LineString", "coordinates": [ [ 127.071153694766608, 37.395540780398569 ], [ 127.071150813336743, 37.395529186726435 ], [ 127.070982485688944, 37.394881759450257 ], [ 127.070903410932488, 37.394524340814691 ], [ 127.070800250530553, 37.393953762799889 ], [ 127.070602201008782, 37.392650283121341 ], [ 127.070405205309825, 37.391331215403575 ] ] } },
{ "type": "Feature", "properties": { "LINK_ID": "2060178300", "ROAD_NO": "171", "ROAD_NAME": "용인서울고속도로", "MAX_SPD": 100, "LENGTH": 470.95073241030502, "collDate": "2026-08-16 19:04:00.0", "routeId": "1010001711", "routeNm": "용인서울고속도로", "linkId": "2060178300", "startNodeId": "2060056500", "startNodeNm": "서판교IC", "endNodeId": "2060056600", "endNodeNm": "속성변화점", "spd": "94", "vol": "13", "trvlTime": "19", "linkDelayTime": "0", "congGrade": "1" }, "geometry": { "type": "LineString", "coordinates": [ [ 127.070537671482668, 37.391320805336917 ], [ 127.070736739326335, 37.392637340624042 ], [ 127.070934595694297, 37.39393953713946 ], [ 127.071037233751397, 37.394507220367906 ], [ 127.071115587798957, 37.3948613767475 ], [ 127.071283627513282, 37.395507690346456 ], [ 127.07128662472438, 37.395519749543396 ] ] } },
{ "type": "Feature", "properties": { "LINK_ID": "2060178400", "ROAD_NO": "171", "ROAD_NAME": "용인서울고속도로", "MAX_SPD": 100, "LENGTH": 846.88371311436697, "collDate": "2026-08-16 19:04:00.0", "routeId": "1010001711", "routeNm": "용인서울고속도로", "linkId": "2060178400", "startNodeId": "2060056100", "startNodeNm": "속성변화점", "endNodeId": "2060056000", "endNodeNm": "속성변화점", "spd": "85", "vol": "41", "trvlTime": "36", "linkDelayTime": "0", "congGrade": "1" }, "geometry": { "type": "LineString", "coordinates": [ [ 127.068641344860495, 37.383675705700085 ], [ 127.068273299909947, 37.38283232151462 ], [ 127.067663552741635, 37.381452388828315 ], [ 127.067061069094919, 37.380104457435593 ], [ 127.066425347406181, 37.378633013573662 ], [ 127.065900414796374, 37.377446720907749 ], [ 127.065623306888625, 37.376773049940141 ], [ 127.065486620195216, 37.376472545306967 ] ] } },
{ "type": "Feature", "properties": { "LINK_ID": "2060178500", "ROAD_NO": "171", "ROAD_NAME": "용인서울고속도로", "MAX_SPD": 100, "LENGTH": 844.48901703874901, "collDate": "2026-08-16 19:04:00.0", "routeId": "1010001711", "routeNm": "용인서울고속도로", "linkId": "2060178500", "startNodeId": "2060056000", "startNodeNm": "속성변화점", "endNodeId": "2060056100", "endNodeNm": "속성변화점", "spd": "94", "vol": "28", "trvlTime": "33", "linkDelayTime": "0", "congGrade": "1" }, "geometry": { "type": "LineString", "coordinates": [ [ 127.062849376378352, 37.369166615610084 ], [ 127.062856378624716, 37.369203939289129 ], [ 127.063089008383386, 37.370196466648324 ], [ 127.063310427437386, 37.37094238594964 ], [ 127.06343569914317, 37.371341193881761 ], [ 127.063642081452926, 37.371898690809758 ], [ 127.063989001860918, 37.372765625325648 ], [ 127.064565104960863, 37.374091992722327 ], [ 127.065318764818741, 37.375786634131025 ], [ 127.06561397257552, 37.376435652910459 ] ] } },
{ "type": "Feature", "properties": { "LINK_ID": "2060178600", "ROAD_NO": "171", "ROAD_NAME": "용인서울고속도로", "MAX_SPD": 100, "LENGTH": 230.14191055838799, "collDate": "2026-08-16 19:04:00.0", "routeId": "1010001711", "routeNm": "용인서울고속도로", "linkId": "2060178600", "startNodeId": "2060056000", "startNodeNm": "속성변화점", "endNodeId": "2060055800", "endNodeNm": "대장동산37-15", "spd": "89", "vol": "33", "trvlTime": "10", "linkDelayTime": "0", "congGrade": "1" }, "geometry": { "type": "LineString", "coordinates": [ [ 127.062715399808994, 37.369182627491284 ], [ 127.062633466582454, 37.368745889422563 ], [ 127.062566447169857, 37.368234998956133 ], [ 127.062480842657095, 37.367433162443696 ], [ 127.062458347116134, 37.367120070400752 ] ] } },
{ "type": "Feature", "properties": { "LINK_ID": "2060178700", "ROAD_NO": "171", "ROAD_NAME": "용인서울고속도로", "MAX_SPD": 100, "LENGTH": 616.286852351427, "collDate": "2026-08-16 19:04:00.0", "routeId": "1010001711", "routeNm": "용인서울고속도로", "linkId": "2060178700", "startNodeId": "2060055700", "startNodeNm": "고기JCT", "endNodeId": "2060056000", "endNodeNm": "속성변화점", "spd": "95", "vol": "21", "trvlTime": "24", "linkDelayTime": "0", "congGrade": "1" }, "geometry": { "type": "LineString", "coordinates": [ [ 127.062727623461029, 37.363629547717821 ], [ 127.062697888456952, 37.363928113942109 ], [ 127.062632082209205, 37.364536713971908 ], [ 127.06259093271504, 37.365088141532603 ], [ 127.062567111827647, 37.366075769307962 ], [ 127.062575100221864, 37.366856544092876 ], [ 127.062615980669193, 37.367425475506082 ], [ 127.062701315820945, 37.368224778378561 ], [ 127.062767887363492, 37.368732246909843 ], [ 127.062849376378352, 37.369166615610084 ] ] } },
{ "type": "Feature", "properties": { "LINK_ID": "2060178800", "ROAD_NO": "171", "ROAD_NAME": "용인서울고속도로", "MAX_SPD": 100, "LENGTH": 253.321779597903, "collDate": "2026-08-16 19:04:00.0", "routeId": "1010001711", "routeNm": "용인서울고속도로", "linkId": "2060178800", "startNodeId": "2060056200", "startNodeNm": "서판교IC", "endNodeId": "2060056100", "endNodeNm": "속성변화점", "spd": "89", "vol": "36", "trvlTime": "11", "linkDelayTime": "0", "congGrade": "1" }, "geometry": { "type": "LineString", "coordinates": [ [ 127.06942776176308, 37.385869538200986 ], [ 127.069343821548529, 37.385597105105987 ], [ 127.068967142787415, 37.384498112726902 ], [ 127.06869793241772, 37.383805376819836 ], [ 127.068641344860495, 37.383675705700085 ] ] } },
{ "type": "Feature", "properties": { "LINK_ID": "2060178900", "ROAD_NO": "171", "ROAD_NAME": "용인서울고속도로", "MAX_SPD": 100, "LENGTH": 254.92450716481801, "collDate": "2026-08-16 19:04:00.0", "routeId": "1010001711", "routeNm": "용인서울고속도로", "linkId": "2060178900", "startNodeId": "2060056100", "startNodeNm": "속성변화점", "endNodeId": "2060056200", "endNodeNm": "서판교IC", "spd": "94", "vol": "17", "trvlTime": "10", "linkDelayTime": "0", "congGrade": "1" }, "geometry": { "type": "LineString", "coordinates": [ [ 127.068769305085141, 37.383640148559088 ], [ 127.068826659473984, 37.383771575753286 ], [ 127.069097238158363, 37.384467829969587 ], [ 127.069475037303349, 37.385570087490969 ], [ 127.069559594227272, 37.385848074544718 ] ] } },
{ "type": "Feature", "properties": { "LINK_ID": "2060179600", "ROAD_NO": "23", "ROAD_NAME": "대왕판교로", "MAX_SPD": 60, "LENGTH": 292.04568351101898, "collDate": "2026-08-16 19:00:00.0", "routeId": "1050000234", "routeNm": "밤고개로/대왕판교로/신수로", "linkId": "2060179600", "startNodeId": "2060002400", "startNodeNm": "판교파출소삼거리", "endNodeId": "2060059500", "endNodeNm": "화랑지하차도", "spd": "40", "vol": "0", "trvlTime": "27", "linkDelayTime": "0", "congGrade": "2" }, "geometry": { "type": "LineString", "coordinates": [ [ 127.101662384812727, 37.388467233078998 ], [ 127.101701040373513, 37.388626036786427 ], [ 127.101684984411108, 37.3887147390151 ], [ 127.101645971223817, 37.389029455645854 ], [ 127.101619328155564, 37.389219301500155 ], [ 127.10161849339471, 37.389395637759556 ], [ 127.101626129150588, 37.389572069451113 ], [ 127.101642093283701, 37.389746986567914 ], [ 127.101666580598305, 37.389922445072756 ], [ 127.101699674027017, 37.39009793310808 ], [ 127.101741600952778, 37.390273705460395 ], [ 127.101791044959825, 37.390444917554447 ], [ 127.101848744471127, 37.390614798009679 ], [ 127.10191435833805, 37.390782389321274 ], [ 127.101989296602198, 37.390950696971927 ], [ 127.102038330305589, 37.391048815265947 ] ] } },
{ "type": "Feature", "properties": { "LINK_ID": "2060179700", "ROAD_NO": "23", "ROAD_NAME": "대왕판교로", "MAX_SPD": 40, "LENGTH": 312.96530570573401, "collDate": "2026-08-16 19:00:00.0", "routeId": "1050000234", "routeNm": "밤고개로/대왕판교로/신수로", "linkId": "2060179700", "startNodeId": "2060059500", "startNodeNm": "화랑지하차도", "endNodeId": "2060002400", "endNodeNm": "판교파출소삼거리", "spd": "39", "vol": "0", "trvlTime": "29", "linkDelayTime": "0", "congGrade": "1" }, "geometry": { "type": "LineString", "coordinates": [ [ 127.103978303620593, 37.393284038704323 ], [ 127.10381454361216, 37.393195809394626 ], [ 127.103631330631671, 37.393084715498837 ], [ 127.103452778854177, 37.392969585165091 ], [ 127.103279076403894, 37.392848426991023 ], [ 127.103112089573301, 37.392722576487181 ], [ 127.102951490617855, 37.392591850158503 ], [ 127.102799971844192, 37.392458809098301 ], [ 127.102652766327594, 37.392319154197565 ], [ 127.102512580880443, 37.392175320390479 ], [ 127.102377610240623, 37.392025154920489 ], [ 127.10225156531591, 37.391872907421352 ], [ 127.102130361039073, 37.391713241090528 ], [ 127.102021538480059, 37.391556867998048 ], [ 127.101919317465885, 37.391395899303618 ], [ 127.101822860544473, 37.391228186806714 ], [ 127.101773591984141, 37.39113316581718 ] ] } },
{ "type": "Feature", "properties": { "LINK_ID": "2060179800", "ROAD_NO": "23", "ROAD_NAME": "대왕판교로", "MAX_SPD": 60, "LENGTH": 400.73152851472798, "collDate": "2026-08-16 19:00:00.0", "routeId": "1050000234", "routeNm": "밤고개로/대왕판교로/신수로", "linkId": "2060179800", "startNodeId": "2060059800", "startNodeNm": "화랑공원삼거리", "endNodeId": "2060060300", "endNodeNm": "판교테크노2사거리", "spd": "43", "vol": "0", "trvlTime": "34", "linkDelayTime": "0", "congGrade": "2" }, "geometry": { "type": "LineString", "coordinates": [ [ 127.107079383255964, 37.396260764651956 ], [ 127.107114441614343, 37.396474010996016 ], [ 127.107145125862957, 37.396735902040454 ], [ 127.107167173449994, 37.39699804777284 ], [ 127.10718059208186, 37.397260371604204 ], [ 127.107186073562104, 37.397461529573171 ], [ 127.107184066781002, 37.397663016888679 ], [ 127.107174568756335, 37.39786436772502 ], [ 127.107157587082114, 37.398065405473389 ], [ 127.107133134996957, 37.39826595171639 ], [ 127.107101234780245, 37.398465831631242 ], [ 127.107061795512266, 37.398665479586548 ], [ 127.107007078845598, 37.39887138001918 ], [ 127.10694730200585, 37.399069941674107 ], [ 127.106863742805416, 37.399272792925267 ], [ 127.106785889397855, 37.399470493226559 ], [ 127.106701507846637, 37.399667479445519 ], [ 127.10663557111026, 37.399811042011386 ] ] } },
{ "type": "Feature", "properties": { "LINK_ID": "2060179901", "ROAD_NO": "23", "ROAD_NAME": "대왕판교로", "MAX_SPD": 60, "LENGTH": 73.167151844718006, "collDate": "2026-08-16 19:00:00.0", "routeId": "1050000234", "routeNm": "밤고개로/대왕판교로/신수로", "linkId": "2060179901", "startNodeId": "2060068400", "startNodeNm": "화랑지하차도", "endNodeId": "2060060801", "endNodeNm": "삼평동668-1", "spd": "21", "vol": "0", "trvlTime": "13", "linkDelayTime": "0", "congGrade": "3" }, "geometry": { "type": "LineString", "coordinates": [ [ 127.102512502517001, 37.4054986572011 ], [ 127.102673634783727, 37.405356566906349 ], [ 127.102692115827367, 37.405346530144705 ], [ 127.102847754780328, 37.405262004876882 ], [ 127.103017127115578, 37.405161619828505 ], [ 127.10314506746839, 37.405079041103605 ] ] } },
{ "type": "Feature", "properties": { "LINK_ID": "2060179902", "ROAD_NO": "23", "ROAD_NAME": "대왕판교로", "MAX_SPD": 60, "LENGTH": 238.27383269113699, "collDate": "2026-08-16 19:00:00.0", "routeId": "1050000234", "routeNm": "밤고개로/대왕판교로/신수로", "linkId": "2060179902", "startNodeId": "2060060801", "startNodeNm": "삼평동668-1", "endNodeId": "2060060800", "endNodeNm": "판교테크노중앙사거리", "spd": "21", "vol": "0", "trvlTime": "41", "linkDelayTime": "0", "congGrade": "3" }, "geometry": { "type": "LineString", "coordinates": [ [ 127.103238894853021, 37.405015224840739 ], [ 127.103339576974918, 37.404944560181768 ], [ 127.103492494191883, 37.404827957849186 ], [ 127.103643961828695, 37.404706430709538 ], [ 127.103787433363806, 37.404580690013624 ], [ 127.103920259812952, 37.404455337827351 ], [ 127.104050404682724, 37.404322773379327 ], [ 127.104176364766374, 37.404183899022797 ], [ 127.104296002626555, 37.404040794409106 ], [ 127.104388208722639, 37.403922667653262 ], [ 127.104474792900589, 37.403801024603126 ], [ 127.104554625041033, 37.403679434311108 ], [ 127.104631566597547, 37.403552102515327 ], [ 127.10471258195588, 37.403404595913521 ], [ 127.104778917361628, 37.403280278635677 ] ] } },
{ "type": "Feature", "properties": { "LINK_ID": "2060181001", "ROAD_NO": "23", "ROAD_NAME": "대왕판교로", "MAX_SPD": 60, "LENGTH": 260.34993978819199, "collDate": "2026-08-16 19:00:00.0", "routeId": "1050000234", "routeNm": "밤고개로/대왕판교로/신수로", "linkId": "2060181001", "startNodeId": "2060060800", "startNodeNm": "판교테크노중앙사거리", "endNodeId": "2060060801", "endNodeNm": "삼평동668-1", "spd": "43", "vol": "0", "trvlTime": "22", "linkDelayTime": "0", "congGrade": "2" }, "geometry": { "type": "LineString", "coordinates": [ [ 127.105076047814038, 37.403281998673428 ], [ 127.105049487441121, 37.403342817738057 ], [ 127.104973889509594, 37.403503198047922 ], [ 127.104886775921671, 37.403665557250818 ], [ 127.104793345844456, 37.403826124447946 ], [ 127.104691148664088, 37.403982700601532 ], [ 127.104583837161996, 37.404132155917551 ], [ 127.104468120318771, 37.404273017419079 ], [ 127.104344115590479, 37.404412615679888 ], [ 127.104216987522108, 37.404545744531696 ], [ 127.104083545962325, 37.404676075727828 ], [ 127.103942518174307, 37.404804561843392 ], [ 127.103801763654559, 37.404924345494628 ], [ 127.10364982047048, 37.405045155135795 ], [ 127.103495254845342, 37.405159884988471 ], [ 127.103440380398965, 37.405197915154339 ] ] } },
{ "type": "Feature", "properties": { "LINK_ID": "2060181002", "ROAD_NO": "23", "ROAD_NAME": "대왕판교로", "MAX_SPD": 60, "LENGTH": 76.565371045136999, "collDate": "2026-08-16 19:00:00.0", "routeId": "1050000234", "routeNm": "밤고개로/대왕판교로/신수로", "linkId": "2060181002", "startNodeId": "2060060801", "startNodeNm": "삼평동668-1", "endNodeId": "2060068400", "endNodeNm": "화랑지하차도", "spd": "43", "vol": "0", "trvlTime": "7", "linkDelayTime": "0", "congGrade": "2" }, "geometry": { "type": "LineString", "coordinates": [ [ 127.10333776457199, 37.40526903245653 ], [ 127.103335708851176, 37.405270457177615 ], [ 127.103168947946628, 37.40537819092458 ], [ 127.103005136957776, 37.405477000863961 ], [ 127.102869810318211, 37.405552971228275 ], [ 127.102831420541364, 37.405574522622224 ], [ 127.102610528460829, 37.405624741203468 ] ] } },
{ "type": "Feature", "properties": { "LINK_ID": "2060181100", "ROAD_NO": "23", "ROAD_NAME": "대왕판교로", "MAX_SPD": 60, "LENGTH": 387.42859518143001, "collDate": "2026-08-16 19:00:00.0", "routeId": "1050000234", "routeNm": "밤고개로/대왕판교로/신수로", "linkId": "2060181100", "startNodeId": "2060060800", "startNodeNm": "판교테크노중앙사거리", "endNodeId": "2060060300", "endNodeNm": "판교테크노2사거리", "spd": "30", "vol": "0", "trvlTime": "47", "linkDelayTime": "0", "congGrade": "2" }, "geometry": { "type": "LineString", "coordinates": [ [ 127.104836961725226, 37.403165214309887 ], [ 127.106318481341717, 37.399880581409874 ] ] } },
{ "type": "Feature", "properties": { "LINK_ID": "2060181600", "ROAD_NO": "23", "ROAD_NAME": "대왕판교로", "MAX_SPD": 60, "LENGTH": 399.36395423129699, "collDate": "2026-08-16 19:00:00.0", "routeId": "1050000234", "routeNm": "밤고개로/대왕판교로/신수로", "linkId": "2060181600", "startNodeId": "2060060300", "startNodeNm": "판교테크노2사거리", "endNodeId": "2060059800", "endNodeNm": "화랑공원삼거리", "spd": "33", "vol": "0", "trvlTime": "44", "linkDelayTime": "0", "congGrade": "2" }, "geometry": { "type": "LineString", "coordinates": [ [ 127.106350752586508, 37.399811561559368 ], [ 127.106441119861472, 37.399643474862451 ], [ 127.106530506727012, 37.399462702698138 ], [ 127.106613319599262, 37.399279933418633 ], [ 127.106689483086356, 37.399095332893481 ], [ 127.106758616926015, 37.398909904315161 ], [ 127.106813338494291, 37.398721282877354 ], [ 127.106868466104828, 37.398514982104025 ], [ 127.106907090397229, 37.398306582424226 ], [ 127.106937159377622, 37.398096468610419 ], [ 127.106958489369518, 37.397885674306465 ], [ 127.106971057059795, 37.397674432001601 ], [ 127.106974850429509, 37.397462974172896 ], [ 127.106969867916263, 37.397251738718943 ], [ 127.106954741873892, 37.397049410920367 ], [ 127.106933487946776, 37.39684697963105 ], [ 127.106906153297402, 37.39664501515162 ], [ 127.106872765366163, 37.396443720182923 ], [ 127.106842108130266, 37.396291104467601 ] ] } },
{ "type": "Feature", "properties": { "LINK_ID": "2060181700", "ROAD_NO": "23", "ROAD_NAME": "대왕판교로", "MAX_SPD": 60, "LENGTH": 387.87482036336701, "collDate": "2026-08-16 19:00:00.0", "routeId": "1050000234", "routeNm": "밤고개로/대왕판교로/신수로", "linkId": "2060181700", "startNodeId": "2060060300", "startNodeNm": "판교테크노2사거리", "endNodeId": "2060060800", "endNodeNm": "판교테크노중앙사거리", "spd": "11", "vol": "0", "trvlTime": "127", "linkDelayTime": "0", "congGrade": "3" }, "geometry": { "type": "LineString", "coordinates": [ [ 127.106604865005679, 37.399878221311162 ], [ 127.105126713841088, 37.403168091300955 ] ] } },
{ "type": "Feature", "properties": { "LINK_ID": "2060182600", "ROAD_NO": "23", "ROAD_NAME": "대왕판교로", "MAX_SPD": 60, "LENGTH": 239.18875978216201, "collDate": "2026-08-16 19:00:00.0", "routeId": "1050000234", "routeNm": "밤고개로/대왕판교로/신수로", "linkId": "2060182600", "startNodeId": "2060059600", "startNodeNm": "판교IC앞사거리", "endNodeId": "2060059800", "endNodeNm": "화랑공원삼거리", "spd": "19", "vol": "0", "trvlTime": "46", "linkDelayTime": "0", "congGrade": "3" }, "geometry": { "type": "LineString", "coordinates": [ [ 127.10582658233217, 37.39428680571352 ], [ 127.105871264209483, 37.394330623260146 ], [ 127.1060168516169, 37.394484224270293 ], [ 127.106146253240908, 37.39461942994933 ], [ 127.106279934467423, 37.394785151047301 ], [ 127.106405592651782, 37.394953378643322 ], [ 127.106523922346739, 37.395124955493415 ], [ 127.106634782067303, 37.395299679918026 ], [ 127.106738039349651, 37.395477343921513 ], [ 127.106833573017695, 37.395657738595958 ], [ 127.10692127091707, 37.395840648717133 ], [ 127.107001049196043, 37.39602591039219 ], [ 127.107062161325644, 37.396186654619314 ] ] } },
{ "type": "Feature", "properties": { "LINK_ID": "2060183100", "ROAD_NO": "57", "ROAD_NAME": "서현로", "MAX_SPD": 60, "LENGTH": 328.12395749329698, "collDate": "2026-08-16 19:00:00.0", "routeId": "1050000234", "routeNm": "밤고개로/대왕판교로/신수로", "linkId": "2060183100", "startNodeId": "2060059300", "startNodeNm": "동판교로사거리", "endNodeId": "2060059200", "endNodeNm": "느티나무사거리", "spd": "27", "vol": "0", "trvlTime": "44", "linkDelayTime": "0", "congGrade": "2" }, "geometry": { "type": "LineString", "coordinates": [ [ 127.11677043620972, 37.391965261669775 ], [ 127.113070704974689, 37.391801776533676 ] ] } },
{ "type": "Feature", "properties": { "LINK_ID": "2060183801", "ROAD_NO": "57", "ROAD_NAME": "서현로", "MAX_SPD": 60, "LENGTH": 274.12827766329298, "collDate": "2026-08-16 19:00:00.0", "routeId": "1050000234", "routeNm": "밤고개로/대왕판교로/신수로", "linkId": "2060183801", "startNodeId": "2060059600", "startNodeNm": "판교IC앞사거리", "endNodeId": "2060065000", "endNodeNm": "판교IC고가차도", "spd": "28", "vol": "0", "trvlTime": "36", "linkDelayTime": "0", "congGrade": "2" }, "geometry": { "type": "LineString", "coordinates": [ [ 127.105589875381412, 37.394091088603687 ], [ 127.107916080949479, 37.39282615455685 ], [ 127.108179261266699, 37.39274845958208 ] ] } },
{ "type": "Feature", "properties": { "LINK_ID": "2060183802", "ROAD_NO": "57", "ROAD_NAME": "서현로", "MAX_SPD": 60, "LENGTH": 443.793566293509, "collDate": "2026-08-16 19:00:00.0", "routeId": "1050000234", "routeNm": "밤고개로/대왕판교로/신수로", "linkId": "2060183802", "startNodeId": "2060065000", "startNodeNm": "판교IC고가차도", "endNodeId": "2060059200", "endNodeNm": "느티나무사거리", "spd": "28", "vol": "0", "trvlTime": "58", "linkDelayTime": "0", "congGrade": "2" }, "geometry": { "type": "LineString", "coordinates": [ [ 127.108179261266699, 37.39274845958208 ], [ 127.109190631516668, 37.392198856475929 ], [ 127.109333842463869, 37.392118617874118 ], [ 127.109481498858472, 37.392043683805056 ], [ 127.109633290396275, 37.391974210416784 ], [ 127.10978890337249, 37.391910342148392 ], [ 127.10994800939126, 37.391852213542599 ], [ 127.110110277782326, 37.391799945630318 ], [ 127.110275368826251, 37.391753646838154 ], [ 127.110442939401779, 37.391713413884247 ], [ 127.110612638468496, 37.391679331782605 ], [ 127.110784111579434, 37.391651471135958 ], [ 127.110957000882024, 37.391629889036814 ], [ 127.111130945123065, 37.391614632671647 ], [ 127.111305581896048, 37.39160573211069 ], [ 127.111480545392794, 37.391603207518223 ], [ 127.111655470910947, 37.39160706284121 ], [ 127.112817748520825, 37.391641236222405 ] ] } },
{ "type": "Feature", "properties": { "LINK_ID": "2060183900", "ROAD_NO": "57", "ROAD_NAME": "서현로", "MAX_SPD": 60, "LENGTH": 327.99930412017, "collDate": "2026-08-16 19:00:00.0", "routeId": "1050000234", "routeNm": "밤고개로/대왕판교로/신수로", "linkId": "2060183900", "startNodeId": "2060059200", "startNodeNm": "느티나무사거리", "endNodeId": "2060059300", "endNodeNm": "동판교로사거리", "spd": "25", "vol": "0", "trvlTime": "48", "linkDelayTime": "0", "congGrade": "2" }, "geometry": { "type": "LineString", "coordinates": [ [ 127.113070899240014, 37.39165049091671 ], [ 127.116769217640723, 37.391813912264205 ] ] } },
{ "type": "Feature", "properties": { "LINK_ID": "2060184001", "ROAD_NO": "57", "ROAD_NAME": "서현로", "MAX_SPD": 60, "LENGTH": 269.01217910123302, "collDate": "2026-08-16 19:00:00.0", "routeId": "1050000234", "routeNm": "밤고개로/대왕판교로/신수로", "linkId": "2060184001", "startNodeId": "2060065000", "startNodeNm": "판교IC고가차도", "endNodeId": "2060059600", "endNodeNm": "판교IC앞사거리", "spd": "16", "vol": "0", "trvlTime": "61", "linkDelayTime": "0", "congGrade": "3" }, "geometry": { "type": "LineString", "coordinates": [ [ 127.108292711805817, 37.39288172287884 ], [ 127.108106508042056, 37.393048279212657 ], [ 127.10582658233217, 37.39428680571352 ] ] } },
{ "type": "Feature", "properties": { "LINK_ID": "2060184002", "ROAD_NO": "57", "ROAD_NAME": "서현로", "MAX_SPD": 60, "LENGTH": 433.11470351713399, "collDate": "2026-08-16 19:00:00.0", "routeId": "1050000234", "routeNm": "밤고개로/대왕판교로/신수로", "linkId": "2060184002", "startNodeId": "2060059200", "startNodeNm": "느티나무사거리", "endNodeId": "2060065000", "endNodeNm": "판교IC고가차도", "spd": "35", "vol": "0", "trvlTime": "45", "linkDelayTime": "0", "congGrade": "2" }, "geometry": { "type": "LineString", "coordinates": [ [ 127.11281758802825, 37.391793726574797 ], [ 127.11161120542431, 37.391770457255625 ], [ 127.111443891097906, 37.391766045071186 ], [ 127.111276506232542, 37.391768140799869 ], [ 127.111109448281212, 37.391776740463818 ], [ 127.110943112412144, 37.391791822069187 ], [ 127.110777896035742, 37.391813351908851 ], [ 127.110614189760184, 37.391841277362808 ], [ 127.110452383046351, 37.391875532298883 ], [ 127.11029285856192, 37.391916037077898 ], [ 127.110135997820137, 37.39196269314224 ], [ 127.109982171027539, 37.392015390233375 ], [ 127.109831743857143, 37.392074004583328 ], [ 127.109685075186405, 37.392138396213582 ], [ 127.109542510327231, 37.392208412545322 ], [ 127.109404391186914, 37.392283886587805 ], [ 127.108292711805817, 37.39288172287884 ] ] } },
{ "type": "Feature", "properties": { "LINK_ID": "2060185200", "ROAD_NO": "23", "ROAD_NAME": "대왕판교로", "MAX_SPD": 60, "LENGTH": 163.50921191866499, "collDate": "2026-08-16 19:00:00.0", "routeId": "1050000234", "routeNm": "밤고개로/대왕판교로/신수로", "linkId": "2060185200", "startNodeId": "2060059500", "startNodeNm": "화랑지하차도", "endNodeId": "2060059600", "endNodeNm": "판교IC앞사거리", "spd": "29", "vol": "0", "trvlTime": "21", "linkDelayTime": "0", "congGrade": "2" }, "geometry": { "type": "LineString", "coordinates": [ [ 127.104170201913533, 37.393149782468683 ], [ 127.104399812616933, 37.393291213328084 ], [ 127.104665786720361, 37.393455408419683 ], [ 127.104930949889379, 37.393636522117099 ], [ 127.105187819822433, 37.393813727650645 ], [ 127.105448503781872, 37.393993562906061 ], [ 127.105589875381412, 37.394091088603687 ] ] } },
{ "type": "Feature", "properties": { "LINK_ID": "2060185300", "ROAD_NO": "23", "ROAD_NAME": "대왕판교로", "MAX_SPD": 60, "LENGTH": 232.57447636906099, "collDate": "2026-08-16 19:00:00.0", "routeId": "1050000234", "routeNm": "밤고개로/대왕판교로/신수로", "linkId": "2060185300", "startNodeId": "2060059800", "startNodeNm": "화랑공원삼거리", "endNodeId": "2060059600", "endNodeNm": "판교IC앞사거리", "spd": "16", "vol": "0", "trvlTime": "53", "linkDelayTime": "0", "congGrade": "3" }, "geometry": { "type": "LineString", "coordinates": [ [ 127.106831171072642, 37.396240659715097 ], [ 127.106769655202356, 37.396073175405817 ], [ 127.106697732757283, 37.395900447807456 ], [ 127.106618134272026, 37.395729876018109 ], [ 127.1065309594822, 37.39556167888081 ], [ 127.106436321663068, 37.395396068918167 ], [ 127.106334340860855, 37.395233257744579 ], [ 127.106225145018172, 37.39507345336235 ], [ 127.10610887448594, 37.394916856553671 ], [ 127.10598567864659, 37.394763668992837 ], [ 127.105855711386582, 37.394614086042495 ], [ 127.105719010062913, 37.394468156302324 ], [ 127.105640496760444, 37.394389259284488 ] ] } },
{ "type": "Feature", "properties": { "LINK_ID": "2060186500", "ROAD_NO": "23", "ROAD_NAME": "대왕판교로", "MAX_SPD": 60, "LENGTH": 148.63669483406599, "collDate": "2026-08-16 19:00:00.0", "routeId": "1050000234", "routeNm": "밤고개로/대왕판교로/신수로", "linkId": "2060186500", "startNodeId": "2060059600", "startNodeNm": "판교IC앞사거리", "endNodeId": "2060059500", "endNodeNm": "화랑지하차도", "spd": "32", "vol": "0", "trvlTime": "17", "linkDelayTime": "0", "congGrade": "2" }, "geometry": { "type": "LineString", "coordinates": [ [ 127.105398552386447, 37.394195688312429 ], [ 127.105251318816158, 37.394096174861446 ], [ 127.104944650533014, 37.393893321040252 ], [ 127.104634948307634, 37.393692871224978 ], [ 127.104321105634455, 37.39349416051293 ], [ 127.104093705665548, 37.393353433780732 ] ] } },
{ "type": "Feature", "properties": { "LINK_ID": "2060192100", "ROAD_NO": "57", "ROAD_NAME": "안양판교로", "MAX_SPD": 60, "LENGTH": 86.313801939813999, "collDate": "2026-08-16 19:00:00.0", "routeId": "1050000571", "routeNm": "안양판교로/관악대로", "linkId": "2060192100", "startNodeId": "2060002801", "startNodeNm": "장모밥상", "endNodeId": "2060058500", "endNodeNm": "위닉스고객지원센터", "spd": "60", "vol": "0", "trvlTime": "5", "linkDelayTime": "0", "congGrade": "1" }, "geometry": { "type": "LineString", "coordinates": [ [ 127.057559624201616, 37.39036349141238 ], [ 127.057368040086828, 37.390343045021091 ], [ 127.057367509293684, 37.390342983108027 ], [ 127.056907727745028, 37.390289608826457 ], [ 127.056595516737701, 37.390249427980542 ] ] } },
{ "type": "Feature", "properties": { "LINK_ID": "2060192200", "ROAD_NO": "57", "ROAD_NAME": "안양판교로", "MAX_SPD": 60, "LENGTH": 353.121536333096, "collDate": "2026-08-16 19:00:00.0", "routeId": "1050000571", "routeNm": "안양판교로/관악대로", "linkId": "2060192200", "startNodeId": "2060058500", "startNodeNm": "위닉스고객지원센터", "endNodeId": "2260004500", "endNodeNm": "성남시분당구-의왕시", "spd": "60", "vol": "0", "trvlTime": "19", "linkDelayTime": "0", "congGrade": "1" }, "geometry": { "type": "LineString", "coordinates": [ [ 127.056595516737701, 37.390249427980542 ], [ 127.0562438219375, 37.390217702273219 ], [ 127.055857227947996, 37.390177607992399 ], [ 127.055854727592802, 37.390177327153275 ], [ 127.0554073526434, 37.390117514179529 ], [ 127.05466694679987, 37.390039107579959 ], [ 127.054466352812099, 37.390029858336781 ], [ 127.054322227847834, 37.390030139975721 ], [ 127.054319009484885, 37.390030108116243 ], [ 127.053916790191408, 37.390015638854415 ], [ 127.053613040348111, 37.390013045956202 ], [ 127.053372883250802, 37.390024046156945 ], [ 127.05332775882772, 37.390027357951261 ], [ 127.05306372766718, 37.390056639228909 ], [ 127.052814196622464, 37.390098389003839 ], [ 127.052640070598642, 37.390130515124 ] ] } },
{ "type": "Feature", "properties": { "LINK_ID": "2060200300", "ROAD_NO": "23", "ROAD_NAME": "대왕판교로", "MAX_SPD": 60, "LENGTH": 460.58676636135198, "collDate": "2026-08-16 19:00:00.0", "routeId": "1050000234", "routeNm": "밤고개로/대왕판교로/신수로", "linkId": "2060200300", "startNodeId": "2060062300", "startNodeNm": "백현고가도로", "endNodeId": "2060062800", "endNodeNm": "백현고가도로", "spd": "60", "vol": "0", "trvlTime": "26", "linkDelayTime": "0", "congGrade": "1" }, "geometry": { "type": "LineString", "coordinates": [ [ 127.102356873560581, 37.379633579580151 ], [ 127.102308977937184, 37.381041568109758 ], [ 127.102359891848039, 37.381575054533549 ], [ 127.102578831954148, 37.383774582350938 ] ] } },
{ "type": "Feature", "properties": { "LINK_ID": "2060200400", "ROAD_NO": "23", "ROAD_NAME": "대왕판교로", "MAX_SPD": 60, "LENGTH": 461.26874550671499, "collDate": "2026-08-16 19:00:00.0", "routeId": "1050000234", "routeNm": "밤고개로/대왕판교로/신수로", "linkId": "2060200400", "startNodeId": "2060062800", "startNodeNm": "백현고가도로", "endNodeId": "2060062300", "endNodeNm": "백현고가도로", "spd": "57", "vol": "0", "trvlTime": "30", "linkDelayTime": "0", "congGrade": "1" }, "geometry": { "type": "LineString", "coordinates": [ [ 127.102420884009717, 37.383781711712878 ], [ 127.10218963012565, 37.381592366281275 ], [ 127.102152998846321, 37.381015955283424 ], [ 127.102208654934287, 37.379634790846509 ] ] } },
{ "type": "Feature", "properties": { "LINK_ID": "2060200500", "ROAD_NO": "23", "ROAD_NAME": "대왕판교로", "MAX_SPD": 40, "LENGTH": 211.304490787025, "collDate": "2026-08-16 19:00:00.0", "routeId": "1050000234", "routeNm": "밤고개로/대왕판교로/신수로", "linkId": "2060200500", "startNodeId": "2060062400", "startNodeNm": "백현1교차로", "endNodeId": "2060062300", "endNodeNm": "백현고가도로", "spd": "42", "vol": "0", "trvlTime": "19", "linkDelayTime": "0", "congGrade": "1" }, "geometry": { "type": "LineString", "coordinates": [ [ 127.102118984220695, 37.381528732795758 ], [ 127.102082457686777, 37.381014122241631 ], [ 127.102131612530954, 37.379853593405976 ], [ 127.102208654934287, 37.379634790846509 ] ] } },
{ "type": "Feature", "properties": { "LINK_ID": "2060200600", "ROAD_NO": "23", "ROAD_NAME": "대왕판교로", "MAX_SPD": 40, "LENGTH": 205.26984937862099, "collDate": "2026-08-16 19:00:00.0", "routeId": "1050000234", "routeNm": "밤고개로/대왕판교로/신수로", "linkId": "2060200600", "startNodeId": "2060062300", "startNodeNm": "백현고가도로", "endNodeId": "2060062400", "endNodeNm": "백현1교차로", "spd": "18", "vol": "0", "trvlTime": "42", "linkDelayTime": "0", "congGrade": "2" }, "geometry": { "type": "LineString", "coordinates": [ [ 127.102356873560581, 37.379633579580151 ], [ 127.102417391178534, 37.379866001677094 ], [ 127.102371354715913, 37.381046841886103 ], [ 127.102408771000157, 37.38147653732544 ] ] } },
{ "type": "Feature", "properties": { "LINK_ID": "2060201300", "ROAD_NO": "23", "ROAD_NAME": "대왕판교로", "MAX_SPD": 60, "LENGTH": 425.377872251832, "collDate": "2026-08-16 19:00:00.0", "routeId": "1050000234", "routeNm": "밤고개로/대왕판교로/신수로", "linkId": "2060201300", "startNodeId": "2060002400", "startNodeNm": "판교파출소삼거리", "endNodeId": "2060068400", "endNodeNm": "화랑지하차도", "spd": "60", "vol": "0", "trvlTime": "23", "linkDelayTime": "0", "congGrade": "1" }, "geometry": { "type": "LineString", "coordinates": [ [ 127.101662384812727, 37.388467233078998 ], [ 127.10163128443682, 37.388654641007925 ], [ 127.101599157463653, 37.388836595019292 ], [ 127.101575706862278, 37.389021562693266 ], [ 127.101556622582379, 37.389239797770657 ], [ 127.101558671289538, 37.389430035233254 ], [ 127.101569718606214, 37.389646012583349 ], [ 127.101600568874133, 37.38992347941619 ], [ 127.101645672724004, 37.390136566729012 ], [ 127.101712322934318, 37.3903739522816 ], [ 127.101769920640336, 37.390545547510833 ], [ 127.101854525571511, 37.39080294273662 ], [ 127.1019893652619, 37.391088901134964 ], [ 127.102242716580164, 37.391516365231858 ], [ 127.102404382979159, 37.391753667244984 ], [ 127.102515721900531, 37.391893747315237 ], [ 127.102697049957868, 37.392086690759065 ], [ 127.102706178822032, 37.392095836355708 ] ] } },
{ "type": "Feature", "properties": { "LINK_ID": "2060201400", "ROAD_NO": "23", "ROAD_NAME": "대왕판교로", "MAX_SPD": 60, "LENGTH": 436.007483299547, "collDate": "2026-08-16 19:00:00.0", "routeId": "1050000234", "routeNm": "밤고개로/대왕판교로/신수로", "linkId": "2060201400", "startNodeId": "2060068400", "startNodeNm": "화랑지하차도", "endNodeId": "2060002400", "endNodeNm": "판교파출소삼거리", "spd": "60", "vol": "0", "trvlTime": "25", "linkDelayTime": "0", "congGrade": "1" }, "geometry": { "type": "LineString", "coordinates": [ [ 127.102512502517001, 37.4054986572011 ], [ 127.102976794434667, 37.405248750280954 ], [ 127.103277751982731, 37.405049665954785 ], [ 127.10350703708103, 37.404887833233808 ], [ 127.10380076248579, 37.404647272724105 ], [ 127.103978042479909, 37.404481194065156 ], [ 127.104189313042482, 37.404260730234952 ], [ 127.104332521644395, 37.404093251133595 ], [ 127.104559798442622, 37.403779798007498 ], [ 127.104731525958925, 37.403492141206812 ], [ 127.104906763483697, 37.403150126966224 ], [ 127.105262335875096, 37.402358209510524 ] ] } },
{ "type": "Feature", "properties": { "LINK_ID": "2060205300", "ROAD_NO": "-", "ROAD_NAME": "안양판교로", "MAX_SPD": 60, "LENGTH": 276.35889970669803, "collDate": "2026-08-16 19:00:00.0", "routeId": "1050000571", "routeNm": "안양판교로/관악대로", "linkId": "2060205300", "startNodeId": "2060058200", "startNodeNm": "서판교IC앞교차로", "endNodeId": "2060063700", "endNodeNm": "두밀지하차도동측", "spd": "34", "vol": "0", "trvlTime": "30", "linkDelayTime": "0", "congGrade": "2" }, "geometry": { "type": "LineString", "coordinates": [ [ 127.069963069907743, 37.388256442026396 ], [ 127.070237493836061, 37.388205579669197 ], [ 127.070517925779228, 37.388167557193697 ], [ 127.070696734604681, 37.388149557916385 ], [ 127.070874385442067, 37.388138268981301 ], [ 127.072782582673469, 37.387991578348306 ], [ 127.073057707349037, 37.388028678772443 ] ] } },
{ "type": "Feature", "properties": { "LINK_ID": "2060205400", "ROAD_NO": "-", "ROAD_NAME": "안양판교로", "MAX_SPD": 40, "LENGTH": 169.45671959573701, "collDate": "2026-08-16 19:00:00.0", "routeId": "1050000571", "routeNm": "안양판교로/관악대로", "linkId": "2060205400", "startNodeId": "2060063700", "startNodeNm": "두밀지하차도동측", "endNodeId": "2060058000", "endNodeNm": "두밀사거리", "spd": "40", "vol": "0", "trvlTime": "9", "linkDelayTime": "0", "congGrade": "1" }, "geometry": { "type": "LineString", "coordinates": [ [ 127.073057707349037, 37.388028678772443 ], [ 127.073320803654454, 37.387952564942246 ], [ 127.074945759604333, 37.387818133278842 ] ] } },
{ "type": "Feature", "properties": { "LINK_ID": "2060205500", "ROAD_NO": "-", "ROAD_NAME": "안양판교로", "MAX_SPD": 60, "LENGTH": 287.04114631460698, "collDate": "2026-08-16 19:00:00.0", "routeId": "1050000571", "routeNm": "안양판교로/관악대로", "linkId": "2060205500", "startNodeId": "2060063700", "startNodeNm": "두밀지하차도동측", "endNodeId": "2060064000", "endNodeNm": "두밀지하차도서측", "spd": "60", "vol": "0", "trvlTime": "16", "linkDelayTime": "0", "congGrade": "1" }, "geometry": { "type": "LineString", "coordinates": [ [ 127.073209446240881, 37.388162940162992 ], [ 127.071483322869227, 37.388285696364179 ], [ 127.070478887309434, 37.388364953163403 ], [ 127.070051202122883, 37.388437897315832 ], [ 127.069991131212362, 37.388449015824207 ] ] } },
{ "type": "Feature", "properties": { "LINK_ID": "2060205600", "ROAD_NO": "-", "ROAD_NAME": "안양판교로", "MAX_SPD": 60, "LENGTH": 277.04609274704802, "collDate": "2026-08-16 19:00:00.0", "routeId": "1050000571", "routeNm": "안양판교로/관악대로", "linkId": "2060205600", "startNodeId": "2060064000", "startNodeNm": "두밀지하차도서측", "endNodeId": "2060063700", "endNodeNm": "두밀지하차도동측", "spd": "60", "vol": "0", "trvlTime": "15", "linkDelayTime": "0", "congGrade": "1" }, "geometry": { "type": "LineString", "coordinates": [ [ 127.067130412035112, 37.389364501990173 ], [ 127.068760420568424, 37.388642548286278 ], [ 127.068947912864857, 37.388572040391658 ], [ 127.069139706033823, 37.388507711603339 ], [ 127.069334751418282, 37.388449942747108 ], [ 127.0695326968426, 37.388398838532829 ], [ 127.06973318334687, 37.38835449016107 ], [ 127.069936680667311, 37.388316825259402 ], [ 127.069952136462405, 37.38831418919407 ] ] } },
{ "type": "Feature", "properties": { "LINK_ID": "2060205700", "ROAD_NO": "-", "ROAD_NAME": "안양판교로", "MAX_SPD": 60, "LENGTH": 247.33122815690899, "collDate": "2026-08-16 19:00:00.0", "routeId": "1050000571", "routeNm": "안양판교로/관악대로", "linkId": "2060205700", "startNodeId": "2060063400", "startNodeNm": "국은교", "endNodeId": "2060063700", "endNodeNm": "두밀지하차도동측", "spd": "25", "vol": "0", "trvlTime": "36", "linkDelayTime": "0", "congGrade": "2" }, "geometry": { "type": "LineString", "coordinates": [ [ 127.075987597023797, 37.387934264633813 ], [ 127.073209446240881, 37.388162940162992 ] ] } },
{ "type": "Feature", "properties": { "LINK_ID": "2060205800", "ROAD_NO": "-", "ROAD_NAME": "안양판교로", "MAX_SPD": 60, "LENGTH": 259.13422256760299, "collDate": "2026-08-16 19:00:00.0", "routeId": "1050000571", "routeNm": "안양판교로/관악대로", "linkId": "2060205800", "startNodeId": "2060063700", "startNodeNm": "두밀지하차도동측", "endNodeId": "2060063400", "endNodeNm": "국은교", "spd": "34", "vol": "0", "trvlTime": "28", "linkDelayTime": "0", "congGrade": "2" }, "geometry": { "type": "LineString", "coordinates": [ [ 127.073057707349037, 37.388028678772443 ], [ 127.075967378245338, 37.387781091439898 ] ] } },
{ "type": "Feature", "properties": { "LINK_ID": "2060205900", "ROAD_NO": "-", "ROAD_NAME": "안양판교로", "MAX_SPD": 40, "LENGTH": 83.320312226726998, "collDate": "2026-08-16 19:00:00.0", "routeId": "1050000571", "routeNm": "안양판교로/관악대로", "linkId": "2060205900", "startNodeId": "2060058000", "startNodeNm": "두밀사거리", "endNodeId": "2060063400", "endNodeNm": "국은교", "spd": "40", "vol": "0", "trvlTime": "5", "linkDelayTime": "0", "congGrade": "1" }, "geometry": { "type": "LineString", "coordinates": [ [ 127.075031249855911, 37.387811157456994 ], [ 127.075683640666142, 37.387758528981408 ], [ 127.075967378245338, 37.387781091439898 ] ] } },
{ "type": "Feature", "properties": { "LINK_ID": "2060206000", "ROAD_NO": "-", "ROAD_NAME": "안양판교로", "MAX_SPD": 60, "LENGTH": 482.19492525085502, "collDate": "2026-08-16 19:00:00.0", "routeId": "1050000571", "routeNm": "안양판교로/관악대로", "linkId": "2060206000", "startNodeId": "2060063300", "startNodeNm": "하산운교차로", "endNodeId": "2060063400", "endNodeNm": "국은교", "spd": "27", "vol": "0", "trvlTime": "65", "linkDelayTime": "0", "congGrade": "2" }, "geometry": { "type": "LineString", "coordinates": [ [ 127.084171610711195, 37.387143260780149 ], [ 127.083987686167262, 37.387183496797384 ], [ 127.083724667884326, 37.387234669498717 ], [ 127.083460014636501, 37.387280159114979 ], [ 127.0831939184079, 37.387319932162399 ], [ 127.08292657344964, 37.387353961464413 ], [ 127.081026013984356, 37.387535538524034 ], [ 127.079374653443665, 37.387648543900795 ], [ 127.078778184198114, 37.387698867243138 ] ] } },
{ "type": "Feature", "properties": { "LINK_ID": "2060206100", "ROAD_NO": "-", "ROAD_NAME": "안양판교로", "MAX_SPD": 60, "LENGTH": 175.71358537500601, "collDate": "2026-08-16 19:00:00.0", "routeId": "1050000571", "routeNm": "안양판교로/관악대로", "linkId": "2060206100", "startNodeId": "2060063400", "startNodeNm": "국은교", "endNodeId": "2060063300", "endNodeNm": "하산운교차로", "spd": "47", "vol": "0", "trvlTime": "14", "linkDelayTime": "0", "congGrade": "2" }, "geometry": { "type": "LineString", "coordinates": [ [ 127.075967378245338, 37.387781091439898 ], [ 127.07794047938927, 37.387614097880643 ] ] } },
{ "type": "Feature", "properties": { "LINK_ID": "2060206200", "ROAD_NO": "-", "ROAD_NAME": "안양판교로", "MAX_SPD": 60, "LENGTH": 330.95665027155297, "collDate": "2026-08-16 19:00:00.0", "routeId": "1050000571", "routeNm": "안양판교로/관악대로", "linkId": "2060206200", "startNodeId": "2060062500", "startNodeNm": "백현동473-9", "endNodeId": "2060063300", "endNodeNm": "하산운교차로", "spd": "52", "vol": "0", "trvlTime": "23", "linkDelayTime": "0", "congGrade": "1" }, "geometry": { "type": "LineString", "coordinates": [ [ 127.099493998475182, 37.382148859714746 ], [ 127.099398290734854, 37.382160817118127 ], [ 127.099199919933739, 37.382172291528597 ], [ 127.098999817324412, 37.382175427180044 ], [ 127.098798738190752, 37.382170097289311 ], [ 127.098598115487533, 37.382158048642815 ], [ 127.098398303838493, 37.382139300770298 ], [ 127.098199649981467, 37.382113887626716 ], [ 127.098002506311346, 37.382081853075995 ], [ 127.09780721846532, 37.382043255406202 ], [ 127.097614129830504, 37.381998161018728 ], [ 127.097423578162292, 37.381946648935966 ], [ 127.097235898969956, 37.381888809897596 ], [ 127.096098256479451, 37.381585162196451 ], [ 127.09591592423422, 37.381549331430513 ], [ 127.09587381771064, 37.38154270877294 ] ] } },
{ "type": "Feature", "properties": { "LINK_ID": "2060206300", "ROAD_NO": "-", "ROAD_NAME": "안양판교로", "MAX_SPD": 60, "LENGTH": 254.06037967855801, "collDate": "2026-08-16 19:00:00.0", "routeId": "1050000571", "routeNm": "안양판교로/관악대로", "linkId": "2060206300", "startNodeId": "2060063300", "startNodeNm": "하산운교차로", "endNodeId": "2060062500", "endNodeNm": "백현동473-9", "spd": "38", "vol": "0", "trvlTime": "25", "linkDelayTime": "0", "congGrade": "2" }, "geometry": { "type": "LineString", "coordinates": [ [ 127.084237248294912, 37.386940779324782 ], [ 127.08444432592573, 37.386884023815369 ], [ 127.084704763336262, 37.386805680105425 ], [ 127.084962176088666, 37.386721209234665 ], [ 127.085216334988431, 37.386630685271619 ], [ 127.085467019885328, 37.386534188587213 ], [ 127.085714007249507, 37.386431803160399 ], [ 127.085957081466674, 37.38632361927317 ], [ 127.0861960303194, 37.386209731711467 ], [ 127.086430639342424, 37.386090240670285 ], [ 127.08666070537312, 37.385965251743762 ], [ 127.086778013815959, 37.385897374079015 ] ] } },
{ "type": "Feature", "properties": { "LINK_ID": "2060206400", "ROAD_NO": "57", "ROAD_NAME": "서현로", "MAX_SPD": 60, "LENGTH": 296.94655109666502, "collDate": "2026-08-16 19:00:00.0", "routeId": "1050000234", "routeNm": "밤고개로/대왕판교로/신수로", "linkId": "2060206400", "startNodeId": "2060003100", "startNodeNm": "매송사거리", "endNodeId": "2060059300", "endNodeNm": "동판교로사거리", "spd": "15", "vol": "0", "trvlTime": "72", "linkDelayTime": "0", "congGrade": "3" }, "geometry": { "type": "LineString", "coordinates": [ [ 127.120121116492186, 37.391573551253231 ], [ 127.120075783574066, 37.391595281343051 ], [ 127.119923316501911, 37.391663741652714 ], [ 127.119766986881785, 37.391726412104845 ], [ 127.11960714233922, 37.391783157179418 ], [ 127.119444132773651, 37.391833848563707 ], [ 127.119278319412217, 37.391878377757763 ], [ 127.119110068015246, 37.391916644368024 ], [ 127.118939750015031, 37.391948562413489 ], [ 127.118767741394791, 37.391974065733066 ], [ 127.118594421537551, 37.391993094471466 ], [ 127.118420172116274, 37.392005607694756 ], [ 127.118245378214169, 37.392011577983112 ], [ 127.118070427197793, 37.392010993234059 ], [ 127.117895701933719, 37.392003852164095 ], [ 127.11687051955434, 37.391970198580012 ] ] } },
{ "type": "Feature", "properties": { "LINK_ID": "2060206500", "ROAD_NO": "57", "ROAD_NAME": "서현로", "MAX_SPD": 60, "LENGTH": 292.96334099906699, "collDate": "2026-08-16 19:00:00.0", "routeId": "1050000234", "routeNm": "밤고개로/대왕판교로/신수로", "linkId": "2060206500", "startNodeId": "2060059300", "startNodeNm": "동판교로사거리", "endNodeId": "2060003100", "endNodeNm": "매송사거리", "spd": "27", "vol": "0", "trvlTime": "40", "linkDelayTime": "0", "congGrade": "2" }, "geometry": { "type": "LineString", "coordinates": [ [ 127.116870394663934, 37.391818765359126 ], [ 127.117899874792599, 37.391852560079805 ], [ 127.118074598576598, 37.391859701145499 ], [ 127.118249550370663, 37.391860285887894 ], [ 127.118424343921177, 37.391854315593832 ], [ 127.118598592991603, 37.391841802364667 ], [ 127.118771912498147, 37.391822772719223 ], [ 127.118943920774242, 37.3917972711956 ], [ 127.119114238427699, 37.391765351341853 ], [ 127.119282489484604, 37.391727084725261 ], [ 127.119448301382732, 37.391682556426964 ], [ 127.119611310618154, 37.391631865036203 ], [ 127.119771155965893, 37.39157511995397 ], [ 127.119927485267269, 37.391512448594234 ], [ 127.12007995203102, 37.391443989179024 ], [ 127.120082829379299, 37.391442262173577 ] ] } },
{ "type": "Feature", "properties": { "LINK_ID": "2060206800", "ROAD_NO": "-", "ROAD_NAME": "안양판교로", "MAX_SPD": 60, "LENGTH": 239.574108667747, "collDate": "2026-08-16 19:00:00.0", "routeId": "1050000571", "routeNm": "안양판교로/관악대로", "linkId": "2060206800", "startNodeId": "2060062400", "startNodeNm": "백현1교차로", "endNodeId": "2060062500", "endNodeNm": "백현동473-9", "spd": "52", "vol": "0", "trvlTime": "17", "linkDelayTime": "0", "congGrade": "1" }, "geometry": { "type": "LineString", "coordinates": [ [ 127.102132834706623, 37.381681827144114 ], [ 127.100196099019485, 37.382056375672711 ], [ 127.099999684705054, 37.382091146637968 ], [ 127.099801617460272, 37.382119318672665 ], [ 127.099602245039378, 37.382140841919366 ], [ 127.099493998475182, 37.382148859714746 ] ] } },
{ "type": "Feature", "properties": { "LINK_ID": "2060206900", "ROAD_NO": "-", "ROAD_NAME": "안양판교로", "MAX_SPD": 60, "LENGTH": 239.86918335060699, "collDate": "2026-08-16 19:00:00.0", "routeId": "1050000571", "routeNm": "안양판교로/관악대로", "linkId": "2060206900", "startNodeId": "2060062500", "startNodeNm": "백현동473-9", "endNodeId": "2060062400", "endNodeNm": "백현1교차로", "spd": "38", "vol": "0", "trvlTime": "23", "linkDelayTime": "0", "congGrade": "2" }, "geometry": { "type": "LineString", "coordinates": [ [ 127.09947725256653, 37.381999210712152 ], [ 127.099541508755877, 37.381994214493268 ], [ 127.099740880805072, 37.381972690447931 ], [ 127.099938947687306, 37.381944518514793 ], [ 127.10013536164773, 37.381909747650049 ], [ 127.102118984220695, 37.381528732795758 ] ] } },
{ "type": "Feature", "properties": { "LINK_ID": "2060208400", "ROAD_NO": "-", "ROAD_NAME": "안양판교로", "MAX_SPD": 60, "LENGTH": 374.35445049158898, "collDate": "2026-08-16 19:00:00.0", "routeId": "1050000571", "routeNm": "안양판교로/관악대로", "linkId": "2060208400", "startNodeId": "2060064000", "startNodeNm": "두밀지하차도서측", "endNodeId": "2060064200", "endNodeNm": "운중교차로", "spd": "47", "vol": "0", "trvlTime": "29", "linkDelayTime": "0", "congGrade": "2" }, "geometry": { "type": "LineString", "coordinates": [ [ 127.067217585180387, 37.38949102489881 ], [ 127.0635060496638, 37.391105710531896 ] ] } },
{ "type": "Feature", "properties": { "LINK_ID": "2060208500", "ROAD_NO": "-", "ROAD_NAME": "안양판교로", "MAX_SPD": 60, "LENGTH": 387.43551772959501, "collDate": "2026-08-16 19:00:00.0", "routeId": "1050000571", "routeNm": "안양판교로/관악대로", "linkId": "2060208500", "startNodeId": "2060064200", "startNodeNm": "운중교차로", "endNodeId": "2060064000", "endNodeNm": "두밀지하차도서측", "spd": "60", "vol": "0", "trvlTime": "24", "linkDelayTime": "0", "congGrade": "1" }, "geometry": { "type": "LineString", "coordinates": [ [ 127.063290407336197, 37.39103739084532 ], [ 127.067130412035112, 37.389364501990173 ] ] } },
{ "type": "Feature", "properties": { "LINK_ID": "2060208600", "ROAD_NO": "-", "ROAD_NAME": "안양판교로", "MAX_SPD": 60, "LENGTH": 274.12441377114197, "collDate": "2026-08-16 19:00:00.0", "routeId": "1050000571", "routeNm": "안양판교로/관악대로", "linkId": "2060208600", "startNodeId": "2060058200", "startNodeNm": "서판교IC앞교차로", "endNodeId": "2060064000", "endNodeNm": "두밀지하차도서측", "spd": "44", "vol": "0", "trvlTime": "23", "linkDelayTime": "0", "congGrade": "2" }, "geometry": { "type": "LineString", "coordinates": [ [ 127.070030061848101, 37.388491442372903 ], [ 127.06971473986134, 37.388553287431932 ], [ 127.069472613676766, 37.38862305016734 ], [ 127.06927649999713, 37.388681135233256 ], [ 127.069084707633081, 37.388745464241211 ], [ 127.068897208260609, 37.388815975057959 ], [ 127.067494249264115, 37.389435730300448 ], [ 127.067217585180387, 37.38949102489881 ] ] } },
{ "type": "Feature", "properties": { "LINK_ID": "2060208700", "ROAD_NO": "-", "ROAD_NAME": "안양판교로", "MAX_SPD": 60, "LENGTH": 281.82136697919901, "collDate": "2026-08-16 19:00:00.0", "routeId": "1050000571", "routeNm": "안양판교로/관악대로", "linkId": "2060208700", "startNodeId": "2060064000", "startNodeNm": "두밀지하차도서측", "endNodeId": "2060058200", "endNodeNm": "서판교IC앞교차로", "spd": "19", "vol": "0", "trvlTime": "54", "linkDelayTime": "0", "congGrade": "3" }, "geometry": { "type": "LineString", "coordinates": [ [ 127.067130412035112, 37.389364501990173 ], [ 127.067329915824416, 37.389214014326825 ], [ 127.068701813469445, 37.388604854715254 ], [ 127.068879387596823, 37.388537836946398 ], [ 127.069059338232606, 37.388476777789556 ], [ 127.069242186922338, 37.38842147059443 ], [ 127.069427562288055, 37.388372022787479 ], [ 127.069656445673587, 37.388318433196829 ], [ 127.069963069907743, 37.388256442026396 ] ] } },
{ "type": "Feature", "properties": { "LINK_ID": "2060208800", "ROAD_NO": "-", "ROAD_NAME": "안양판교로", "MAX_SPD": 60, "LENGTH": 284.455515225493, "collDate": "2026-08-16 19:00:00.0", "routeId": "1050000571", "routeNm": "안양판교로/관악대로", "linkId": "2060208800", "startNodeId": "2060063700", "startNodeNm": "두밀지하차도동측", "endNodeId": "2060058200", "endNodeNm": "서판교IC앞교차로", "spd": "25", "vol": "0", "trvlTime": "41", "linkDelayTime": "0", "congGrade": "2" }, "geometry": { "type": "LineString", "coordinates": [ [ 127.073209446240881, 37.388162940162992 ], [ 127.072818516487686, 37.388246794656375 ], [ 127.07087282705713, 37.388387711831072 ], [ 127.070697351504236, 37.388398863408696 ], [ 127.070524738649269, 37.388416238186622 ], [ 127.0703138917698, 37.388445971358273 ], [ 127.070030061848101, 37.388491442372903 ] ] } },
{ "type": "Feature", "properties": { "LINK_ID": "2060208900", "ROAD_NO": "-", "ROAD_NAME": "안양판교로", "MAX_SPD": 40, "LENGTH": 77.683167140918997, "collDate": "2026-08-16 19:00:00.0", "routeId": "1050000571", "routeNm": "안양판교로/관악대로", "linkId": "2060208900", "startNodeId": "2060063400", "startNodeNm": "국은교", "endNodeId": "2060058000", "endNodeNm": "두밀사거리", "spd": "40", "vol": "0", "trvlTime": "5", "linkDelayTime": "0", "congGrade": "1" }, "geometry": { "type": "LineString", "coordinates": [ [ 127.075987597023797, 37.387934264633813 ], [ 127.075744503210103, 37.388007251321675 ], [ 127.075130324330715, 37.388058080494666 ] ] } },
{ "type": "Feature", "properties": { "LINK_ID": "2060209000", "ROAD_NO": "-", "ROAD_NAME": "안양판교로", "MAX_SPD": 40, "LENGTH": 163.78318930600199, "collDate": "2026-08-16 19:00:00.0", "routeId": "1050000571", "routeNm": "안양판교로/관악대로", "linkId": "2060209000", "startNodeId": "2060058000", "startNodeNm": "두밀사거리", "endNodeId": "2060063700", "endNodeNm": "두밀지하차도동측", "spd": "40", "vol": "0", "trvlTime": "10", "linkDelayTime": "0", "congGrade": "1" }, "geometry": { "type": "LineString", "coordinates": [ [ 127.075042074445918, 37.388065358502296 ], [ 127.073365073272456, 37.388203169347427 ], [ 127.073209446240881, 37.388162940162992 ] ] } },
{ "type": "Feature", "properties": { "LINK_ID": "2060281100", "ROAD_NO": "110", "ROAD_NAME": "제2경인고속도로", "MAX_SPD": 100, "LENGTH": 967.11374444217097, "collDate": "2026-08-16 19:00:00.0", "routeId": "1010001102", "routeNm": "제2경인고속도로(안양성남)", "linkId": "2060281100", "startNodeId": "2260047200", "startNodeNm": "성남시분당구-의왕시", "endNodeId": "2060097800", "endNodeNm": "청계산3터널동측", "spd": "100", "vol": "0", "trvlTime": "35", "linkDelayTime": "0", "congGrade": "1" }, "geometry": { "type": "LineString", "coordinates": [ [ 127.038114878151433, 37.398329624105749 ], [ 127.038264884703111, 37.398305391023854 ], [ 127.03857520925699, 37.398256014221936 ], [ 127.038907912654352, 37.398203983844226 ], [ 127.039229787472507, 37.398154548362371 ], [ 127.039585176956038, 37.398101014655815 ], [ 127.040074122442292, 37.398029079079954 ], [ 127.040441218161192, 37.397976419129925 ], [ 127.040908659165396, 37.397911023466122 ], [ 127.041231734822119, 37.397866878322873 ], [ 127.041582576119424, 37.397819961805318 ], [ 127.04210144043077, 37.397752465574101 ], [ 127.042447484915883, 37.397708694565246 ], [ 127.042804878819723, 37.397664549016604 ], [ 127.043140133406411, 37.397624114567051 ], [ 127.043486693391557, 37.397583301986579 ], [ 127.043811123086442, 37.397546015982606 ], [ 127.044314675009318, 37.397489848761154 ], [ 127.044673094333632, 37.397451151065006 ], [ 127.04505403522181, 37.397411197590223 ], [ 127.045457627607874, 37.39737017638268 ], [ 127.045850190647727, 37.397331571010824 ], [ 127.046242951692733, 37.39729422208449 ], [ 127.046591028367644, 37.397262191080344 ], [ 127.046961596267622, 37.397229173413592 ], [ 127.047309934490485, 37.397199171993215 ], [ 127.0476695908186, 37.397169242472252 ], [ 127.047995708695851, 37.397143021466476 ], [ 127.048321860783574, 37.39711766903325 ], [ 127.048494702597665, 37.39710470375168 ], [ 127.048659406665209, 37.397092349756178 ], [ 127.048917359613156, 37.397073629607362 ] ] } },
{ "type": "Feature", "properties": { "LINK_ID": "2060281200", "ROAD_NO": "110", "ROAD_NAME": "제2경인고속도로", "MAX_SPD": 100, "LENGTH": 965.79201765862399, "collDate": "2026-08-16 19:00:00.0", "routeId": "1010001102", "routeNm": "제2경인고속도로(안양성남)", "linkId": "2060281200", "startNodeId": "2060097800", "startNodeNm": "청계산3터널동측", "endNodeId": "2260047200", "endNodeNm": "성남시분당구-의왕시", "spd": "89", "vol": "0", "trvlTime": "40", "linkDelayTime": "0", "congGrade": "1" }, "geometry": { "type": "LineString", "coordinates": [ [ 127.048929508153407, 37.397181315401077 ], [ 127.048671887822266, 37.397200013115558 ], [ 127.048507389052972, 37.397212351726679 ], [ 127.048334773982191, 37.397225299814529 ], [ 127.048009073150169, 37.397250616959994 ], [ 127.047683415563071, 37.397276800874778 ], [ 127.047324237546462, 37.39730669060102 ], [ 127.046976388944472, 37.397336650421593 ], [ 127.046606312892024, 37.39736962379034 ], [ 127.046258736001775, 37.397401608691411 ], [ 127.045866499523854, 37.397438908810983 ], [ 127.045474480248387, 37.397477459966005 ], [ 127.045071430482793, 37.397518426061332 ], [ 127.044691014178625, 37.397558324431003 ], [ 127.044333144314308, 37.397596962507443 ], [ 127.043830166493805, 37.39765306562137 ], [ 127.043506250170523, 37.397690292921759 ], [ 127.043160157225927, 37.397731050426124 ], [ 127.042825375342488, 37.397771427996275 ], [ 127.04246846314588, 37.397815513965753 ], [ 127.042122955719236, 37.397859217267396 ], [ 127.041604682433928, 37.397926636797187 ], [ 127.041254374802037, 37.397973482012709 ], [ 127.040931802358742, 37.398017557664268 ], [ 127.040464912929892, 37.398082875741927 ], [ 127.040098402803991, 37.398135452672108 ], [ 127.039610038228275, 37.398207303456616 ], [ 127.039255168857267, 37.398260758675498 ], [ 127.038933756604507, 37.398310121991635 ], [ 127.038601497691445, 37.398362083818476 ], [ 127.038291586032258, 37.398411393879293 ], [ 127.038141775364409, 37.398435596336768 ] ] } },
{ "type": "Feature", "properties": { "LINK_ID": "2060281300", "ROAD_NO": "110", "ROAD_NAME": "제2경인고속도로", "MAX_SPD": 100, "LENGTH": 526.03825569825801, "collDate": "2026-08-16 19:00:00.0", "routeId": "1010001102", "routeNm": "제2경인고속도로(안양성남)", "linkId": "2060281300", "startNodeId": "2060097800", "startNodeNm": "청계산3터널동측", "endNodeId": "2060097900", "endNodeNm": "청계산4터널서측", "spd": "100", "vol": "0", "trvlTime": "19", "linkDelayTime": "0", "congGrade": "1" }, "geometry": { "type": "LineString", "coordinates": [ [ 127.048917359613156, 37.397073629607362 ], [ 127.049188264585439, 37.397054381735153 ], [ 127.049492075939114, 37.397031960081954 ], [ 127.049828563773872, 37.397006340572943 ], [ 127.049974190043372, 37.396991622195507 ], [ 127.050334552240486, 37.396961429280871 ], [ 127.050637648107639, 37.396935809965505 ], [ 127.050978128850616, 37.396905726318231 ], [ 127.051111843905844, 37.396888282479154 ], [ 127.051439851294262, 37.396862471033437 ], [ 127.051755247252302, 37.396840208818119 ], [ 127.052071185364824, 37.396821582046762 ], [ 127.052372702890935, 37.396806431555163 ], [ 127.052496014585188, 37.396796398959239 ], [ 127.052858207867075, 37.396777620694664 ], [ 127.053195032289779, 37.396760093443035 ], [ 127.053689386017979, 37.396729473145101 ], [ 127.053991918109617, 37.396706427815992 ], [ 127.054316537183496, 37.396677993370055 ], [ 127.054640660862603, 37.396645762256902 ], [ 127.054829989578266, 37.396624697151644 ] ] } },
{ "type": "Feature", "properties": { "LINK_ID": "2060281400", "ROAD_NO": "110", "ROAD_NAME": "제2경인고속도로", "MAX_SPD": 100, "LENGTH": 523.78592750896598, "collDate": "2026-08-16 19:00:00.0", "routeId": "1010001102", "routeNm": "제2경인고속도로(안양성남)", "linkId": "2060281400", "startNodeId": "2060097900", "startNodeNm": "청계산4터널서측", "endNodeId": "2060097800", "endNodeNm": "청계산3터널동측", "spd": "86", "vol": "0", "trvlTime": "22", "linkDelayTime": "0", "congGrade": "1" }, "geometry": { "type": "LineString", "coordinates": [ [ 127.060704440736103, 37.396179112966863 ], [ 127.06051058147645, 37.396169168470877 ], [ 127.060252588475294, 37.396162112760912 ], [ 127.059992759150319, 37.396159213833542 ], [ 127.059881480701961, 37.396155556226311 ], [ 127.059624542091555, 37.396159259516203 ], [ 127.059355393590764, 37.396167887055697 ], [ 127.059086622891954, 37.396181679352146 ], [ 127.058818241037585, 37.396200385918547 ], [ 127.058560344066521, 37.396222344778799 ], [ 127.058427067303001, 37.3962318119695 ], [ 127.058149929729197, 37.396262680634955 ], [ 127.057838761586936, 37.396302291697921 ], [ 127.057550347886036, 37.396341592631344 ], [ 127.057240084396057, 37.39638657357051 ], [ 127.055899580829177, 37.39659442106273 ], [ 127.05560993602613, 37.396636447940161 ], [ 127.055308331172114, 37.39667694165847 ], [ 127.054994902635372, 37.396715517326442 ], [ 127.054848707953809, 37.396731783590738 ] ] } },
{ "type": "Feature", "properties": { "LINK_ID": "2060358100", "ROAD_NO": "61", "ROAD_NAME": "분당수서로", "MAX_SPD": 80, "LENGTH": 739.10145874359, "collDate": "2026-08-16 19:00:00.0", "routeId": "1020000651", "routeNm": "분당수서로", "linkId": "2060358100", "startNodeId": "2060109000", "startNodeNm": "성남시분당구-용인시수", "endNodeId": "2060077900", "endNodeNm": "구미동197-14", "spd": "75", "vol": "0", "trvlTime": "36", "linkDelayTime": "0", "congGrade": "1" }, "geometry": { "type": "LineString", "coordinates": [ [ 127.103963417241502, 37.338459087278999 ], [ 127.103964950373694, 37.33866693827634 ], [ 127.103968252545002, 37.341326106091678 ], [ 127.103961655651872, 37.342896583498643 ], [ 127.103974512243923, 37.343667876128471 ], [ 127.103983520847152, 37.344106142515592 ], [ 127.103996548467478, 37.345118413914477 ] ] } },
{ "type": "Feature", "properties": { "LINK_ID": "2060358200", "ROAD_NO": "61", "ROAD_NAME": "분당수서로", "MAX_SPD": 80, "LENGTH": 738.68379208759495, "collDate": "2026-08-16 19:00:00.0", "routeId": "1020000651", "routeNm": "분당수서로", "linkId": "2060358200", "startNodeId": "2060077900", "startNodeNm": "구미동197-14", "endNodeId": "2060109000", "endNodeNm": "성남시분당구-용인시수", "spd": "80", "vol": "0", "trvlTime": "33", "linkDelayTime": "0", "congGrade": "1" }, "geometry": { "type": "LineString", "coordinates": [ [ 127.103818275582285, 37.345115060675191 ], [ 127.103848064336063, 37.344105614557733 ], [ 127.103839101215428, 37.343669482658974 ], [ 127.103826228737248, 37.342897121406473 ], [ 127.103832830919288, 37.341325978139594 ], [ 127.10382953421086, 37.338667310384459 ], [ 127.103828003945495, 37.338459723777476 ] ] } },
{ "type": "Feature", "properties": { "LINK_ID": "2060358300", "ROAD_NO": "1", "ROAD_NAME": "경부고속도로", "MAX_SPD": 110, "LENGTH": 401.56367090859902, "collDate": "2026-08-16 19:00:00.0", "routeId": "1010000011", "routeNm": "경부고속도로", "linkId": "2060358300", "startNodeId": "2450041200", "startNodeNm": "성남시분당구-용인시수", "endNodeId": "2060002901", "endNodeNm": "서울TG", "spd": "73", "vol": "0", "trvlTime": "20", "linkDelayTime": "0", "congGrade": "2" }, "geometry": { "type": "LineString", "coordinates": [ [ 127.103567097577425, 37.339497607861801 ], [ 127.103549891183732, 37.340849024409017 ], [ 127.103525295733675, 37.343115659861802 ] ] } },
{ "type": "Feature", "properties": { "LINK_ID": "2060358400", "ROAD_NO": "1", "ROAD_NAME": "경부고속도로", "MAX_SPD": 110, "LENGTH": 797.24068217753495, "collDate": "2026-08-16 19:00:00.0", "routeId": "1010000011", "routeNm": "경부고속도로", "linkId": "2060358400", "startNodeId": "2060002901", "startNodeNm": "서울TG", "endNodeId": "2450041200", "endNodeNm": "성남시분당구-용인시수", "spd": "93", "vol": "0", "trvlTime": "31", "linkDelayTime": "0", "congGrade": "1" }, "geometry": { "type": "LineString", "coordinates": [ [ 127.103189392255842, 37.364663772701249 ], [ 127.10319111116678, 37.361290118937603 ], [ 127.103214599688584, 37.357480469876286 ] ] } },
{ "type": "Feature", "properties": { "LINK_ID": "2060358500", "ROAD_NO": "100", "ROAD_NAME": "수도권제1순환고속도로", "MAX_SPD": 100, "LENGTH": 852.91960728260995, "collDate": "2026-08-16 19:00:00.0", "routeId": "1010001001", "routeNm": "수도권 제1순환고속도로", "linkId": "2060358500", "startNodeId": "2260055400", "startNodeNm": "성남시분당구-의왕시", "endNodeId": "2060108900", "endNodeNm": "성남시수정구-성남시분", "spd": "94", "vol": "0", "trvlTime": "33", "linkDelayTime": "0", "congGrade": "1" }, "geometry": { "type": "LineString", "coordinates": [ [ 127.038341407468465, 37.394411687080385 ], [ 127.040669516783737, 37.394702119117177 ], [ 127.042848673814916, 37.394973931275693 ], [ 127.045400298611909, 37.39540102498588 ], [ 127.045600454233636, 37.395438493556505 ], [ 127.045798485834496, 37.395476024781225 ], [ 127.045994798457102, 37.39551299320388 ], [ 127.04619042351213, 37.39554811897893 ], [ 127.046385204911957, 37.395582869034833 ], [ 127.046578486274313, 37.395618680764422 ], [ 127.046770299150211, 37.395655431623581 ], [ 127.046961235834132, 37.395690338127267 ], [ 127.047151860687251, 37.39572474437955 ], [ 127.047341672932092, 37.395759681351549 ], [ 127.047532017429106, 37.395793086968325 ], [ 127.047721142281432, 37.395828056043797 ], [ 127.047800193451394, 37.395842785308865 ] ] } },
{ "type": "Feature", "properties": { "LINK_ID": "2060358600", "ROAD_NO": "100", "ROAD_NAME": "수도권제1순환고속도로", "MAX_SPD": 100, "LENGTH": 840.91832362893399, "collDate": "2026-08-16 19:00:00.0", "routeId": "1010001001", "routeNm": "수도권 제1순환고속도로", "linkId": "2060358600", "startNodeId": "2060108900", "startNodeNm": "성남시수정구-성남시분", "endNodeId": "2260055400", "endNodeNm": "성남시분당구-의왕시", "spd": "93", "vol": "0", "trvlTime": "33", "linkDelayTime": "0", "congGrade": "1" }, "geometry": { "type": "LineString", "coordinates": [ [ 127.076194457924913, 37.395973884576691 ], [ 127.076150892715702, 37.395955399414682 ], [ 127.075772705059165, 37.395797618450075 ], [ 127.075267141463129, 37.395627712174871 ], [ 127.074873204310151, 37.395497118573402 ], [ 127.074389080173376, 37.39539896225309 ], [ 127.074189829766112, 37.395353619163679 ], [ 127.073987453986732, 37.39531552461299 ], [ 127.073769392604561, 37.395267525557848 ], [ 127.07357457944228, 37.395233149505266 ], [ 127.073369767223326, 37.395197369236698 ], [ 127.073173454633562, 37.395161774370351 ], [ 127.072983016579826, 37.395143275146879 ], [ 127.072778954154955, 37.395118556139096 ], [ 127.072592236234158, 37.395098837616686 ], [ 127.072386953866669, 37.395074743990293 ], [ 127.072197048071786, 37.39505971210933 ], [ 127.072023922875928, 37.395049400068991 ], [ 127.071817078802638, 37.395045243317504 ], [ 127.07162801724877, 37.395042555812985 ], [ 127.071429767468132, 37.395038556262683 ], [ 127.071248329974821, 37.395033493857589 ], [ 127.07105373581534, 37.395028275094461 ], [ 127.070879829906687, 37.395029337250612 ], [ 127.07069073569005, 37.395027868250835 ], [ 127.070516798193751, 37.395032587140221 ], [ 127.070330923705683, 37.395037211959696 ], [ 127.070144798486865, 37.39504183753678 ], [ 127.069960172978057, 37.395046462834628 ], [ 127.069780141538175, 37.395052337553849 ], [ 127.069586954617691, 37.39506061916304 ], [ 127.06916104834562, 37.395090118911057 ], [ 127.068642297722803, 37.395117837477308 ], [ 127.068440892364563, 37.395124774956749 ], [ 127.068276017196126, 37.395136869179723 ], [ 127.068079142524795, 37.395146243394471 ], [ 127.067881297860851, 37.395155774616107 ], [ 127.067690516953121, 37.39516521226215 ], [ 127.067507361180176, 37.395175931005838 ], [ 127.067312048226611, 37.395184118207943 ], [ 127.06711895435366, 37.395198649725714 ], [ 127.066926611300673, 37.395210525191423 ], [ 127.06689666991295, 37.395212654146547 ] ] } },
{ "type": "Feature", "properties": { "LINK_ID": "2060358700", "ROAD_NO": "110", "ROAD_NAME": "제2경인고속도로", "MAX_SPD": 100, "LENGTH": 953.20974513491694, "collDate": "2026-08-16 19:00:00.0", "routeId": "1010001102", "routeNm": "제2경인고속도로(안양성남)", "linkId": "2060358700", "startNodeId": "2060097900", "startNodeNm": "청계산4터널서측", "endNodeId": "2040133900", "endNodeNm": "청계산4터널동측", "spd": "100", "vol": "0", "trvlTime": "34", "linkDelayTime": "0", "congGrade": "1" }, "geometry": { "type": "LineString", "coordinates": [ [ 127.060711081613007, 37.396071140214772 ], [ 127.060768802602354, 37.39607265193807 ], [ 127.061162329374625, 37.396104000127309 ], [ 127.061432754754662, 37.396130015706468 ], [ 127.061714325359333, 37.396162480672338 ], [ 127.062104400046664, 37.396220511289229 ], [ 127.062393172304752, 37.396268425181859 ], [ 127.062647691480905, 37.396315524878005 ], [ 127.062912440717014, 37.396369627632161 ], [ 127.063292407144786, 37.396460733512285 ], [ 127.0635624939124, 37.396530055616466 ], [ 127.063820109448415, 37.396601545385607 ], [ 127.064065237803078, 37.396675055142246 ], [ 127.064420851432871, 37.396793495868792 ], [ 127.064660398887696, 37.396876486177774 ], [ 127.064887675444439, 37.396959531389591 ], [ 127.065123374427074, 37.397049544531868 ], [ 127.065467722800335, 37.397187409827346 ], [ 127.06571944944973, 37.397291241783059 ], [ 127.065960187251889, 37.397392710545198 ], [ 127.066089671451422, 37.397449927003187 ], [ 127.066227880084085, 37.397512249027308 ], [ 127.066355583499544, 37.397570519484425 ], [ 127.066481785779004, 37.397628314907571 ], [ 127.067692903695217, 37.398133007163871 ], [ 127.067821400374882, 37.398191856735657 ], [ 127.067948726749478, 37.398250170731856 ], [ 127.068065603485181, 37.398303698973578 ], [ 127.068302896714584, 37.398406824610468 ], [ 127.068530917101469, 37.398505963618611 ], [ 127.068768927522839, 37.398608975272836 ], [ 127.068987370159647, 37.398702345221395 ], [ 127.069217137329957, 37.39879791383656 ], [ 127.069447622945759, 37.398891802978632 ], [ 127.06967994058293, 37.398982818133916 ], [ 127.069893115432421, 37.399063676121649 ], [ 127.070097468591186, 37.399137857880376 ], [ 127.070300329687399, 37.39920540054559 ], [ 127.070374101330302, 37.399231367346836 ], [ 127.070589756001894, 37.399301944862934 ] ] } },
{ "type": "Feature", "properties": { "LINK_ID": "2060358800", "ROAD_NO": "110", "ROAD_NAME": "제2경인고속도로", "MAX_SPD": 100, "LENGTH": 949.21098154394997, "collDate": "2026-08-16 19:00:00.0", "routeId": "1010001102", "routeNm": "제2경인고속도로(안양성남)", "linkId": "2060358800", "startNodeId": "2040133900", "startNodeNm": "청계산4터널동측", "endNodeId": "2060097900", "endNodeNm": "청계산4터널서측", "spd": "88", "vol": "0", "trvlTime": "39", "linkDelayTime": "0", "congGrade": "1" }, "geometry": { "type": "LineString", "coordinates": [ [ 127.070539229194083, 37.399402254375239 ], [ 127.070321020823499, 37.399330861771077 ], [ 127.070246872893065, 37.399304761809596 ], [ 127.070043293069133, 37.399236980708984 ], [ 127.069835951480158, 37.399161713991241 ], [ 127.069620973294619, 37.399080172187453 ], [ 127.06938693589575, 37.398988483062062 ], [ 127.069154994879355, 37.398894000881427 ], [ 127.068924041200447, 37.398797939079039 ], [ 127.068704613167455, 37.398704147909619 ], [ 127.068466179981939, 37.398600953465127 ], [ 127.068238067876536, 37.398501773840792 ], [ 127.067999445778028, 37.398398070383941 ], [ 127.067881256076276, 37.398343940949111 ], [ 127.067753928465748, 37.398285626881943 ], [ 127.067627771555607, 37.398227848115262 ], [ 127.066416654808336, 37.397723157001792 ], [ 127.066288209741714, 37.397664333800762 ], [ 127.0661608971335, 37.397606242356481 ], [ 127.066023497321211, 37.397544284717263 ], [ 127.065895697527637, 37.397487812394004 ], [ 127.065656675625235, 37.397387066970929 ], [ 127.065406208418935, 37.397283754076234 ], [ 127.065063721527864, 37.397146633625702 ], [ 127.064830199281545, 37.397057452617773 ], [ 127.064605188671948, 37.396975235899937 ], [ 127.064367754594102, 37.396892977761873 ], [ 127.064015276522426, 37.396775581266603 ], [ 127.063774001053346, 37.396703226241769 ], [ 127.063519475814033, 37.396632594288299 ], [ 127.063252149420322, 37.396563980615852 ], [ 127.06287611001666, 37.396473815889877 ], [ 127.062615563421033, 37.396420572206949 ], [ 127.062364061961631, 37.396374031286655 ], [ 127.062078179684406, 37.396326596952413 ], [ 127.061692204455326, 37.396269175905402 ], [ 127.061414949056754, 37.396237208713565 ], [ 127.061147484644977, 37.396211478088105 ], [ 127.060759825715181, 37.396180597168708 ], [ 127.060704440736103, 37.396179112966863 ] ] } },
{ "type": "Feature", "properties": { "LINK_ID": "2060360700", "ROAD_NO": "100", "ROAD_NAME": "수도권제1순환고속도로", "MAX_SPD": 100, "LENGTH": 772.53414430571797, "collDate": "2026-08-16 19:00:00.0", "routeId": "1010001001", "routeNm": "수도권 제1순환고속도로", "linkId": "2060360700", "startNodeId": "2040000200", "startNodeNm": "판교JC", "endNodeId": "2040153200", "endNodeNm": "성남시수정구-성남시분", "spd": "83", "vol": "0", "trvlTime": "34", "linkDelayTime": "0", "congGrade": "1" }, "geometry": { "type": "LineString", "coordinates": [ [ 127.098133236678052, 37.406830505150339 ], [ 127.099506298331562, 37.407162399928858 ], [ 127.099909391833734, 37.407259525127941 ], [ 127.100384392699212, 37.407398118632067 ], [ 127.100730017676682, 37.407453431125084 ], [ 127.101550642207755, 37.407521056186098 ], [ 127.101946861467354, 37.40753474319078 ], [ 127.103553266716716, 37.407569462743503 ], [ 127.104623892128629, 37.407600650576967 ], [ 127.105667767344485, 37.407593336729981 ], [ 127.106196517075574, 37.407598993534862 ], [ 127.106579047933366, 37.407603087755291 ], [ 127.106735548629828, 37.407604759167135 ] ] } },
{ "type": "Feature", "properties": { "LINK_ID": "2060360800", "ROAD_NO": "100", "ROAD_NAME": "수도권제1순환고속도로", "MAX_SPD": 100, "LENGTH": 776.74380571094503, "collDate": "2026-08-16 19:00:00.0", "routeId": "1010001001", "routeNm": "수도권 제1순환고속도로", "linkId": "2060360800", "startNodeId": "2040153200", "startNodeNm": "성남시수정구-성남시분", "endNodeId": "2040000200", "endNodeNm": "판교JC", "spd": "84", "vol": "0", "trvlTime": "34", "linkDelayTime": "0", "congGrade": "1" }, "geometry": { "type": "LineString", "coordinates": [ [ 127.106733919329344, 37.40770159576708 ], [ 127.106395611491379, 37.407697962765184 ], [ 127.106087861431988, 37.407694681173126 ], [ 127.105667674068314, 37.407690181128451 ], [ 127.104623798680933, 37.40769752561016 ], [ 127.103553173019918, 37.407666337777442 ], [ 127.101946767961124, 37.407631618225153 ], [ 127.101550517693468, 37.407617930346305 ], [ 127.100729923732985, 37.40755030616117 ], [ 127.10034804816847, 37.4074891813272 ], [ 127.099962891332396, 37.407450494329872 ], [ 127.099573986161161, 37.407356400113088 ], [ 127.098062872335007, 37.406990779844527 ] ] } },
{ "type": "Feature", "properties": { "LINK_ID": "2060365601", "ROAD_NO": "11", "ROAD_NAME": "분당내곡로", "MAX_SPD": 50, "LENGTH": 49.673340087854001, "collDate": "2026-08-16 19:00:00.0", "routeId": "1020000501", "routeNm": "분당내곡로", "linkId": "2060365601", "startNodeId": "2060111001", "startNodeNm": "수내사거리", "endNodeId": "2060035500", "endNodeNm": "수내사거리", "spd": "50", "vol": "0", "trvlTime": "3", "linkDelayTime": "0", "congGrade": "1" }, "geometry": { "type": "LineString", "coordinates": [ [ 127.113596222455357, 37.384432709823344 ], [ 127.113895421195608, 37.38405413896573 ] ] } },
{ "type": "Feature", "properties": { "LINK_ID": "2060365701", "ROAD_NO": "11", "ROAD_NAME": "분당내곡로", "MAX_SPD": 80, "LENGTH": 45.142909813511999, "collDate": "2026-08-16 19:00:00.0", "routeId": "1020000501", "routeNm": "분당내곡로", "linkId": "2060365701", "startNodeId": "2060035500", "startNodeNm": "수내사거리", "endNodeId": "2060111001", "endNodeNm": "수내사거리", "spd": "34", "vol": "0", "trvlTime": "5", "linkDelayTime": "0", "congGrade": "2" }, "geometry": { "type": "LineString", "coordinates": [ [ 127.113968727384432, 37.384137950115722 ], [ 127.113687366410517, 37.384477120690995 ] ] } },
{ "type": "Feature", "properties": { "LINK_ID": "2060365801", "ROAD_NO": "11", "ROAD_NAME": "분당내곡로", "MAX_SPD": 80, "LENGTH": 98.998148435275994, "collDate": "2026-08-16 19:00:00.0", "routeId": "1020000501", "routeNm": "분당내곡로", "linkId": "2060365801", "startNodeId": "2060035501", "startNodeNm": "백현동541-1", "endNodeId": "2060111001", "endNodeNm": "수내사거리", "spd": "60", "vol": "0", "trvlTime": "6", "linkDelayTime": "0", "congGrade": "2" }, "geometry": { "type": "LineString", "coordinates": [ [ 127.113127394798056, 37.385239890427272 ], [ 127.11321226584657, 37.385041300502117 ], [ 127.113397524876788, 37.384710649300217 ], [ 127.113596222455357, 37.384432709823344 ] ] } },
{ "type": "Feature", "properties": { "LINK_ID": "2060365901", "ROAD_NO": "11", "ROAD_NAME": "분당내곡로", "MAX_SPD": 80, "LENGTH": 97.145778172796994, "collDate": "2026-08-16 19:00:00.0", "routeId": "1020000501", "routeNm": "분당내곡로", "linkId": "2060365901", "startNodeId": "2060111001", "startNodeNm": "수내사거리", "endNodeId": "2060035501", "endNodeNm": "백현동541-1", "spd": "34", "vol": "0", "trvlTime": "11", "linkDelayTime": "0", "congGrade": "2" }, "geometry": { "type": "LineString", "coordinates": [ [ 127.113687366410517, 37.384477120690995 ], [ 127.113570134717733, 37.38464360971313 ], [ 127.113467627328689, 37.384807776340161 ], [ 127.113360732728609, 37.385001224027619 ], [ 127.11323086101585, 37.385271541900714 ] ] } },
{ "type": "Feature", "properties": { "LINK_ID": "2260113100", "ROAD_NO": "110", "ROAD_NAME": "제2경인고속도로", "MAX_SPD": 100, "LENGTH": 927.57899041814596, "collDate": "2026-08-16 19:00:00.0", "routeId": "1010001102", "routeNm": "제2경인고속도로(안양성남)", "linkId": "2260113100", "startNodeId": "2260047200", "startNodeNm": "성남시분당구-의왕시", "endNodeId": "2260047100", "endNodeNm": "청계산3터널서측", "spd": "89", "vol": "0", "trvlTime": "38", "linkDelayTime": "0", "congGrade": "1" }, "geometry": { "type": "LineString", "coordinates": [ [ 127.038141775364409, 37.398435596336768 ], [ 127.038026156548952, 37.398454274458182 ], [ 127.03776085467706, 37.398497743668372 ], [ 127.037473601942835, 37.39854550179728 ], [ 127.03720859028499, 37.398590198669282 ], [ 127.0370871784569, 37.398610881018577 ], [ 127.036789287891963, 37.398662136784061 ], [ 127.036502674250485, 37.39871218905833 ], [ 127.03622722347221, 37.398760975787837 ], [ 127.03611710774706, 37.398780669763646 ], [ 127.035830880214064, 37.39883232140609 ], [ 127.035544889774698, 37.398884646248113 ], [ 127.03525909464544, 37.398937666829461 ], [ 127.035138226998299, 37.39896031664739 ], [ 127.034862622346509, 37.399012374554303 ], [ 127.034577106375266, 37.399065479001102 ], [ 127.0342899030193, 37.399116784808477 ], [ 127.034002229675195, 37.399166089785339 ], [ 127.033703079096497, 37.399215175682649 ], [ 127.033581004054767, 37.399234617516591 ], [ 127.033280957152471, 37.399280749051627 ], [ 127.032969315372839, 37.399326247838374 ], [ 127.032846710442811, 37.399343472548857 ], [ 127.032534397055002, 37.399385821305508 ], [ 127.032221412580682, 37.399425809644676 ], [ 127.031930562710798, 37.39946081664057 ], [ 127.031818571723562, 37.399473762972235 ], [ 127.031538332665477, 37.399504855714262 ], [ 127.031257757155899, 37.399534040418516 ], [ 127.030954518123366, 37.399563389872895 ], [ 127.030842052575267, 37.399573828762087 ], [ 127.030515848992522, 37.39960212798298 ], [ 127.030369516980784, 37.399613933898337 ], [ 127.030020297651873, 37.399640332000779 ], [ 127.029704493482839, 37.399661612791604 ], [ 127.029399818050706, 37.39967983911388 ], [ 127.02926438713007, 37.39968730974055 ], [ 127.028930915951989, 37.399703779579909 ], [ 127.028806591659063, 37.399709139475092 ], [ 127.028473487128977, 37.399722080436185 ], [ 127.028179440933329, 37.399731208846632 ], [ 127.028055035563213, 37.399734445164462 ], [ 127.027816484176043, 37.399739505702087 ] ] } },
{ "type": "Feature", "properties": { "LINK_ID": "2279000100", "ROAD_NO": "29", "ROAD_NAME": "세종포천고속도로", "MAX_SPD": 100, "LENGTH": 503.68779533413601, "collDate": "2026-08-16 19:00:00.0", "routeId": "1010002901", "routeNm": "세종포천고속도로", "linkId": "2279000100", "startNodeId": "2279000100", "startNodeNm": "하남시-성남시수정구", "endNodeId": "2049000100", "endNodeNm": "성남시수정구-성남시", "spd": "95", "vol": "0", "trvlTime": "20", "linkDelayTime": "0", "congGrade": "1" }, "geometry": { "type": "LineString", "coordinates": [ [ 127.171566871452711, 37.470202822877667 ], [ 127.171591957951662, 37.470153678792087 ], [ 127.171634848770665, 37.47007057676786 ], [ 127.171678052413228, 37.469987526518914 ], [ 127.17172153909884, 37.4699045729635 ], [ 127.171765308578372, 37.469821716598545 ], [ 127.171809357842506, 37.469738954066862 ], [ 127.171853700509772, 37.469656298979089 ], [ 127.171898327616645, 37.46957372900976 ], [ 127.171943234480239, 37.46949126184942 ], [ 127.171988436387878, 37.469408890110302 ], [ 127.172033909129979, 37.469326616854346 ], [ 127.172079672841747, 37.469244446399429 ], [ 127.172125720349925, 37.469162380404043 ], [ 127.172172050728875, 37.469080411521901 ], [ 127.172218662448032, 37.468998542459168 ], [ 127.172265556290768, 37.468916780854698 ], [ 127.172312742082397, 37.468835100673118 ], [ 127.172642686460605, 37.468279806159721 ], [ 127.172692103918891, 37.468198890207844 ], [ 127.172741763458646, 37.468118165727063 ], [ 127.172791682566185, 37.468037548726848 ], [ 127.172841892378187, 37.46795704348812 ], [ 127.17289237484492, 37.467876651825968 ], [ 127.17294313942331, 37.46779636762097 ], [ 127.172994174856598, 37.467716199875561 ], [ 127.173045492405336, 37.467636139578438 ], [ 127.173097080812894, 37.467556195732016 ], [ 127.173148951339741, 37.467476359325318 ], [ 127.173201091754621, 37.467396640851007 ], [ 127.173253516149316, 37.467317036000146 ], [ 127.173306200112535, 37.467237547636763 ], [ 127.17335916246482, 37.467158181328017 ], [ 127.173412410699086, 37.467078925844177 ], [ 127.173465919534607, 37.466999785316233 ], [ 127.173519706540986, 37.466920758039464 ], [ 127.17357376821964, 37.466841859657244 ], [ 127.173628088592082, 37.466763070010877 ], [ 127.173682688147764, 37.466684410070549 ], [ 127.173737561541941, 37.466605862282151 ], [ 127.173792703623718, 37.46652743402533 ], [ 127.173848117673245, 37.466449138662782 ], [ 127.173903823991353, 37.46637092065076 ], [ 127.174074545385821, 37.466132402146293 ] ] } },
{ "type": "Feature", "properties": { "LINK_ID": "2279000200", "ROAD_NO": "29", "ROAD_NAME": "세종포천고속도로", "MAX_SPD": 100, "LENGTH": 363.52943908218401, "collDate": "2026-08-16 19:00:00.0", "routeId": "1010002901", "routeNm": "세종포천고속도로", "linkId": "2279000200", "startNodeId": "2279000200", "startNodeNm": "-", "endNodeId": "2279000100", "endNodeNm": "하남시-성남시수정구", "spd": "95", "vol": "0", "trvlTime": "14", "linkDelayTime": "0", "congGrade": "1" }, "geometry": { "type": "LineString", "coordinates": [ [ 127.170207862077874, 37.473292543588514 ], [ 127.170262755729382, 37.473145617651134 ], [ 127.170590207821888, 37.472316726676752 ], [ 127.170650835799236, 37.472171233233681 ], [ 127.170712321050573, 37.472025972919724 ], [ 127.170774664652782, 37.471880943198286 ], [ 127.170837854526908, 37.471736145962424 ], [ 127.170901901658254, 37.471591581849609 ], [ 127.170966795302164, 37.471447258691576 ], [ 127.171032535233522, 37.471303186020968 ], [ 127.171099121113912, 37.471159355523831 ], [ 127.171166552096565, 37.471015787039725 ], [ 127.171234842719514, 37.470872464597967 ], [ 127.171303957621831, 37.470729391509693 ], [ 127.171373916334502, 37.470586582978306 ], [ 127.171444721883844, 37.470444041792298 ], [ 127.171516362287662, 37.470301769383703 ], [ 127.171566871452711, 37.470202822877667 ] ] } },
{ "type": "Feature", "properties": { "LINK_ID": "2340607700", "ROAD_NO": "3", "ROAD_NAME": "성남이천로", "MAX_SPD": 70, "LENGTH": 293.98082047715798, "collDate": "2026-08-16 19:00:00.0", "routeId": "1030000031", "routeNm": "국도 3호선(이천~서울)", "linkId": "2340607700", "startNodeId": "2050079300", "startNodeNm": "성남시중원구-광주시", "endNodeId": "2340108200", "endNodeNm": "중원터널", "spd": "70", "vol": "0", "trvlTime": "13", "linkDelayTime": "0", "congGrade": "1" }, "geometry": { "type": "LineString", "coordinates": [ [ 127.17689371914652, 37.409263263518554 ], [ 127.178008598387692, 37.40880030820675 ], [ 127.179487131701762, 37.408178546704399 ], [ 127.179834122604689, 37.408032599655499 ] ] } },
{ "type": "Feature", "properties": { "LINK_ID": "2349008900", "ROAD_NO": "29", "ROAD_NAME": "세종포천고속도로", "MAX_SPD": 100, "LENGTH": 768.81293568451702, "collDate": "2026-08-16 19:00:00.0", "routeId": "1010002901", "routeNm": "세종포천고속도로", "linkId": "2349008900", "startNodeId": "2349009200", "startNodeNm": "성남시중원구-광주시", "endNodeId": "2059000300", "endNodeNm": "갈현터널북측", "spd": "92", "vol": "0", "trvlTime": "31", "linkDelayTime": "0", "congGrade": "1" }, "geometry": { "type": "LineString", "coordinates": [ [ 127.192236106822321, 37.422708519168232 ], [ 127.192233867978331, 37.422721312368061 ], [ 127.192165927646414, 37.423103521849967 ], [ 127.192079263162327, 37.423583626156777 ], [ 127.19199136197382, 37.424063395289465 ], [ 127.191885297500235, 37.424634243789541 ], [ 127.191745003609753, 37.425378172114421 ], [ 127.191559392589866, 37.426347042269441 ], [ 127.191267586962326, 37.427846857260064 ], [ 127.191156003376449, 37.428428317076381 ], [ 127.190933273528572, 37.429557193802438 ] ] } },
{ "type": "Feature", "properties": { "LINK_ID": "2450121500", "ROAD_NO": "1", "ROAD_NAME": "경부고속도로", "MAX_SPD": 110, "LENGTH": 431.81467104035801, "collDate": "2026-08-16 19:00:00.0", "routeId": "1010000011", "routeNm": "경부고속도로", "linkId": "2450121500", "startNodeId": "2450041600", "startNodeNm": "죽전휴게소", "endNodeId": "2450041200", "endNodeNm": "성남시분당구-용인시수", "spd": "81", "vol": "0", "trvlTime": "20", "linkDelayTime": "0", "congGrade": "2" }, "geometry": { "type": "LineString", "coordinates": [ [ 127.103616261632567, 37.335607026133161 ], [ 127.103573080208079, 37.339028337458672 ], [ 127.103573047842175, 37.339030243166142 ], [ 127.103567097577425, 37.339497607861801 ] ] } },
{ "type": "Feature", "properties": { "LINK_ID": "2450124200", "ROAD_NO": "61", "ROAD_NAME": "분당수서로", "MAX_SPD": 80, "LENGTH": 253.11471550965501, "collDate": "2026-08-16 19:00:00.0", "routeId": "1020000651", "routeNm": "분당수서로", "linkId": "2450124200", "startNodeId": "2450041700", "startNodeNm": "죽전지하차도", "endNodeId": "2060109000", "endNodeNm": "성남시분당구-용인시수", "spd": "74", "vol": "0", "trvlTime": "13", "linkDelayTime": "0", "congGrade": "1" }, "geometry": { "type": "LineString", "coordinates": [ [ 127.103946600184798, 37.336178487185315 ], [ 127.103963417241502, 37.338459087278999 ] ] } },
{ "type": "Feature", "properties": { "LINK_ID": "2450127600", "ROAD_NO": "23", "ROAD_NAME": "대왕판교로", "MAX_SPD": 60, "LENGTH": 95.296964825493006, "collDate": "2026-08-16 19:00:00.0", "routeId": "1050000234", "routeNm": "밤고개로/대왕판교로/신수로", "linkId": "2450127600", "startNodeId": "2450040400", "startNodeNm": "만당주유소삼거리", "endNodeId": "2450040300", "endNodeNm": "성남시분당구-용인시수", "spd": "60", "vol": "0", "trvlTime": "6", "linkDelayTime": "0", "congGrade": "1" }, "geometry": { "type": "LineString", "coordinates": [ [ 127.102780494348792, 37.339123898915055 ], [ 127.102769110861473, 37.339982504784899 ] ] } }
]
}
